{
    "type": "FeatureCollection",
    "name": "subwaylines2",
    "crs": { "type": "name", "properties": { "name": "urn:ogc:def:crs:OGC:1.3:CRS84" } },
    "features": [
    { "type": "Feature", "properties": { "Division": "IRT", "Line": "7th Ave-Bway", "route_id": "1", "color": "#EE352E" }, "geometry": { "type": "MultiLineString", "coordinates": [ [ [ -74.015047, 40.703577000932953 ], [ -74.015028, 40.703214000932974 ], [ -74.014889, 40.702506000932928 ], [ -74.014722, 40.702077000932931 ], [ -74.014568, 40.701833000932993 ], [ -74.014414, 40.701622000932964 ], [ -74.0143, 40.701516000932941 ], [ -74.014167, 40.701416000932959 ], [ -74.014048, 40.701364000932969 ], [ -74.013926, 40.701325000932954 ], [ -74.013781, 40.701304000932957 ], [ -74.013629, 40.701296000932992 ], [ -74.013518, 40.70130500093294 ], [ -74.013401, 40.701325000932954 ], [ -74.013295, 40.701363000932986 ], [ -74.013205, 40.701411000932957 ], [ -74.013133, 40.70148200093297 ], [ -74.013091, 40.701557000932944 ], [ -74.013075, 40.701606000932919 ], [ -74.013066, 40.701657000932968 ], [ -74.013064, 40.701721000932977 ], [ -74.01307, 40.701780000932935 ], [ -74.013098, 40.701865000932969 ], [ -74.013146, 40.701946000932978 ], [ -74.013236, 40.702074000932946 ], [ -74.013369, 40.702189000932947 ], [ -74.013494, 40.702290000932962 ], [ -74.013628, 40.702365000932957 ], [ -74.013735, 40.702432000932944 ], [ -74.013895, 40.702527000932946 ], [ -74.014095, 40.702676000932939 ], [ -74.014337, 40.702864000932912 ], [ -74.014591, 40.703079000932995 ], [ -74.014832, 40.703326000932989 ], [ -74.015047, 40.703577000932953 ] ], [ [ -74.015047, 40.703577000932953 ], [ -74.015047, 40.703838000932983 ], [ -74.01501, 40.704295000932973 ], [ -74.015003, 40.70435800093297 ], [ -74.014996, 40.704421000932946 ], [ -74.014988, 40.704483000932967 ], [ -74.014979, 40.704544000932984 ], [ -74.014968, 40.704605000933 ], [ -74.014957, 40.704665000932977 ], [ -74.014944, 40.70472400093297 ], [ -74.01493, 40.704782000933008 ], [ -74.014915, 40.704839000932964 ], [ -74.014899, 40.704896000932997 ], [ -74.014881, 40.704952000932984 ], [ -74.014863, 40.705007000933008 ], [ -74.014843, 40.705061000932972 ], [ -74.014822, 40.70511400093293 ], [ -74.0148, 40.705167000932988 ], [ -74.013783, 40.707513000932991 ], [ -74.013471, 40.708242000932984 ], [ -74.012648, 40.710132000932994 ], [ -74.012529, 40.710500000932981 ], [ -74.012375, 40.711112000933021 ], [ -74.012259, 40.711565000933014 ], [ -74.012188, 40.711835000933029 ], [ -74.012108, 40.712105000933022 ], [ -74.012094, 40.712154000933005 ], [ -74.012076, 40.712203000933009 ], [ -74.012057, 40.712252000932985 ], [ -74.012035, 40.712300000932991 ], [ -74.012012, 40.712348000933034 ], [ -74.011986, 40.712394000933038 ], [ -74.011959, 40.712440000933029 ], [ -74.011929, 40.712486000933019 ], [ -74.011897, 40.712530000933036 ], [ -74.011864, 40.712574000933024 ], [ -74.011828, 40.712618000933055 ], [ -74.011791, 40.712660000932992 ], [ -74.011751, 40.712702000932993 ], [ -74.01171, 40.712743000932988 ], [ -74.011667, 40.712783000933015 ], [ -74.011138, 40.713212000933012 ], [ -74.011116, 40.713229000933019 ], [ -74.011094, 40.713246000932998 ], [ -74.011073, 40.71326300093299 ], [ -74.011052, 40.713280000933032 ], [ -74.011032, 40.71329800093303 ], [ -74.011011, 40.713315000933044 ], [ -74.010992, 40.713333000932998 ], [ -74.010972, 40.713351000932995 ], [ -74.010953, 40.713369000933028 ], [ -74.010935, 40.713388000933016 ], [ -74.010917, 40.713406000933041 ], [ -74.010899, 40.713425000932986 ], [ -74.010882, 40.713444000933009 ], [ -74.010865, 40.713463000933011 ], [ -74.010848, 40.713482000932999 ], [ -74.010573, 40.71384100093303 ], [ -74.010473, 40.713961000933011 ], [ -74.010188, 40.714303000932993 ], [ -74.009299, 40.715437000933058 ], [ -74.009266, 40.715478000933054 ], [ -74.007249, 40.718032000933029 ], [ -74.007227, 40.718063000933022 ], [ -74.007206, 40.718095000933047 ], [ -74.007186, 40.718127000933031 ], [ -74.007167, 40.718160000933061 ], [ -74.00715, 40.71819300093302 ], [ -74.007133, 40.718228000933053 ], [ -74.007117, 40.718262000933002 ], [ -74.007103, 40.718298000933039 ], [ -74.007089, 40.718334000933027 ], [ -74.007077, 40.718370000933035 ], [ -74.007066, 40.718408000933074 ], [ -74.007055, 40.718446000933028 ], [ -74.007046, 40.718484000933053 ], [ -74.007038, 40.718523000933061 ], [ -74.007031, 40.718563000933067 ], [ -74.006886, 40.719318000933043 ], [ -74.006277, 40.722854000933054 ], [ -74.005367, 40.728251000933092 ], [ -74.00526, 40.728935000933085 ], [ -74.005221, 40.729169000933105 ], [ -74.005197, 40.729283000933108 ], [ -74.00516, 40.729414000933119 ], [ -74.005112, 40.729532000933112 ], [ -74.005062, 40.729642000933133 ], [ -74.004935, 40.729881000933084 ], [ -74.004682, 40.730321000933117 ], [ -74.002906, 40.733422000933146 ], [ -74.001452, 40.735973000933143 ], [ -74.001345, 40.73616200093312 ], [ -74.001229, 40.736358000933116 ], [ -74.001089, 40.736585000933125 ], [ -74.000973, 40.736761000933129 ], [ -74.000201, 40.737826000933111 ], [ -73.997871, 40.741040000933168 ], [ -73.995657, 40.744081000933157 ], [ -73.993365, 40.747215000933153 ], [ -73.991057, 40.75037300093318 ], [ -73.987495, 40.755290000933229 ], [ -73.986009, 40.757342000933235 ], [ -73.985786, 40.757638000933227 ], [ -73.985709, 40.757758000933251 ], [ -73.985638, 40.757880000933241 ], [ -73.985569, 40.758014000933244 ], [ -73.985512, 40.758156000933226 ], [ -73.985421, 40.758375000933235 ], [ -73.98533, 40.758631000933207 ], [ -73.985063, 40.75940500093327 ], [ -73.984959, 40.759714000933215 ], [ -73.984841, 40.76001700093326 ], [ -73.984725, 40.760283000933278 ], [ -73.984577, 40.760592000933237 ], [ -73.984444, 40.760821000933291 ], [ -73.984294, 40.761040000933242 ], [ -73.983849, 40.761728000933253 ], [ -73.983358, 40.762486000933265 ], [ -73.983038, 40.762980000933233 ], [ -73.982793, 40.763412000933258 ], [ -73.982626, 40.763714000933241 ], [ -73.982464, 40.764029000933263 ], [ -73.98232, 40.764386000933271 ], [ -73.982156, 40.764821000933274 ], [ -73.982063, 40.765125000933281 ], [ -73.981977, 40.7654610009333 ], [ -73.98191, 40.765808000933255 ], [ -73.981755, 40.766808000933239 ], [ -73.981702, 40.767172000933307 ], [ -73.981689, 40.76732400093325 ], [ -73.981694, 40.767440000933291 ], [ -73.981697, 40.767561000933277 ], [ -73.981718, 40.767681000933258 ], [ -73.981745, 40.767778000933312 ], [ -73.981781, 40.767895000933279 ], [ -73.981929, 40.768247000933258 ], [ -73.982012, 40.768454000933318 ], [ -73.982053, 40.768582000933264 ], [ -73.982078, 40.768695000933292 ], [ -73.982088, 40.768794000933291 ], [ -73.982098, 40.769222000933283 ], [ -73.982209, 40.773440000933334 ], [ -73.982212, 40.774166000933285 ], [ -73.982091, 40.777496000933311 ], [ -73.982058, 40.77786900093335 ], [ -73.982008, 40.778211000933332 ], [ -73.98197, 40.778453000933332 ], [ -73.981906, 40.778822000933324 ], [ -73.981757, 40.779426000933348 ], [ -73.981314, 40.780996000933371 ], [ -73.980924, 40.782155000933358 ], [ -73.980847, 40.782374000933345 ], [ -73.980748, 40.782622000933365 ], [ -73.980664, 40.782794000933386 ], [ -73.980572, 40.782970000933339 ], [ -73.980473, 40.783149000933328 ], [ -73.980371, 40.783313000933362 ], [ -73.979917, 40.783934000933357 ], [ -73.977656, 40.786953000933352 ], [ -73.977107, 40.787601000933385 ], [ -73.976218, 40.78864400093336 ], [ -73.975942, 40.788957000933387 ], [ -73.972323, 40.793919000933414 ], [ -73.972265, 40.794005000933382 ], [ -73.96898, 40.798506000933394 ], [ -73.968931, 40.798570000933402 ], [ -73.968882, 40.798635000933423 ], [ -73.968835, 40.798699000933446 ], [ -73.968789, 40.798763000933448 ], [ -73.968745, 40.798827000933443 ], [ -73.968702, 40.798890000933419 ], [ -73.96866, 40.798954000933406 ], [ -73.96862, 40.799016000933442 ], [ -73.968582, 40.799079000933446 ], [ -73.968544, 40.799141000933453 ], [ -73.968509, 40.799203000933417 ], [ -73.968474, 40.799264000933398 ], [ -73.968441, 40.799326000933419 ], [ -73.96841, 40.799386000933403 ], [ -73.968379, 40.799446000933436 ], [ -73.96821, 40.799772000933473 ], [ -73.968082, 40.800124000933415 ], [ -73.96798, 40.800510000933407 ], [ -73.967929, 40.800870000933422 ], [ -73.967832, 40.801984000933437 ], [ -73.967789, 40.802298000933469 ], [ -73.967719, 40.802605000933418 ], [ -73.967649, 40.802781000933443 ], [ -73.967582, 40.802929000933467 ], [ -73.967465, 40.803121000933423 ], [ -73.967313, 40.803324000933436 ], [ -73.966847, 40.803967000933461 ], [ -73.96411, 40.807722000933495 ], [ -73.958372, 40.815581000933506 ], [ -73.953676, 40.822008000933529 ], [ -73.95036, 40.826551000933556 ], [ -73.94489, 40.834041000933603 ], [ -73.940133, 40.840556000933624 ], [ -73.933596, 40.849505000933711 ], [ -73.929412, 40.855225000933714 ], [ -73.925536, 40.860531000933697 ], [ -73.92519, 40.8610000009337 ], [ -73.925109, 40.861102000933762 ], [ -73.925016, 40.861204000933718 ], [ -73.924914, 40.861303000933759 ], [ -73.924807, 40.861396000933752 ], [ -73.924645, 40.861516000933712 ], [ -73.924492, 40.861621000933738 ], [ -73.924333, 40.86171200093375 ], [ -73.924151, 40.861805000933721 ], [ -73.923966, 40.861888000933732 ], [ -73.920631, 40.863121000933702 ], [ -73.920305, 40.86323900093376 ], [ -73.920049, 40.863349000933702 ], [ -73.919867, 40.863451000933736 ], [ -73.919696, 40.863561000933721 ], [ -73.919565, 40.86366900093374 ], [ -73.919442, 40.863782000933774 ], [ -73.919309, 40.863950000933734 ], [ -73.918822, 40.864621000933724 ], [ -73.915279, 40.869444000933761 ], [ -73.914666, 40.87027600093375 ], [ -73.914141, 40.870986000933783 ], [ -73.913803, 40.871376000933772 ], [ -73.913415, 40.871758000933795 ], [ -73.913, 40.872111000933785 ], [ -73.912201, 40.872766000933801 ], [ -73.910249, 40.874278000933799 ], [ -73.909831, 40.874561000933767 ], [ -73.90965, 40.874686000933785 ], [ -73.908878, 40.875276000933773 ], [ -73.908261, 40.875770000933784 ], [ -73.90795, 40.876002000933781 ], [ -73.907623, 40.876213000933809 ], [ -73.907296, 40.876388000933808 ], [ -73.906883, 40.87659700093382 ], [ -73.906585, 40.876765000933794 ], [ -73.906305, 40.8769570009338 ], [ -73.906061, 40.877176000933787 ], [ -73.905744, 40.877584000933808 ], [ -73.904834, 40.878856000933794 ], [ -73.902223, 40.882525000933811 ], [ -73.901899, 40.882988000933835 ], [ -73.901602, 40.883467000933827 ], [ -73.900991, 40.884461000933818 ], [ -73.90087, 40.884667000933824 ], [ -73.90073, 40.884928000933847 ], [ -73.900041, 40.886309000933821 ], [ -73.899616, 40.887195000933886 ], [ -73.898583, 40.889248000933861 ] ] ] } },
    { "type": "Feature", "properties": { "Division": "IRT", "Line": "7th Ave-Bway", "route_id": "2", "color": "#EE352E" }, "geometry": { "type": "MultiLineString", "coordinates": [ [ [ -74.010074230999976, 40.714448123933039 ], [ -74.009299, 40.715437000933058 ], [ -74.009266, 40.715478000933054 ], [ -74.007249, 40.718032000933029 ], [ -74.007227, 40.718063000933022 ], [ -74.007206, 40.718095000933047 ], [ -74.007186, 40.718127000933031 ], [ -74.007167, 40.718160000933061 ], [ -74.00715, 40.71819300093302 ], [ -74.007133, 40.718228000933053 ], [ -74.007117, 40.718262000933002 ], [ -74.007103, 40.718298000933039 ], [ -74.007089, 40.718334000933027 ], [ -74.007077, 40.718370000933035 ], [ -74.007066, 40.718408000933074 ], [ -74.007055, 40.718446000933028 ], [ -74.007046, 40.718484000933053 ], [ -74.007038, 40.718523000933061 ], [ -74.007031, 40.718563000933067 ], [ -74.006886, 40.719318000933043 ], [ -74.006277, 40.722854000933054 ], [ -74.005367, 40.728251000933092 ], [ -74.00526, 40.728935000933085 ], [ -74.005221, 40.729169000933105 ], [ -74.005197, 40.729283000933108 ], [ -74.00516, 40.729414000933119 ], [ -74.005112, 40.729532000933112 ], [ -74.005062, 40.729642000933133 ], [ -74.004935, 40.729881000933084 ], [ -74.004682, 40.730321000933117 ], [ -74.002906, 40.733422000933146 ], [ -74.001452, 40.735973000933143 ], [ -74.001345, 40.73616200093312 ], [ -74.001229, 40.736358000933116 ], [ -74.001089, 40.736585000933125 ], [ -74.000973, 40.736761000933129 ], [ -74.000201, 40.737826000933111 ], [ -73.997871, 40.741040000933168 ], [ -73.995657, 40.744081000933157 ], [ -73.993365, 40.747215000933153 ], [ -73.991057, 40.75037300093318 ], [ -73.987495, 40.755290000933229 ], [ -73.986009, 40.757342000933235 ], [ -73.985786, 40.757638000933227 ], [ -73.985709, 40.757758000933251 ], [ -73.985638, 40.757880000933241 ], [ -73.985569, 40.758014000933244 ], [ -73.985512, 40.758156000933226 ], [ -73.985421, 40.758375000933235 ], [ -73.98533, 40.758631000933207 ], [ -73.985063, 40.75940500093327 ], [ -73.984959, 40.759714000933215 ], [ -73.984841, 40.76001700093326 ], [ -73.984725, 40.760283000933278 ], [ -73.984577, 40.760592000933237 ], [ -73.984444, 40.760821000933291 ], [ -73.984294, 40.761040000933242 ], [ -73.983849, 40.761728000933253 ], [ -73.983358, 40.762486000933265 ], [ -73.983038, 40.762980000933233 ], [ -73.982793, 40.763412000933258 ], [ -73.982626, 40.763714000933241 ], [ -73.982464, 40.764029000933263 ], [ -73.98232, 40.764386000933271 ], [ -73.982156, 40.764821000933274 ], [ -73.982063, 40.765125000933281 ], [ -73.981977, 40.7654610009333 ], [ -73.98191, 40.765808000933255 ], [ -73.981755, 40.766808000933239 ], [ -73.981702, 40.767172000933307 ], [ -73.981689, 40.76732400093325 ], [ -73.981694, 40.767440000933291 ], [ -73.981697, 40.767561000933277 ], [ -73.981718, 40.767681000933258 ], [ -73.981745, 40.767778000933312 ], [ -73.981781, 40.767895000933279 ], [ -73.981929, 40.768247000933258 ], [ -73.982012, 40.768454000933318 ], [ -73.982053, 40.768582000933264 ], [ -73.982078, 40.768695000933292 ], [ -73.982088, 40.768794000933291 ], [ -73.982098, 40.769222000933283 ], [ -73.982209, 40.773440000933334 ], [ -73.982212, 40.774166000933285 ], [ -73.982091, 40.777496000933311 ], [ -73.982058, 40.77786900093335 ], [ -73.982008, 40.778211000933332 ], [ -73.98197, 40.778453000933332 ], [ -73.981906, 40.778822000933324 ], [ -73.981757, 40.779426000933348 ], [ -73.981314, 40.780996000933371 ], [ -73.980924, 40.782155000933358 ], [ -73.980847, 40.782374000933345 ], [ -73.980748, 40.782622000933365 ], [ -73.980664, 40.782794000933386 ], [ -73.980572, 40.782970000933339 ], [ -73.980473, 40.783149000933328 ], [ -73.980371, 40.783313000933362 ], [ -73.979917, 40.783934000933357 ], [ -73.977656, 40.786953000933352 ], [ -73.977107, 40.787601000933385 ], [ -73.976218, 40.78864400093336 ], [ -73.975942, 40.788957000933387 ], [ -73.972323, 40.793919000933414 ], [ -73.972321096999963, 40.793921822933427 ] ] ] } },
    { "type": "Feature", "properties": { "Division": "IRT", "Line": "Clark Street", "route_id": "2", "color": "#EE352E" }, "geometry": { "type": "MultiLineString", "coordinates": [ [ [ -73.985084315999984, 40.690552736932872 ], [ -73.989185, 40.692195000932891 ], [ -73.989233, 40.692221000932925 ], [ -73.989278, 40.69224600093294 ], [ -73.989323, 40.692273000932914 ], [ -73.989366, 40.6923010009329 ], [ -73.989407, 40.692331000932896 ], [ -73.989447, 40.69236100093292 ], [ -73.989485, 40.692393000932896 ], [ -73.989522, 40.692427000932938 ], [ -73.989557, 40.692462000932899 ], [ -73.989591, 40.692498000932922 ], [ -73.989623, 40.692535000932935 ], [ -73.989653, 40.6925740009329 ], [ -73.989682, 40.692615000932911 ], [ -73.989709, 40.692656000932949 ], [ -73.989735, 40.692699000932905 ], [ -73.989998, 40.693219000932935 ], [ -73.990338, 40.693905000932894 ], [ -73.990356, 40.693941000932909 ], [ -73.990373, 40.693977000932954 ], [ -73.99039, 40.694013000932912 ], [ -73.990407, 40.694050000932918 ], [ -73.990423, 40.694087000932896 ], [ -73.990439, 40.694124000932923 ], [ -73.990454, 40.694162000932948 ], [ -73.99047, 40.694200000932938 ], [ -73.990484, 40.694238000932899 ], [ -73.990499, 40.694277000932921 ], [ -73.990513, 40.694316000932922 ], [ -73.990526, 40.694355000932909 ], [ -73.99054, 40.694394000932931 ], [ -73.990552, 40.694434000932937 ], [ -73.990565, 40.694474000932942 ], [ -73.991156, 40.696370000932937 ], [ -73.991177, 40.696442000932926 ], [ -73.9912, 40.696513000932939 ], [ -73.991225, 40.696579000932921 ], [ -73.991255, 40.696643000932951 ], [ -73.991288, 40.696705000932972 ], [ -73.991329, 40.696763000932904 ], [ -73.991374, 40.696818000932943 ], [ -73.991423, 40.696870000932947 ], [ -73.991477, 40.696918000932925 ], [ -73.991536, 40.696964000932908 ], [ -73.991599, 40.697007000932942 ], [ -73.991667, 40.697046000932943 ], [ -73.99174, 40.697083000932977 ], [ -73.991816, 40.697116000932944 ], [ -73.991897, 40.697148000932913 ], [ -73.992018, 40.697180000932939 ], [ -73.993086, 40.697466000932963 ], [ -74.00291, 40.700174000932975 ], [ -74.003652, 40.700423000932965 ], [ -74.00426, 40.700635000932948 ], [ -74.00471, 40.700828000932951 ], [ -74.005185, 40.70106800093297 ], [ -74.005659, 40.701345000932974 ], [ -74.006073, 40.701603000932955 ], [ -74.006508, 40.701924000932991 ], [ -74.007127, 40.702464000932977 ], [ -74.009504, 40.704571000932958 ], [ -74.009737, 40.704770000932974 ], [ -74.009892, 40.704970000932988 ], [ -74.009957, 40.705083000933001 ], [ -74.009987, 40.705177000932956 ], [ -74.009996, 40.705281000933006 ], [ -74.009981, 40.70538000093299 ], [ -74.009938, 40.705567000932959 ], [ -74.009889, 40.705735000932982 ], [ -74.009801, 40.705922000932993 ], [ -74.00967, 40.706141000932988 ], [ -74.009488, 40.706375000932972 ], [ -74.0091, 40.706821000932976 ], [ -74.008592, 40.707382000932988 ], [ -74.008172, 40.707811000932992 ], [ -74.006571, 40.709416000932961 ], [ -74.005869, 40.710148000933032 ], [ -74.005836, 40.710195000933012 ], [ -74.005803, 40.710254000933006 ], [ -74.005777, 40.710315000932994 ], [ -74.005763, 40.710376000932996 ], [ -74.005761, 40.71043700093302 ], [ -74.005772, 40.710496000932984 ], [ -74.005805, 40.710559000932996 ], [ -74.005848, 40.710620000932991 ], [ -74.005949, 40.710726000933015 ], [ -74.006854, 40.711582000933028 ], [ -74.006954, 40.711685000932981 ], [ -74.007035, 40.711788000933019 ], [ -74.007289, 40.712145000933035 ], [ -74.007371, 40.712239000933003 ], [ -74.007453, 40.712337000933019 ], [ -74.007548, 40.712431000933016 ], [ -74.007667, 40.712519000933 ], [ -74.007813, 40.712596000933033 ], [ -74.007962, 40.712663000933027 ], [ -74.008811, 40.713051000933064 ], [ -74.010029, 40.713598000933032 ], [ -74.010099, 40.713629000932997 ], [ -74.01016, 40.71366200093302 ], [ -74.010213, 40.713699000933048 ], [ -74.010258, 40.713737000933001 ], [ -74.010294, 40.713777000933007 ], [ -74.010321, 40.713820000933033 ], [ -74.010341, 40.713865000933012 ], [ -74.010351, 40.713912000933007 ], [ -74.010353, 40.713961000933011 ], [ -74.010347, 40.714013000933065 ], [ -74.010333, 40.714066000933045 ], [ -74.010309, 40.714122000932996 ], [ -74.010278, 40.714180000933027 ], [ -74.010238, 40.714241000933043 ], [ -74.010188, 40.714303000932993 ], [ -74.010074230999976, 40.714448123933039 ] ] ] } },
    { "type": "Feature", "properties": { "Division": "IRT", "Line": "Eastern Parkway", "route_id": "2", "color": "#EE352E" }, "geometry": { "type": "MultiLineString", "coordinates": [ [ [ -73.951782280999964, 40.669926084932804 ], [ -73.954713, 40.670083000932785 ], [ -73.954983, 40.670096000932809 ], [ -73.955258, 40.67011800093281 ], [ -73.955542, 40.670157000932804 ], [ -73.955823, 40.670208000932824 ], [ -73.958131, 40.670682000932793 ], [ -73.964375, 40.67198700093283 ], [ -73.968465, 40.672915000932811 ], [ -73.968631, 40.672955000932845 ], [ -73.968779, 40.672999000932819 ], [ -73.968947, 40.673056000932789 ], [ -73.969088, 40.673121000932795 ], [ -73.969259, 40.673208000932824 ], [ -73.969397, 40.673299000932808 ], [ -73.969546, 40.673414000932794 ], [ -73.969694, 40.673552000932794 ], [ -73.969806, 40.673679000932829 ], [ -73.971046, 40.67523500093283 ], [ -73.975098, 40.680829000932889 ], [ -73.977666, 40.684359000932858 ], [ -73.978708, 40.685781000932899 ], [ -73.980492, 40.688246000932885 ], [ -73.980654, 40.688475000932876 ], [ -73.980697, 40.6885330009329 ], [ -73.98074, 40.688593000932848 ], [ -73.980785, 40.688649000932898 ], [ -73.980833, 40.68870500093287 ], [ -73.980884, 40.688757000932902 ], [ -73.980941, 40.68880800093288 ], [ -73.981001, 40.688856000932887 ], [ -73.981065, 40.688902000932885 ], [ -73.981133, 40.688945000932883 ], [ -73.981205, 40.688987000932897 ], [ -73.98128, 40.68902700093291 ], [ -73.98136, 40.689062000932886 ], [ -73.981444, 40.689096000932935 ], [ -73.981529, 40.689130000932884 ], [ -73.981616, 40.689164000932927 ], [ -73.985065, 40.690545000932886 ], [ -73.985084315999984, 40.690552736932872 ] ] ] } },
    { "type": "Feature", "properties": { "Division": "IRT", "Line": "Lenox", "route_id": "2", "color": "#EE352E" }, "geometry": { "type": "MultiLineString", "coordinates": [ [ [ -73.972321096999963, 40.793921822933427 ], [ -73.972265, 40.794005000933382 ], [ -73.96898, 40.798506000933394 ], [ -73.968852, 40.798651000933454 ], [ -73.96872, 40.798781000933459 ], [ -73.968582, 40.798896000933453 ], [ -73.968441, 40.798996000933414 ], [ -73.968295, 40.799080000933408 ], [ -73.968144, 40.799150000933423 ], [ -73.967988, 40.799204000933408 ], [ -73.967828, 40.79924400093342 ], [ -73.967664, 40.799268000933424 ], [ -73.967495, 40.799278000933434 ], [ -73.967321, 40.799272000933421 ], [ -73.967143, 40.79925100093341 ], [ -73.96696, 40.799215000933451 ], [ -73.966773, 40.799164000933473 ], [ -73.966582, 40.799099000933445 ], [ -73.962047, 40.797184000933441 ], [ -73.961824, 40.797093000933444 ], [ -73.961593, 40.797002000933432 ], [ -73.961388, 40.79693400093344 ], [ -73.961185, 40.796890000933445 ], [ -73.960984, 40.796872000933433 ], [ -73.960795, 40.796883000933398 ], [ -73.960573, 40.796904000933409 ], [ -73.956739, 40.797535000933387 ], [ -73.953676, 40.798111000933439 ], [ -73.95331, 40.79817700093345 ], [ -73.953008, 40.798251000933412 ], [ -73.952702, 40.798356000933452 ], [ -73.95247, 40.798469000933444 ], [ -73.952322, 40.798560000933428 ], [ -73.952174, 40.79866500093339 ], [ -73.952007, 40.798841000933415 ], [ -73.951822, 40.799075000933449 ], [ -73.949625, 40.802098000933434 ], [ -73.945495, 40.807754000933443 ], [ -73.94077, 40.814229000933501 ], [ -73.937754, 40.818371000933539 ], [ -73.93773454899997, 40.818388709933501 ] ] ] } },
    { "type": "Feature", "properties": { "Division": "IRT", "Line": "Nostrand", "route_id": "2", "color": "#EE352E" }, "geometry": { "type": "MultiLineString", "coordinates": [ [ [ -73.947642, 40.632836000932613 ], [ -73.948411, 40.639967000932664 ], [ -73.948959, 40.645098000932713 ], [ -73.949575, 40.650843000932738 ], [ -73.9502, 40.656652000932745 ], [ -73.95085, 40.662742000932752 ], [ -73.950967, 40.663927000932773 ], [ -73.950974, 40.663989000932808 ], [ -73.95098, 40.66405300093281 ], [ -73.950985, 40.664120000932748 ], [ -73.950989, 40.664189000932787 ], [ -73.950991, 40.664260000932792 ], [ -73.950992, 40.664333000932764 ], [ -73.950992, 40.664409000932757 ], [ -73.95099, 40.664487000932787 ], [ -73.950987, 40.664568000932746 ], [ -73.950983, 40.664650000932774 ], [ -73.950978, 40.664735000932779 ], [ -73.950971, 40.664823000932799 ], [ -73.950963, 40.664912000932802 ], [ -73.950954, 40.66500400093279 ], [ -73.950942, 40.665098000932822 ], [ -73.950683, 40.667883000932804 ], [ -73.950632, 40.668466000932824 ], [ -73.950569, 40.669120000932836 ], [ -73.950559, 40.669213000932793 ], [ -73.950557, 40.669300000932836 ], [ -73.95057, 40.669381000932788 ], [ -73.950596, 40.669457000932816 ], [ -73.950634, 40.669528000932836 ], [ -73.950684, 40.669592000932823 ], [ -73.950748, 40.669652000932786 ], [ -73.950823, 40.669705000932822 ], [ -73.950912, 40.669753000932836 ], [ -73.951013, 40.66979500093283 ], [ -73.951126, 40.669832000932793 ], [ -73.951252, 40.669863000932821 ], [ -73.951391, 40.669889000932805 ], [ -73.951542, 40.66990900093284 ], [ -73.951706, 40.669922000932793 ], [ -73.951782280999964, 40.669926084932804 ] ] ] } },
    { "type": "Feature", "properties": { "Division": "IRT", "Line": "White Plains", "route_id": "2", "color": "#EE352E" }, "geometry": { "type": "MultiLineString", "coordinates": [ [ [ -73.93773454899997, 40.818388709933501 ], [ -73.93762, 40.818493000933515 ], [ -73.93748, 40.818607000933497 ], [ -73.937336, 40.818712000933544 ], [ -73.937187, 40.818808000933522 ], [ -73.937034, 40.818896000933528 ], [ -73.936877, 40.818975000933541 ], [ -73.936715, 40.819046000933533 ], [ -73.936548, 40.819108000933504 ], [ -73.936378, 40.819161000933526 ], [ -73.936202, 40.819206000933541 ], [ -73.936023, 40.8192420009335 ], [ -73.935839, 40.819270000933535 ], [ -73.935651, 40.819289000933495 ], [ -73.935458, 40.819299000933498 ], [ -73.93526, 40.819299000933519 ], [ -73.931501, 40.819335000933549 ], [ -73.931334, 40.819330000933483 ], [ -73.931165, 40.819322000933518 ], [ -73.930996, 40.819311000933489 ], [ -73.930827, 40.819298000933529 ], [ -73.930657, 40.819283000933503 ], [ -73.930486, 40.819264000933508 ], [ -73.930316, 40.819243000933497 ], [ -73.930144, 40.819220000933505 ], [ -73.929973, 40.819194000933521 ], [ -73.929801, 40.819165000933509 ], [ -73.929628, 40.819134000933552 ], [ -73.929455, 40.81910000093351 ], [ -73.929282, 40.819064000933494 ], [ -73.929108, 40.819025000933536 ], [ -73.928935, 40.818984000933519 ], [ -73.927782, 40.818685000933556 ], [ -73.926718, 40.818410000933518 ], [ -73.917757, 40.816109000933487 ], [ -73.916675, 40.815782000933524 ], [ -73.916492, 40.815732000933458 ], [ -73.916277, 40.815702000933499 ], [ -73.915934, 40.815684000933494 ], [ -73.91568, 40.815699000933506 ], [ -73.915469, 40.815740000933495 ], [ -73.915203, 40.815820000933492 ], [ -73.914951, 40.815913000933527 ], [ -73.914835, 40.815961000933534 ], [ -73.914728, 40.816005000933515 ], [ -73.914448, 40.816109000933487 ], [ -73.914233, 40.816171000933522 ], [ -73.91403, 40.816201000933489 ], [ -73.913796, 40.816213000933509 ], [ -73.913574, 40.816201000933503 ], [ -73.913328, 40.816180000933514 ], [ -73.912669, 40.816113000933505 ], [ -73.911842, 40.816033000933523 ], [ -73.911136, 40.815974000933494 ], [ -73.910726, 40.815949000933507 ], [ -73.910364, 40.815931000933503 ], [ -73.910082, 40.815931000933503 ], [ -73.909808, 40.815926000933509 ], [ -73.909395, 40.815936000933547 ], [ -73.909111, 40.815963000933507 ], [ -73.908903, 40.816003000933527 ], [ -73.908682, 40.816055000933531 ], [ -73.908375, 40.816174000933522 ], [ -73.907807, 40.816490000933527 ], [ -73.905946, 40.817578000933501 ], [ -73.905518, 40.817813000933526 ], [ -73.905114, 40.818004000933506 ], [ -73.90421, 40.818400000933508 ], [ -73.903268, 40.818818000933561 ], [ -73.902687, 40.819113000933534 ], [ -73.90177, 40.819585000933536 ], [ -73.896736, 40.822181000933547 ], [ -73.893064, 40.824073000933538 ], [ -73.892771, 40.824223000933564 ], [ -73.892368, 40.824431000933572 ], [ -73.892265, 40.824494000933576 ], [ -73.892182, 40.824554000933539 ], [ -73.892091, 40.82464900093359 ], [ -73.892021, 40.824739000933576 ], [ -73.891978, 40.824818000933554 ], [ -73.891946, 40.824901000933565 ], [ -73.891929, 40.824983000933535 ], [ -73.891922, 40.825069000933539 ], [ -73.891924, 40.825522000933532 ], [ -73.891875, 40.829842000933567 ], [ -73.891865, 40.829993000933584 ], [ -73.891849, 40.830113000933572 ], [ -73.89183, 40.830227000933554 ], [ -73.891793, 40.830395000933592 ], [ -73.891704, 40.830667000933595 ], [ -73.891611, 40.830888000933598 ], [ -73.891469, 40.831153000933554 ], [ -73.89134, 40.831358000933605 ], [ -73.888195, 40.836619000933588 ], [ -73.888068, 40.836830000933624 ], [ -73.887939, 40.837034000933635 ], [ -73.8878, 40.837218000933618 ], [ -73.887734, 40.837288000933597 ], [ -73.88765, 40.837371000933622 ], [ -73.887544, 40.837463000933624 ], [ -73.887183, 40.83771300093364 ], [ -73.88512, 40.838935000933596 ], [ -73.884886, 40.839063000933635 ], [ -73.884651, 40.839165000933612 ], [ -73.884441, 40.839252000933627 ], [ -73.884172, 40.839342000933613 ], [ -73.883891, 40.839419000933646 ], [ -73.883573, 40.839484000933588 ], [ -73.883293, 40.839521000933622 ], [ -73.88303, 40.839546000933609 ], [ -73.882597, 40.83956700093362 ], [ -73.882191, 40.839591000933623 ], [ -73.881967, 40.839613000933589 ], [ -73.881759, 40.839642000933587 ], [ -73.881408, 40.839719000933613 ], [ -73.881149, 40.839802000933645 ], [ -73.88085, 40.839913000933649 ], [ -73.880498, 40.840057000933626 ], [ -73.880284, 40.840155000933613 ], [ -73.880147, 40.840229000933633 ], [ -73.880049, 40.840295000933587 ], [ -73.879899, 40.840415000933611 ], [ -73.879734, 40.840583000933613 ], [ -73.879283, 40.841051000933625 ], [ -73.879175, 40.841151000933586 ], [ -73.879076, 40.841205000933627 ], [ -73.878966, 40.841245000933647 ], [ -73.878829, 40.841273000933633 ], [ -73.878707, 40.841277000933651 ], [ -73.878599, 40.841267000933648 ], [ -73.878512, 40.84124900093363 ], [ -73.878423, 40.841212000933609 ], [ -73.878219, 40.841130000933667 ], [ -73.878027, 40.841049000933623 ], [ -73.877782, 40.840945000933587 ], [ -73.877644, 40.840895000933614 ], [ -73.877474, 40.840846000933638 ], [ -73.87733, 40.84081700093364 ], [ -73.877172, 40.840795000933625 ], [ -73.87701, 40.840786000933605 ], [ -73.876841, 40.84078400093361 ], [ -73.876624, 40.840801000933645 ], [ -73.876313, 40.840847000933621 ], [ -73.874736, 40.841121000933612 ], [ -73.874543, 40.841170000933595 ], [ -73.87443, 40.841210000933614 ], [ -73.874329, 40.841252000933636 ], [ -73.874215, 40.841324000933632 ], [ -73.874109, 40.841402000933662 ], [ -73.873488, 40.841894000933621 ], [ -73.87179, 40.843250000933658 ], [ -73.871389, 40.843567000933646 ], [ -73.871028, 40.843910000933626 ], [ -73.870857, 40.844101000933655 ], [ -73.870717, 40.844293000933639 ], [ -73.870597, 40.844505000933601 ], [ -73.870472, 40.844767000933629 ], [ -73.870143, 40.845525000933669 ], [ -73.869952, 40.845968000933638 ], [ -73.869609, 40.846768000933672 ], [ -73.869431, 40.847153000933652 ], [ -73.869194, 40.847565000933628 ], [ -73.868457, 40.848828000933644 ], [ -73.868153, 40.849338000933649 ], [ -73.867986, 40.849629000933668 ], [ -73.867921, 40.849772000933648 ], [ -73.867873, 40.849929000933656 ], [ -73.867846, 40.850070000933691 ], [ -73.867834, 40.850249000933708 ], [ -73.867615, 40.857192000933708 ], [ -73.867352, 40.865462000933732 ], [ -73.867164, 40.871356000933773 ], [ -73.867025, 40.875827000933803 ], [ -73.867016, 40.876190000933818 ], [ -73.866997, 40.876367000933818 ], [ -73.86697, 40.876523000933808 ], [ -73.866928, 40.876693000933791 ], [ -73.866859, 40.876861000933815 ], [ -73.866787, 40.876988000933764 ], [ -73.866256, 40.877850000933826 ], [ -73.863846, 40.881715000933809 ], [ -73.862633, 40.883895000933826 ], [ -73.860341, 40.888022000933837 ], [ -73.857473, 40.893193000933877 ], [ -73.855124, 40.89745100093387 ], [ -73.85494, 40.897716000933904 ], [ -73.854784, 40.897900000933888 ], [ -73.854376, 40.898379000933872 ], [ -73.853333, 40.899595000933907 ], [ -73.853045, 40.899929000933909 ], [ -73.852766, 40.900260000933926 ], [ -73.852447, 40.900653000933893 ], [ -73.85234, 40.900798000933911 ], [ -73.852026, 40.901261000933907 ], [ -73.851769, 40.901669000933879 ], [ -73.851628, 40.901895000933891 ], [ -73.85151, 40.9020660009339 ], [ -73.85136, 40.902261000933919 ], [ -73.85062, 40.903125000933919 ] ] ] } },
    { "type": "Feature", "properties": { "Division": "IRT", "Line": "7th Ave-Bway", "route_id": "3", "color": "#EE352E" }, "geometry": { "type": "MultiLineString", "coordinates": [ [ [ -74.010078181999972, 40.714443083933041 ], [ -74.009299, 40.715437000933058 ], [ -74.009266, 40.715478000933054 ], [ -74.007249, 40.718032000933029 ], [ -74.007227, 40.718063000933022 ], [ -74.007206, 40.718095000933047 ], [ -74.007186, 40.718127000933031 ], [ -74.007167, 40.718160000933061 ], [ -74.00715, 40.71819300093302 ], [ -74.007133, 40.718228000933053 ], [ -74.007117, 40.718262000933002 ], [ -74.007103, 40.718298000933039 ], [ -74.007089, 40.718334000933027 ], [ -74.007077, 40.718370000933035 ], [ -74.007066, 40.718408000933074 ], [ -74.007055, 40.718446000933028 ], [ -74.007046, 40.718484000933053 ], [ -74.007038, 40.718523000933061 ], [ -74.007031, 40.718563000933067 ], [ -74.006886, 40.719318000933043 ], [ -74.006277, 40.722854000933054 ], [ -74.005367, 40.728251000933092 ], [ -74.00526, 40.728935000933085 ], [ -74.005221, 40.729169000933105 ], [ -74.005197, 40.729283000933108 ], [ -74.00516, 40.729414000933119 ], [ -74.005112, 40.729532000933112 ], [ -74.005062, 40.729642000933133 ], [ -74.004935, 40.729881000933084 ], [ -74.004682, 40.730321000933117 ], [ -74.002906, 40.733422000933146 ], [ -74.001452, 40.735973000933143 ], [ -74.001345, 40.73616200093312 ], [ -74.001229, 40.736358000933116 ], [ -74.001089, 40.736585000933125 ], [ -74.000973, 40.736761000933129 ], [ -74.000201, 40.737826000933111 ], [ -73.997871, 40.741040000933168 ], [ -73.995657, 40.744081000933157 ], [ -73.993365, 40.747215000933153 ], [ -73.991057, 40.75037300093318 ], [ -73.987495, 40.755290000933229 ], [ -73.986009, 40.757342000933235 ], [ -73.985786, 40.757638000933227 ], [ -73.985709, 40.757758000933251 ], [ -73.985638, 40.757880000933241 ], [ -73.985569, 40.758014000933244 ], [ -73.985512, 40.758156000933226 ], [ -73.985421, 40.758375000933235 ], [ -73.98533, 40.758631000933207 ], [ -73.985063, 40.75940500093327 ], [ -73.984959, 40.759714000933215 ], [ -73.984841, 40.76001700093326 ], [ -73.984725, 40.760283000933278 ], [ -73.984577, 40.760592000933237 ], [ -73.984444, 40.760821000933291 ], [ -73.984294, 40.761040000933242 ], [ -73.983849, 40.761728000933253 ], [ -73.983358, 40.762486000933265 ], [ -73.983038, 40.762980000933233 ], [ -73.982793, 40.763412000933258 ], [ -73.982626, 40.763714000933241 ], [ -73.982464, 40.764029000933263 ], [ -73.98232, 40.764386000933271 ], [ -73.982156, 40.764821000933274 ], [ -73.982063, 40.765125000933281 ], [ -73.981977, 40.7654610009333 ], [ -73.98191, 40.765808000933255 ], [ -73.981755, 40.766808000933239 ], [ -73.981702, 40.767172000933307 ], [ -73.981689, 40.76732400093325 ], [ -73.981694, 40.767440000933291 ], [ -73.981697, 40.767561000933277 ], [ -73.981718, 40.767681000933258 ], [ -73.981745, 40.767778000933312 ], [ -73.981781, 40.767895000933279 ], [ -73.981929, 40.768247000933258 ], [ -73.982012, 40.768454000933318 ], [ -73.982053, 40.768582000933264 ], [ -73.982078, 40.768695000933292 ], [ -73.982088, 40.768794000933291 ], [ -73.982098, 40.769222000933283 ], [ -73.982209, 40.773440000933334 ], [ -73.982212, 40.774166000933285 ], [ -73.982091, 40.777496000933311 ], [ -73.982058, 40.77786900093335 ], [ -73.982008, 40.778211000933332 ], [ -73.98197, 40.778453000933332 ], [ -73.981906, 40.778822000933324 ], [ -73.981757, 40.779426000933348 ], [ -73.981314, 40.780996000933371 ], [ -73.980924, 40.782155000933358 ], [ -73.980847, 40.782374000933345 ], [ -73.980748, 40.782622000933365 ], [ -73.980664, 40.782794000933386 ], [ -73.980572, 40.782970000933339 ], [ -73.980473, 40.783149000933328 ], [ -73.980371, 40.783313000933362 ], [ -73.979917, 40.783934000933357 ], [ -73.977656, 40.786953000933352 ], [ -73.977107, 40.787601000933385 ], [ -73.976218, 40.78864400093336 ], [ -73.975942, 40.788957000933387 ], [ -73.972351512999978, 40.793879906933377 ] ] ] } },
    { "type": "Feature", "properties": { "Division": "IRT", "Line": "Clark Street", "route_id": "3", "color": "#EE352E" }, "geometry": { "type": "MultiLineString", "coordinates": [ [ [ -73.985054820999949, 40.690540924932932 ], [ -73.985065, 40.690545000932886 ], [ -73.989185, 40.692195000932891 ], [ -73.989233, 40.692221000932925 ], [ -73.989278, 40.69224600093294 ], [ -73.989323, 40.692273000932914 ], [ -73.989366, 40.6923010009329 ], [ -73.989407, 40.692331000932896 ], [ -73.989447, 40.69236100093292 ], [ -73.989485, 40.692393000932896 ], [ -73.989522, 40.692427000932938 ], [ -73.989557, 40.692462000932899 ], [ -73.989591, 40.692498000932922 ], [ -73.989623, 40.692535000932935 ], [ -73.989653, 40.6925740009329 ], [ -73.989682, 40.692615000932911 ], [ -73.989709, 40.692656000932949 ], [ -73.989735, 40.692699000932905 ], [ -73.989998, 40.693219000932935 ], [ -73.990338, 40.693905000932894 ], [ -73.990356, 40.693941000932909 ], [ -73.990373, 40.693977000932954 ], [ -73.99039, 40.694013000932912 ], [ -73.990407, 40.694050000932918 ], [ -73.990423, 40.694087000932896 ], [ -73.990439, 40.694124000932923 ], [ -73.990454, 40.694162000932948 ], [ -73.99047, 40.694200000932938 ], [ -73.990484, 40.694238000932899 ], [ -73.990499, 40.694277000932921 ], [ -73.990513, 40.694316000932922 ], [ -73.990526, 40.694355000932909 ], [ -73.99054, 40.694394000932931 ], [ -73.990552, 40.694434000932937 ], [ -73.990565, 40.694474000932942 ], [ -73.991156, 40.696370000932937 ], [ -73.991177, 40.696442000932926 ], [ -73.9912, 40.696513000932939 ], [ -73.991225, 40.696579000932921 ], [ -73.991255, 40.696643000932951 ], [ -73.991288, 40.696705000932972 ], [ -73.991329, 40.696763000932904 ], [ -73.991374, 40.696818000932943 ], [ -73.991423, 40.696870000932947 ], [ -73.991477, 40.696918000932925 ], [ -73.991536, 40.696964000932908 ], [ -73.991599, 40.697007000932942 ], [ -73.991667, 40.697046000932943 ], [ -73.99174, 40.697083000932977 ], [ -73.991816, 40.697116000932944 ], [ -73.991897, 40.697148000932913 ], [ -73.992018, 40.697180000932939 ], [ -73.993086, 40.697466000932963 ], [ -74.00291, 40.700174000932975 ], [ -74.003652, 40.700423000932965 ], [ -74.00426, 40.700635000932948 ], [ -74.00471, 40.700828000932951 ], [ -74.005185, 40.70106800093297 ], [ -74.005659, 40.701345000932974 ], [ -74.006073, 40.701603000932955 ], [ -74.006508, 40.701924000932991 ], [ -74.007127, 40.702464000932977 ], [ -74.009504, 40.704571000932958 ], [ -74.009737, 40.704770000932974 ], [ -74.009892, 40.704970000932988 ], [ -74.009957, 40.705083000933001 ], [ -74.009987, 40.705177000932956 ], [ -74.009996, 40.705281000933006 ], [ -74.009981, 40.70538000093299 ], [ -74.009938, 40.705567000932959 ], [ -74.009889, 40.705735000932982 ], [ -74.009801, 40.705922000932993 ], [ -74.00967, 40.706141000932988 ], [ -74.009488, 40.706375000932972 ], [ -74.0091, 40.706821000932976 ], [ -74.008592, 40.707382000932988 ], [ -74.008172, 40.707811000932992 ], [ -74.006571, 40.709416000932961 ], [ -74.005869, 40.710148000933032 ], [ -74.005836, 40.710195000933012 ], [ -74.005803, 40.710254000933006 ], [ -74.005777, 40.710315000932994 ], [ -74.005763, 40.710376000932996 ], [ -74.005761, 40.71043700093302 ], [ -74.005772, 40.710496000932984 ], [ -74.005805, 40.710559000932996 ], [ -74.005848, 40.710620000932991 ], [ -74.005949, 40.710726000933015 ], [ -74.006854, 40.711582000933028 ], [ -74.006954, 40.711685000932981 ], [ -74.007035, 40.711788000933019 ], [ -74.007289, 40.712145000933035 ], [ -74.007371, 40.712239000933003 ], [ -74.007453, 40.712337000933019 ], [ -74.007548, 40.712431000933016 ], [ -74.007667, 40.712519000933 ], [ -74.007813, 40.712596000933033 ], [ -74.007962, 40.712663000933027 ], [ -74.008811, 40.713051000933064 ], [ -74.010029, 40.713598000933032 ], [ -74.010099, 40.713629000932997 ], [ -74.01016, 40.71366200093302 ], [ -74.010213, 40.713699000933048 ], [ -74.010258, 40.713737000933001 ], [ -74.010294, 40.713777000933007 ], [ -74.010321, 40.713820000933033 ], [ -74.010341, 40.713865000933012 ], [ -74.010351, 40.713912000933007 ], [ -74.010353, 40.713961000933011 ], [ -74.010347, 40.714013000933065 ], [ -74.010333, 40.714066000933045 ], [ -74.010309, 40.714122000932996 ], [ -74.010278, 40.714180000933027 ], [ -74.010238, 40.714241000933043 ], [ -74.010188, 40.714303000932993 ], [ -74.010078181999972, 40.714443083933041 ] ] ] } },
    { "type": "Feature", "properties": { "Division": "IRT", "Line": "Eastern Parkway", "route_id": "3", "color": "#EE352E" }, "geometry": { "type": "MultiLineString", "coordinates": [ [ [ -73.932943171999966, 40.668897064932807 ], [ -73.942161, 40.669399000932813 ], [ -73.950466, 40.669847000932798 ], [ -73.951706, 40.669922000932793 ], [ -73.954713, 40.670083000932785 ], [ -73.954983, 40.670096000932809 ], [ -73.955258, 40.67011800093281 ], [ -73.955542, 40.670157000932804 ], [ -73.955823, 40.670208000932824 ], [ -73.958131, 40.670682000932793 ], [ -73.964375, 40.67198700093283 ], [ -73.968465, 40.672915000932811 ], [ -73.968631, 40.672955000932845 ], [ -73.968779, 40.672999000932819 ], [ -73.968947, 40.673056000932789 ], [ -73.969088, 40.673121000932795 ], [ -73.969259, 40.673208000932824 ], [ -73.969397, 40.673299000932808 ], [ -73.969546, 40.673414000932794 ], [ -73.969694, 40.673552000932794 ], [ -73.969806, 40.673679000932829 ], [ -73.971046, 40.67523500093283 ], [ -73.975098, 40.680829000932889 ], [ -73.977666, 40.684359000932858 ], [ -73.978708, 40.685781000932899 ], [ -73.980492, 40.688246000932885 ], [ -73.980654, 40.688475000932876 ], [ -73.980697, 40.6885330009329 ], [ -73.98074, 40.688593000932848 ], [ -73.980785, 40.688649000932898 ], [ -73.980833, 40.68870500093287 ], [ -73.980884, 40.688757000932902 ], [ -73.980941, 40.68880800093288 ], [ -73.981001, 40.688856000932887 ], [ -73.981065, 40.688902000932885 ], [ -73.981133, 40.688945000932883 ], [ -73.981205, 40.688987000932897 ], [ -73.98128, 40.68902700093291 ], [ -73.98136, 40.689062000932886 ], [ -73.981444, 40.689096000932935 ], [ -73.981529, 40.689130000932884 ], [ -73.981616, 40.689164000932927 ], [ -73.985054820999949, 40.690540924932932 ] ] ] } },
    { "type": "Feature", "properties": { "Division": "IRT", "Line": "Lenox", "route_id": "3", "color": "#EE352E" }, "geometry": { "type": "MultiLineString", "coordinates": [ [ [ -73.972351512999978, 40.793879906933377 ], [ -73.972323, 40.793919000933414 ], [ -73.972265, 40.794005000933382 ], [ -73.96898, 40.798506000933394 ], [ -73.968852, 40.798651000933454 ], [ -73.96872, 40.798781000933459 ], [ -73.968582, 40.798896000933453 ], [ -73.968441, 40.798996000933414 ], [ -73.968295, 40.799080000933408 ], [ -73.968144, 40.799150000933423 ], [ -73.967988, 40.799204000933408 ], [ -73.967828, 40.79924400093342 ], [ -73.967664, 40.799268000933424 ], [ -73.967495, 40.799278000933434 ], [ -73.967321, 40.799272000933421 ], [ -73.967143, 40.79925100093341 ], [ -73.96696, 40.799215000933451 ], [ -73.966773, 40.799164000933473 ], [ -73.966582, 40.799099000933445 ], [ -73.962047, 40.797184000933441 ], [ -73.961824, 40.797093000933444 ], [ -73.961593, 40.797002000933432 ], [ -73.961388, 40.79693400093344 ], [ -73.961185, 40.796890000933445 ], [ -73.960984, 40.796872000933433 ], [ -73.960795, 40.796883000933398 ], [ -73.960573, 40.796904000933409 ], [ -73.956739, 40.797535000933387 ], [ -73.953676, 40.798111000933439 ], [ -73.95331, 40.79817700093345 ], [ -73.953008, 40.798251000933412 ], [ -73.952702, 40.798356000933452 ], [ -73.95247, 40.798469000933444 ], [ -73.952322, 40.798560000933428 ], [ -73.952174, 40.79866500093339 ], [ -73.952007, 40.798841000933415 ], [ -73.951822, 40.799075000933449 ], [ -73.949625, 40.802098000933434 ], [ -73.945495, 40.807754000933443 ], [ -73.94077, 40.814229000933501 ], [ -73.937754, 40.818371000933539 ], [ -73.936245, 40.82042100093355 ], [ -73.9357, 40.821157000933496 ], [ -73.935688, 40.821174000933524 ], [ -73.935677, 40.821190000933548 ], [ -73.935665, 40.821205000933546 ], [ -73.935654, 40.821220000933515 ], [ -73.935642, 40.821234000933558 ], [ -73.93563, 40.821248000933522 ], [ -73.935618, 40.821262000933515 ], [ -73.935606, 40.821276000933537 ], [ -73.935594, 40.821289000933525 ], [ -73.935582, 40.821301000933538 ], [ -73.93557, 40.821314000933512 ], [ -73.935557, 40.821326000933531 ], [ -73.935545, 40.821337000933511 ], [ -73.935532, 40.821348000933533 ], [ -73.935519, 40.821358000933508 ], [ -73.935242, 40.821629000933527 ], [ -73.935225, 40.821645000933536 ], [ -73.935208, 40.821660000933555 ], [ -73.935192, 40.821675000933503 ], [ -73.935177, 40.821691000933512 ], [ -73.935163, 40.821707000933522 ], [ -73.935149, 40.821724000933571 ], [ -73.935135, 40.821740000933517 ], [ -73.935123, 40.821758000933528 ], [ -73.935111, 40.821775000933542 ], [ -73.935099, 40.82179300093356 ], [ -73.935089, 40.821811000933508 ], [ -73.935078, 40.821830000933524 ], [ -73.935069, 40.821849000933526 ], [ -73.93506, 40.821868000933534 ], [ -73.935052, 40.821888000933512 ], [ -73.934809, 40.822494000933567 ], [ -73.934772, 40.822568000933529 ], [ -73.934745, 40.822641000933523 ], [ -73.934725, 40.822710000933505 ], [ -73.934714, 40.82277700093352 ], [ -73.93471, 40.822840000933525 ], [ -73.934715, 40.822901000933555 ], [ -73.934728, 40.822959000933523 ], [ -73.934748, 40.823014000933533 ], [ -73.934777, 40.823066000933537 ], [ -73.934814, 40.823115000933541 ], [ -73.934859, 40.823162000933515 ], [ -73.934911, 40.823205000933513 ], [ -73.934972, 40.82324600093353 ], [ -73.935041, 40.82328300093355 ], [ -73.935118, 40.823318000933504 ], [ -73.93647, 40.823880000933507 ] ] ] } },
    { "type": "Feature", "properties": { "Division": "IRT", "Line": "New Lots", "route_id": "3", "color": "#EE352E" }, "geometry": { "type": "MultiLineString", "coordinates": [ [ [ -73.884079, 40.666235000932772 ], [ -73.889395, 40.665449000932817 ], [ -73.894895, 40.664635000932762 ], [ -73.902447, 40.663515000932804 ], [ -73.908946, 40.662549000932792 ], [ -73.916327, 40.661453000932752 ], [ -73.917633, 40.66125700093275 ], [ -73.918036, 40.66120100093277 ], [ -73.918245, 40.661198000932764 ], [ -73.918438, 40.661222000932781 ], [ -73.918614, 40.66127000093276 ], [ -73.918789, 40.661345000932748 ], [ -73.918958, 40.661450000932788 ], [ -73.919094, 40.661573000932734 ], [ -73.92261, 40.664717000932768 ], [ -73.924177, 40.666124000932761 ], [ -73.92424, 40.666185000932792 ], [ -73.924293, 40.666249000932773 ], [ -73.924356, 40.666335000932783 ], [ -73.92441, 40.666422000932798 ], [ -73.924503, 40.666613000932777 ], [ -73.924808, 40.667332000932795 ], [ -73.924861, 40.667449000932763 ], [ -73.924915, 40.667552000932801 ], [ -73.924974, 40.667649000932776 ], [ -73.925038, 40.667735000932787 ], [ -73.92516, 40.667882000932821 ], [ -73.925356, 40.668087000932822 ], [ -73.925486, 40.668213000932795 ], [ -73.925553, 40.668271000932812 ], [ -73.925625, 40.66832700093277 ], [ -73.925706, 40.668373000932782 ], [ -73.925796, 40.668415000932789 ], [ -73.925986, 40.668473000932806 ], [ -73.926171, 40.668508000932775 ], [ -73.926368, 40.668536000932804 ], [ -73.926593, 40.668554000932787 ], [ -73.932942, 40.668897000932823 ], [ -73.932943171999966, 40.668897064932807 ] ] ] } },
    { "type": "Feature", "properties": { "Division": "IRT", "Line": "Eastern Parkway", "route_id": "4", "color": "#009952" }, "geometry": { "type": "MultiLineString", "coordinates": [ [ [ -73.932927939999956, 40.668896240932803 ], [ -73.932942, 40.668897000932823 ], [ -73.942161, 40.669399000932813 ], [ -73.950466, 40.669847000932798 ], [ -73.951706, 40.669922000932793 ], [ -73.954713, 40.670083000932785 ], [ -73.954983, 40.670096000932809 ], [ -73.955258, 40.67011800093281 ], [ -73.955542, 40.670157000932804 ], [ -73.955823, 40.670208000932824 ], [ -73.958131, 40.670682000932793 ], [ -73.964375, 40.67198700093283 ], [ -73.968465, 40.672915000932811 ], [ -73.968631, 40.672955000932845 ], [ -73.968779, 40.672999000932819 ], [ -73.968947, 40.673056000932789 ], [ -73.969088, 40.673121000932795 ], [ -73.969259, 40.673208000932824 ], [ -73.969397, 40.673299000932808 ], [ -73.969546, 40.673414000932794 ], [ -73.969694, 40.673552000932794 ], [ -73.969806, 40.673679000932829 ], [ -73.971046, 40.67523500093283 ], [ -73.975098, 40.680829000932889 ], [ -73.977666, 40.684359000932858 ], [ -73.978708, 40.685781000932899 ], [ -73.980492, 40.688246000932885 ], [ -73.980654, 40.688475000932876 ], [ -73.980697, 40.6885330009329 ], [ -73.98074, 40.688593000932848 ], [ -73.980785, 40.688649000932898 ], [ -73.980833, 40.68870500093287 ], [ -73.980884, 40.688757000932902 ], [ -73.980941, 40.68880800093288 ], [ -73.981001, 40.688856000932887 ], [ -73.981065, 40.688902000932885 ], [ -73.981133, 40.688945000932883 ], [ -73.981205, 40.688987000932897 ], [ -73.98128, 40.68902700093291 ], [ -73.98136, 40.689062000932886 ], [ -73.981444, 40.689096000932935 ], [ -73.981529, 40.689130000932884 ], [ -73.981616, 40.689164000932927 ], [ -73.985055712999952, 40.690541281932873 ] ] ] } },
    { "type": "Feature", "properties": { "Division": "IRT", "Line": "Jerome", "route_id": "4", "color": "#009952" }, "geometry": { "type": "MultiLineString", "coordinates": [ [ [ -73.937569526999937, 40.804172647933434 ], [ -73.934685, 40.808118000933455 ], [ -73.934662, 40.808149000933483 ], [ -73.934639, 40.808179000933478 ], [ -73.934616, 40.808209000933445 ], [ -73.934592, 40.808239000933483 ], [ -73.934569, 40.808267000933469 ], [ -73.934546, 40.808296000933467 ], [ -73.934523, 40.808323000933449 ], [ -73.934501, 40.808351000933506 ], [ -73.934478, 40.80837700093349 ], [ -73.934455, 40.808403000933488 ], [ -73.934433, 40.808429000933465 ], [ -73.93441, 40.808454000933466 ], [ -73.934388, 40.808479000933453 ], [ -73.934366, 40.808503000933442 ], [ -73.934344, 40.808526000933433 ], [ -73.930931, 40.812093000933508 ], [ -73.929849, 40.813224000933502 ], [ -73.929281, 40.813881000933485 ], [ -73.929244, 40.813931000933472 ], [ -73.929209, 40.813982000933521 ], [ -73.929174, 40.814033000933506 ], [ -73.929142, 40.814085000933453 ], [ -73.92911, 40.814137000933528 ], [ -73.92908, 40.814189000933517 ], [ -73.929051, 40.814242000933476 ], [ -73.929023, 40.814295000933519 ], [ -73.928997, 40.814348000933492 ], [ -73.928972, 40.814402000933477 ], [ -73.928949, 40.814456000933504 ], [ -73.928927, 40.814511000933472 ], [ -73.928906, 40.81456600093351 ], [ -73.928886, 40.814621000933499 ], [ -73.928868, 40.814677000933528 ], [ -73.928138, 40.816617000933519 ], [ -73.928118, 40.816675000933479 ], [ -73.928097, 40.816732000933527 ], [ -73.928076, 40.81679000093348 ], [ -73.928054, 40.8168470009335 ], [ -73.928031, 40.816905000933552 ], [ -73.928008, 40.816962000933479 ], [ -73.927985, 40.817019000933527 ], [ -73.927961, 40.817077000933509 ], [ -73.927936, 40.817134000933528 ], [ -73.927911, 40.817191000933526 ], [ -73.927885, 40.817247000933513 ], [ -73.927859, 40.81730400093349 ], [ -73.927832, 40.817361000933531 ], [ -73.927805, 40.817417000933517 ], [ -73.927778, 40.81747400093353 ], [ -73.927351, 40.818375000933514 ], [ -73.926469, 40.820256000933512 ], [ -73.926398, 40.820412000933487 ], [ -73.926341, 40.820563000933518 ], [ -73.926291, 40.820713000933537 ], [ -73.926251, 40.820861000933519 ], [ -73.926218, 40.821007000933577 ], [ -73.926194, 40.821152000933516 ], [ -73.926179, 40.821296000933557 ], [ -73.926171, 40.821438000933533 ], [ -73.926173, 40.821579000933511 ], [ -73.926182, 40.821718000933529 ], [ -73.9262, 40.821856000933515 ], [ -73.926226, 40.821992000933555 ], [ -73.926261, 40.822127000933563 ], [ -73.926304, 40.822260000933525 ], [ -73.92635, 40.822389000933526 ], [ -73.927026, 40.824371000933546 ], [ -73.92707, 40.824472000933575 ], [ -73.927106, 40.824562000933575 ], [ -73.927132, 40.82464900093359 ], [ -73.927165, 40.824773000933533 ], [ -73.927191, 40.824910000933528 ], [ -73.92721, 40.825108000933554 ], [ -73.927208, 40.825316000933526 ], [ -73.927148, 40.825624000933558 ], [ -73.927074, 40.82584700093355 ], [ -73.926972, 40.826064000933528 ], [ -73.92684, 40.826290000933547 ], [ -73.925831, 40.827994000933565 ], [ -73.9214, 40.835537000933591 ], [ -73.920476, 40.837105000933626 ], [ -73.920309, 40.837361000933605 ], [ -73.92013, 40.83755600093361 ], [ -73.919948, 40.837704000933584 ], [ -73.919553, 40.837967000933602 ], [ -73.919312, 40.838130000933603 ], [ -73.919114, 40.838292000933656 ], [ -73.918951, 40.838463000933622 ], [ -73.918774, 40.838699000933644 ], [ -73.917791, 40.840075000933645 ], [ -73.914685, 40.844434000933632 ], [ -73.911794, 40.848480000933655 ], [ -73.910631, 40.850105000933674 ], [ -73.91058, 40.850182000933707 ], [ -73.910527, 40.850257000933681 ], [ -73.910472, 40.850332000933662 ], [ -73.910417, 40.850407000933679 ], [ -73.91036, 40.850482000933667 ], [ -73.910302, 40.850556000933665 ], [ -73.910243, 40.850631000933703 ], [ -73.910183, 40.850705000933679 ], [ -73.910121, 40.850779000933684 ], [ -73.910058, 40.850853000933647 ], [ -73.909995, 40.850927000933673 ], [ -73.909929, 40.851000000933688 ], [ -73.909863, 40.851074000933664 ], [ -73.909796, 40.851147000933665 ], [ -73.909727, 40.851220000933694 ], [ -73.907684, 40.853453000933683 ], [ -73.905801, 40.855537000933673 ], [ -73.905731, 40.855612000933696 ], [ -73.905663, 40.855688000933696 ], [ -73.905597, 40.855764000933711 ], [ -73.905533, 40.855839000933706 ], [ -73.90547, 40.85591500093367 ], [ -73.905409, 40.855991000933734 ], [ -73.90535, 40.856067000933706 ], [ -73.905292, 40.856143000933656 ], [ -73.905236, 40.856219000933706 ], [ -73.905182, 40.856295000933677 ], [ -73.905129, 40.85637100093367 ], [ -73.905078, 40.856446000933715 ], [ -73.905029, 40.85652200093368 ], [ -73.904981, 40.856598000933694 ], [ -73.904933, 40.856673000933704 ], [ -73.903879, 40.858407000933717 ], [ -73.90209, 40.861321000933714 ], [ -73.902053, 40.861383000933706 ], [ -73.902017, 40.861442000933742 ], [ -73.901982, 40.861500000933709 ], [ -73.901948, 40.861555000933734 ], [ -73.901915, 40.861609000933711 ], [ -73.901882, 40.861660000933682 ], [ -73.901851, 40.861709000933764 ], [ -73.901821, 40.861756000933745 ], [ -73.901792, 40.861801000933745 ], [ -73.901763, 40.861844000933736 ], [ -73.901736, 40.86188500093369 ], [ -73.90171, 40.861924000933698 ], [ -73.901684, 40.861961000933732 ], [ -73.90166, 40.861995000933703 ], [ -73.901636, 40.862028000933734 ], [ -73.901034, 40.862803000933731 ], [ -73.897174, 40.867760000933743 ], [ -73.895412, 40.870029000933762 ], [ -73.895375, 40.870071000933784 ], [ -73.895338, 40.870113000933756 ], [ -73.8953, 40.870154000933795 ], [ -73.895261, 40.870194000933743 ], [ -73.895221, 40.870233000933766 ], [ -73.89518, 40.870271000933776 ], [ -73.895138, 40.87030800093379 ], [ -73.895095, 40.87034400093377 ], [ -73.895052, 40.870379000933781 ], [ -73.895007, 40.870413000933745 ], [ -73.894961, 40.870446000933789 ], [ -73.894915, 40.870477000933761 ], [ -73.894867, 40.870508000933732 ], [ -73.894819, 40.870538000933784 ], [ -73.89477, 40.870567000933768 ], [ -73.892543, 40.871644000933763 ], [ -73.892483, 40.871675000933763 ], [ -73.892422, 40.871707000933789 ], [ -73.89236, 40.871741000933774 ], [ -73.892297, 40.871776000933799 ], [ -73.892233, 40.87181200093373 ], [ -73.892168, 40.871849000933793 ], [ -73.892103, 40.871888000933787 ], [ -73.892037, 40.87192800093375 ], [ -73.89197, 40.871970000933757 ], [ -73.891902, 40.872012000933772 ], [ -73.891833, 40.872057000933751 ], [ -73.891764, 40.872102000933758 ], [ -73.891693, 40.872149000933767 ], [ -73.891622, 40.872197000933745 ], [ -73.891551, 40.872246000933792 ], [ -73.890064, 40.873412000933762 ], [ -73.889335, 40.874005000933792 ], [ -73.889294, 40.874041000933772 ], [ -73.889253, 40.874078000933771 ], [ -73.889214, 40.87411500093382 ], [ -73.889175, 40.874154000933764 ], [ -73.889138, 40.874193000933786 ], [ -73.889102, 40.874233000933792 ], [ -73.889066, 40.874273000933798 ], [ -73.889032, 40.874315000933763 ], [ -73.888999, 40.874357000933742 ], [ -73.888966, 40.874400000933761 ], [ -73.888935, 40.874444000933778 ], [ -73.888905, 40.874489000933764 ], [ -73.888875, 40.874535000933768 ], [ -73.888847, 40.874581000933759 ], [ -73.88882, 40.874628000933782 ], [ -73.887857, 40.876764000933768 ], [ -73.887827, 40.876819000933821 ], [ -73.887796, 40.876873000933792 ], [ -73.887764, 40.876926000933764 ], [ -73.88773, 40.876978000933818 ], [ -73.887695, 40.877029000933781 ], [ -73.887659, 40.877080000933788 ], [ -73.887621, 40.877129000933778 ], [ -73.887581, 40.877178000933824 ], [ -73.88754, 40.877226000933803 ], [ -73.887498, 40.877273000933798 ], [ -73.887454, 40.8773200009338 ], [ -73.887409, 40.8773650009338 ], [ -73.887363, 40.877409000933788 ], [ -73.887315, 40.877453000933791 ], [ -73.887266, 40.877496000933803 ], [ -73.884655, 40.879750000933804 ], [ -73.881692, 40.882310000933835 ], [ -73.881629, 40.882368000933802 ], [ -73.881567, 40.882426000933847 ], [ -73.881506, 40.882483000933796 ], [ -73.881447, 40.882541000933834 ], [ -73.881389, 40.882599000933808 ], [ -73.881332, 40.882656000933828 ], [ -73.881276, 40.882714000933852 ], [ -73.881222, 40.882772000933826 ], [ -73.881169, 40.882829000933832 ], [ -73.881118, 40.882887000933813 ], [ -73.881067, 40.882945000933837 ], [ -73.881018, 40.883002000933793 ], [ -73.880971, 40.883060000933838 ], [ -73.880924, 40.883117000933815 ], [ -73.880879, 40.883175000933804 ], [ -73.878751, 40.886037000933847 ] ] ] } },
    { "type": "Feature", "properties": { "Division": "IRT", "Line": "Lexington", "route_id": "4", "color": "#009952" }, "geometry": { "type": "MultiLineString", "coordinates": [ [ [ -73.985055712999952, 40.690541281932873 ], [ -73.985065, 40.690545000932886 ], [ -73.989185, 40.692195000932891 ], [ -73.98923, 40.6922110009329 ], [ -73.989278, 40.692226000932912 ], [ -73.989328, 40.692242000932943 ], [ -73.989382, 40.692257000932898 ], [ -73.989438, 40.692271000932934 ], [ -73.989497, 40.692286000932889 ], [ -73.989558, 40.692300000932924 ], [ -73.989623, 40.692314000932932 ], [ -73.98969, 40.692328000932896 ], [ -73.98976, 40.692341000932913 ], [ -73.989832, 40.692354000932937 ], [ -73.989908, 40.692367000932904 ], [ -73.989986, 40.692380000932914 ], [ -73.990067, 40.692392000932905 ], [ -73.990151, 40.692404000932925 ], [ -73.99508, 40.693147000932932 ], [ -73.998992, 40.693837000932902 ], [ -73.999213, 40.693877000932915 ], [ -74.00052, 40.694217000932902 ], [ -74.001108, 40.694369000932937 ], [ -74.001884, 40.694560000932952 ], [ -74.002639, 40.694739000932898 ], [ -74.003274, 40.694909000932924 ], [ -74.003986, 40.695132000932929 ], [ -74.004589, 40.695366000932914 ], [ -74.005177, 40.695589000932905 ], [ -74.005764, 40.69581300093293 ], [ -74.006198, 40.696065000932911 ], [ -74.012544, 40.700938000932972 ], [ -74.013973, 40.702003000932962 ], [ -74.014111, 40.702119000932946 ], [ -74.014233, 40.702238000932979 ], [ -74.014341, 40.702361000932967 ], [ -74.014432, 40.702488000932988 ], [ -74.014509, 40.702618000932937 ], [ -74.014569, 40.702752000932932 ], [ -74.014615, 40.702890000932939 ], [ -74.014645, 40.703031000932981 ], [ -74.01466, 40.703176000932949 ], [ -74.014659, 40.703325000932992 ], [ -74.014643, 40.703477000932992 ], [ -74.014612, 40.703634000933008 ], [ -74.014565, 40.70379300093299 ], [ -74.014503, 40.703957000932967 ], [ -74.014428, 40.704123000932967 ], [ -74.014065, 40.704817000932962 ], [ -74.013932, 40.705053000933006 ], [ -74.013854, 40.705168000933021 ], [ -74.013759, 40.705299000932968 ], [ -74.011862, 40.707557000933001 ], [ -74.009509, 40.710368000933023 ], [ -74.00877, 40.711218000932973 ], [ -74.008748, 40.711238000933015 ], [ -74.008725, 40.711258000932993 ], [ -74.0087, 40.711278000933007 ], [ -74.008675, 40.711296000933004 ], [ -74.008649, 40.711314000933015 ], [ -74.008622, 40.711332000932991 ], [ -74.008594, 40.711348000932986 ], [ -74.008565, 40.711364000933017 ], [ -74.008536, 40.711379000933036 ], [ -74.008505, 40.711393000932993 ], [ -74.008473, 40.711406000933025 ], [ -74.008441, 40.711419000932992 ], [ -74.008407, 40.711431000932997 ], [ -74.008372, 40.711442000932998 ], [ -74.008338, 40.711451000933025 ], [ -74.00529, 40.712214000933031 ], [ -74.005233, 40.712228000932988 ], [ -74.005177, 40.712243000933015 ], [ -74.005124, 40.712260000933043 ], [ -74.005073, 40.712278000932983 ], [ -74.005023, 40.712297000932999 ], [ -74.004976, 40.712318000932981 ], [ -74.00493, 40.71234000093299 ], [ -74.004886, 40.712363000932989 ], [ -74.004845, 40.712387000932992 ], [ -74.004805, 40.712413000932962 ], [ -74.004767, 40.712440000933036 ], [ -74.004731, 40.712469000933005 ], [ -74.004697, 40.71249800093301 ], [ -74.004665, 40.712530000933043 ], [ -74.004631, 40.712564000933 ], [ -74.004131, 40.713065000933007 ], [ -74.003437, 40.713850000933007 ], [ -74.003402, 40.713889000933037 ], [ -74.003369, 40.713930000933019 ], [ -74.003339, 40.713971000933036 ], [ -74.003311, 40.714014000933062 ], [ -74.003286, 40.714057000932989 ], [ -74.003263, 40.714102000933011 ], [ -74.003242, 40.714149000933062 ], [ -74.003224, 40.714196000933029 ], [ -74.003209, 40.714244000933029 ], [ -74.003195, 40.714294000933023 ], [ -74.003184, 40.714345000932987 ], [ -74.003176, 40.714396000933036 ], [ -74.00317, 40.714449000933016 ], [ -74.003166, 40.714504000933005 ], [ -74.003165, 40.714559000933043 ], [ -74.003063, 40.715371000933033 ], [ -74.003059, 40.715405000933011 ], [ -74.003054, 40.71543800093302 ], [ -74.003048, 40.715471000933007 ], [ -74.00304, 40.715503000933026 ], [ -74.003031, 40.715535000933016 ], [ -74.00302, 40.715566000933059 ], [ -74.003008, 40.715597000933023 ], [ -74.002994, 40.715627000933004 ], [ -74.002979, 40.715657000933035 ], [ -74.002963, 40.715687000933045 ], [ -74.002945, 40.715716000933014 ], [ -74.002925, 40.715744000933007 ], [ -74.002905, 40.715772000933072 ], [ -74.002883, 40.715800000933037 ], [ -74.002859, 40.715827000933018 ], [ -74.000193, 40.718803000933036 ], [ -73.999049, 40.720055000933066 ], [ -73.997276, 40.722125000933076 ], [ -73.997264, 40.72213800093305 ], [ -73.997253, 40.72215100093306 ], [ -73.997241, 40.722163000933094 ], [ -73.997231, 40.722176000933061 ], [ -73.99722, 40.722188000933073 ], [ -73.99721, 40.722201000933055 ], [ -73.997201, 40.722213000933053 ], [ -73.997191, 40.72222500093303 ], [ -73.997183, 40.722237000933049 ], [ -73.997174, 40.722249000933033 ], [ -73.997166, 40.722261000933052 ], [ -73.997158, 40.722273000933036 ], [ -73.997151, 40.722285000933077 ], [ -73.997141, 40.722301000933079 ], [ -73.997128, 40.722322000933062 ], [ -73.99712, 40.722336000933055 ], [ -73.997112, 40.722350000933062 ], [ -73.997104, 40.72236400093302 ], [ -73.997096, 40.722379000933039 ], [ -73.997088, 40.722393000933074 ], [ -73.997081, 40.722407000933032 ], [ -73.997073, 40.722421000933068 ], [ -73.997066, 40.722435000933103 ], [ -73.99706, 40.722450000933073 ], [ -73.997053, 40.722464000933073 ], [ -73.997047, 40.72247800093308 ], [ -73.997041, 40.722492000933066 ], [ -73.997035, 40.722507000933057 ], [ -73.997029, 40.722521000933035 ], [ -73.996736, 40.723289000933065 ], [ -73.996726, 40.723314000933094 ], [ -73.996714, 40.723340000933057 ], [ -73.996702, 40.723365000933086 ], [ -73.99669, 40.723390000933065 ], [ -73.996676, 40.723415000933066 ], [ -73.996662, 40.723439000933055 ], [ -73.996647, 40.723464000933056 ], [ -73.996631, 40.723488000933031 ], [ -73.996614, 40.723512000933049 ], [ -73.996597, 40.723536000933031 ], [ -73.996579, 40.723560000933105 ], [ -73.99656, 40.723584000933087 ], [ -73.99654, 40.723607000933093 ], [ -73.996519, 40.723631000933075 ], [ -73.996498, 40.723654000933095 ], [ -73.994659, 40.725915000933057 ], [ -73.993622, 40.727308000933064 ], [ -73.99174, 40.729514000933101 ], [ -73.991705, 40.729555000933104 ], [ -73.991669, 40.729595000933102 ], [ -73.991631, 40.729634000933082 ], [ -73.991592, 40.729673000933104 ], [ -73.991551, 40.729711000933094 ], [ -73.991509, 40.729748000933078 ], [ -73.991466, 40.729785000933106 ], [ -73.991422, 40.729821000933107 ], [ -73.991376, 40.729856000933076 ], [ -73.991328, 40.729891000933094 ], [ -73.99128, 40.729925000933079 ], [ -73.991229, 40.729958000933102 ], [ -73.991178, 40.729991000933083 ], [ -73.991125, 40.730023000933116 ], [ -73.99107, 40.730054000933087 ], [ -73.991003, 40.73009800093309 ], [ -73.990941, 40.730144000933109 ], [ -73.990882, 40.730194000933103 ], [ -73.990827, 40.730246000933107 ], [ -73.990775, 40.730300000933099 ], [ -73.990727, 40.73035800093313 ], [ -73.990682, 40.730419000933097 ], [ -73.990641, 40.730482000933094 ], [ -73.990603, 40.730548000933105 ], [ -73.990569, 40.730618000933084 ], [ -73.990538, 40.730690000933087 ], [ -73.990511, 40.730765000933118 ], [ -73.990488, 40.730843000933092 ], [ -73.990468, 40.730923000933117 ], [ -73.990453, 40.731008000933059 ], [ -73.989863, 40.733476000933123 ], [ -73.989854, 40.733543000933125 ], [ -73.989847, 40.733612000933114 ], [ -73.989842, 40.733682000933115 ], [ -73.989839, 40.733755000933094 ], [ -73.989838, 40.733829000933142 ], [ -73.98984, 40.733905000933099 ], [ -73.989843, 40.733983000933137 ], [ -73.989849, 40.734063000933098 ], [ -73.989857, 40.73414500093314 ], [ -73.989867, 40.734228000933101 ], [ -73.98988, 40.734314000933097 ], [ -73.989894, 40.734401000933111 ], [ -73.989911, 40.734490000933121 ], [ -73.98993, 40.734580000933107 ], [ -73.989951, 40.734673000933135 ], [ -73.989958, 40.734726000933158 ], [ -73.989964, 40.734779000933109 ], [ -73.989967, 40.734832000933125 ], [ -73.989969, 40.73488400093315 ], [ -73.989968, 40.734935000933135 ], [ -73.989965, 40.734986000933105 ], [ -73.98996, 40.735035000933109 ], [ -73.989953, 40.735084000933092 ], [ -73.989944, 40.735133000933146 ], [ -73.989933, 40.73518100093316 ], [ -73.98992, 40.735228000933127 ], [ -73.989904, 40.735274000933153 ], [ -73.989887, 40.735320000933129 ], [ -73.989867, 40.735365000933129 ], [ -73.989845, 40.735409000933132 ], [ -73.986599, 40.73986400093316 ], [ -73.984264, 40.743070000933159 ], [ -73.982076, 40.746081000933174 ], [ -73.978287, 40.7512660009332 ], [ -73.97826, 40.751298000933232 ], [ -73.978232, 40.75132700093323 ], [ -73.978203, 40.751355000933202 ], [ -73.978172, 40.7513810009332 ], [ -73.978141, 40.751406000933187 ], [ -73.978108, 40.751430000933176 ], [ -73.978074, 40.751452000933185 ], [ -73.978038, 40.751472000933205 ], [ -73.978002, 40.751491000933193 ], [ -73.977964, 40.751509000933183 ], [ -73.977925, 40.751525000933228 ], [ -73.977884, 40.751540000933176 ], [ -73.977843, 40.751553000933185 ], [ -73.9778, 40.751565000933176 ], [ -73.977756, 40.751575000933215 ], [ -73.976848, 40.751776000933212 ], [ -73.976038, 40.751967000933192 ], [ -73.975979, 40.751983000933194 ], [ -73.975923, 40.751998000933213 ], [ -73.975869, 40.75201400093318 ], [ -73.975817, 40.752032000933191 ], [ -73.975768, 40.752051000933207 ], [ -73.975721, 40.752072000933218 ], [ -73.975676, 40.75209500093321 ], [ -73.975634, 40.752119000933199 ], [ -73.975594, 40.752145000933197 ], [ -73.975556, 40.752173000933183 ], [ -73.975521, 40.752202000933217 ], [ -73.975487, 40.752233000933202 ], [ -73.975456, 40.752266000933218 ], [ -73.975427, 40.752300000933189 ], [ -73.9754, 40.752336000933227 ], [ -73.97192, 40.757107000933267 ], [ -73.967967, 40.762526000933235 ], [ -73.96387, 40.768141000933312 ], [ -73.959874, 40.773620000933313 ], [ -73.955589, 40.779492000933352 ], [ -73.95107, 40.785672000933353 ], [ -73.947478, 40.790600000933395 ], [ -73.94425, 40.795020000933427 ], [ -73.941617, 40.798629000933431 ], [ -73.937594, 40.804138000933477 ], [ -73.93757, 40.804172000933441 ], [ -73.937569526999937, 40.804172647933434 ] ] ] } },
    { "type": "Feature", "properties": { "Division": "IRT", "Line": "Dyre Avenue", "route_id": "5", "color": "#009952" }, "geometry": { "type": "MultiLineString", "coordinates": [ [ [ -73.869881952999947, 40.84607780393366 ], [ -73.869878, 40.846084000933658 ], [ -73.869804, 40.846191000933636 ], [ -73.869717, 40.846327000933634 ], [ -73.869629, 40.846454000933647 ], [ -73.869399, 40.846768000933672 ], [ -73.869192, 40.847056000933691 ], [ -73.868975, 40.84738100093363 ], [ -73.868897, 40.847477000933637 ], [ -73.868816, 40.847572000933695 ], [ -73.868713, 40.847683000933685 ], [ -73.868618, 40.847777000933668 ], [ -73.86848, 40.847897000933649 ], [ -73.868344, 40.848010000933662 ], [ -73.868114, 40.848206000933672 ], [ -73.860495, 40.854364000933643 ], [ -73.857103, 40.85710900093369 ], [ -73.857034, 40.857168000933711 ], [ -73.856964, 40.857229000933735 ], [ -73.856894, 40.857291000933678 ], [ -73.856824, 40.857355000933701 ], [ -73.856754, 40.857420000933729 ], [ -73.856684, 40.857487000933716 ], [ -73.856615, 40.857555000933715 ], [ -73.856545, 40.85762400093369 ], [ -73.856476, 40.857695000933681 ], [ -73.856407, 40.857767000933727 ], [ -73.856338, 40.857840000933727 ], [ -73.856268, 40.857915000933708 ], [ -73.8562, 40.857992000933685 ], [ -73.856131, 40.858070000933708 ], [ -73.856063, 40.858149000933665 ], [ -73.855359, 40.858985000933728 ], [ -73.846384, 40.869526000933767 ], [ -73.838591, 40.87866300093382 ], [ -73.836547, 40.881070000933832 ], [ -73.834236, 40.88376800093382 ], [ -73.832712, 40.885577000933857 ], [ -73.832289, 40.886110000933797 ], [ -73.83155, 40.887136000933857 ], [ -73.831315, 40.887513000933858 ], [ -73.830834, 40.88830000093386 ] ] ] } },
    { "type": "Feature", "properties": { "Division": "IRT", "Line": "Eastern Parkway", "route_id": "5", "color": "#009952" }, "geometry": { "type": "MultiLineString", "coordinates": [ [ [ -73.951524119999988, 40.669906632932808 ], [ -73.951542, 40.66990900093284 ], [ -73.951706, 40.669922000932793 ], [ -73.954713, 40.670083000932785 ], [ -73.954983, 40.670096000932809 ], [ -73.955258, 40.67011800093281 ], [ -73.955542, 40.670157000932804 ], [ -73.955823, 40.670208000932824 ], [ -73.958131, 40.670682000932793 ], [ -73.964375, 40.67198700093283 ], [ -73.968465, 40.672915000932811 ], [ -73.968631, 40.672955000932845 ], [ -73.968779, 40.672999000932819 ], [ -73.968947, 40.673056000932789 ], [ -73.969088, 40.673121000932795 ], [ -73.969259, 40.673208000932824 ], [ -73.969397, 40.673299000932808 ], [ -73.969546, 40.673414000932794 ], [ -73.969694, 40.673552000932794 ], [ -73.969806, 40.673679000932829 ], [ -73.971046, 40.67523500093283 ], [ -73.975098, 40.680829000932889 ], [ -73.977666, 40.684359000932858 ], [ -73.978708, 40.685781000932899 ], [ -73.980492, 40.688246000932885 ], [ -73.980654, 40.688475000932876 ], [ -73.980697, 40.6885330009329 ], [ -73.98074, 40.688593000932848 ], [ -73.980785, 40.688649000932898 ], [ -73.980833, 40.68870500093287 ], [ -73.980884, 40.688757000932902 ], [ -73.980941, 40.68880800093288 ], [ -73.981001, 40.688856000932887 ], [ -73.981065, 40.688902000932885 ], [ -73.981133, 40.688945000932883 ], [ -73.981205, 40.688987000932897 ], [ -73.98128, 40.68902700093291 ], [ -73.98136, 40.689062000932886 ], [ -73.981444, 40.689096000932935 ], [ -73.981529, 40.689130000932884 ], [ -73.981616, 40.689164000932927 ], [ -73.985065, 40.690545000932886 ], [ -73.989185, 40.692195000932891 ], [ -73.98923, 40.6922110009329 ], [ -73.989278, 40.692226000932912 ], [ -73.989328, 40.692242000932943 ], [ -73.989351808, 40.692248613932939 ] ] ] } },
    { "type": "Feature", "properties": { "Division": "IRT", "Line": "Lexington", "route_id": "5", "color": "#009952" }, "geometry": { "type": "MultiLineString", "coordinates": [ [ [ -73.989351808, 40.692248613932939 ], [ -73.989382, 40.692257000932898 ], [ -73.989438, 40.692271000932934 ], [ -73.989497, 40.692286000932889 ], [ -73.989558, 40.692300000932924 ], [ -73.989623, 40.692314000932932 ], [ -73.98969, 40.692328000932896 ], [ -73.98976, 40.692341000932913 ], [ -73.989832, 40.692354000932937 ], [ -73.989908, 40.692367000932904 ], [ -73.989986, 40.692380000932914 ], [ -73.990067, 40.692392000932905 ], [ -73.990151, 40.692404000932925 ], [ -73.99508, 40.693147000932932 ], [ -73.998992, 40.693837000932902 ], [ -73.999213, 40.693877000932915 ], [ -74.00052, 40.694217000932902 ], [ -74.001108, 40.694369000932937 ], [ -74.001884, 40.694560000932952 ], [ -74.002639, 40.694739000932898 ], [ -74.003274, 40.694909000932924 ], [ -74.003986, 40.695132000932929 ], [ -74.004589, 40.695366000932914 ], [ -74.005177, 40.695589000932905 ], [ -74.005764, 40.69581300093293 ], [ -74.006198, 40.696065000932911 ], [ -74.012544, 40.700938000932972 ], [ -74.013973, 40.702003000932962 ], [ -74.014111, 40.702119000932946 ], [ -74.014233, 40.702238000932979 ], [ -74.014341, 40.702361000932967 ], [ -74.014432, 40.702488000932988 ], [ -74.014509, 40.702618000932937 ], [ -74.014569, 40.702752000932932 ], [ -74.014615, 40.702890000932939 ], [ -74.014645, 40.703031000932981 ], [ -74.01466, 40.703176000932949 ], [ -74.014659, 40.703325000932992 ], [ -74.014643, 40.703477000932992 ], [ -74.014612, 40.703634000933008 ], [ -74.014565, 40.70379300093299 ], [ -74.014503, 40.703957000932967 ], [ -74.014428, 40.704123000932967 ], [ -74.014065, 40.704817000932962 ], [ -74.013932, 40.705053000933006 ], [ -74.013854, 40.705168000933021 ], [ -74.013759, 40.705299000932968 ], [ -74.011862, 40.707557000933001 ], [ -74.009509, 40.710368000933023 ], [ -74.00877, 40.711218000932973 ], [ -74.008748, 40.711238000933015 ], [ -74.008725, 40.711258000932993 ], [ -74.0087, 40.711278000933007 ], [ -74.008675, 40.711296000933004 ], [ -74.008649, 40.711314000933015 ], [ -74.008622, 40.711332000932991 ], [ -74.008594, 40.711348000932986 ], [ -74.008565, 40.711364000933017 ], [ -74.008536, 40.711379000933036 ], [ -74.008505, 40.711393000932993 ], [ -74.008473, 40.711406000933025 ], [ -74.008441, 40.711419000932992 ], [ -74.008407, 40.711431000932997 ], [ -74.008372, 40.711442000932998 ], [ -74.008338, 40.711451000933025 ], [ -74.00529, 40.712214000933031 ], [ -74.005233, 40.712228000932988 ], [ -74.005177, 40.712243000933015 ], [ -74.005124, 40.712260000933043 ], [ -74.005073, 40.712278000932983 ], [ -74.005023, 40.712297000932999 ], [ -74.004976, 40.712318000932981 ], [ -74.00493, 40.71234000093299 ], [ -74.004886, 40.712363000932989 ], [ -74.004845, 40.712387000932992 ], [ -74.004805, 40.712413000932962 ], [ -74.004767, 40.712440000933036 ], [ -74.004731, 40.712469000933005 ], [ -74.004697, 40.71249800093301 ], [ -74.004665, 40.712530000933043 ], [ -74.004631, 40.712564000933 ], [ -74.004131, 40.713065000933007 ], [ -74.003437, 40.713850000933007 ], [ -74.003402, 40.713889000933037 ], [ -74.003369, 40.713930000933019 ], [ -74.003339, 40.713971000933036 ], [ -74.003311, 40.714014000933062 ], [ -74.003286, 40.714057000932989 ], [ -74.003263, 40.714102000933011 ], [ -74.003242, 40.714149000933062 ], [ -74.003224, 40.714196000933029 ], [ -74.003209, 40.714244000933029 ], [ -74.003195, 40.714294000933023 ], [ -74.003184, 40.714345000932987 ], [ -74.003176, 40.714396000933036 ], [ -74.00317, 40.714449000933016 ], [ -74.003166, 40.714504000933005 ], [ -74.003165, 40.714559000933043 ], [ -74.003063, 40.715371000933033 ], [ -74.003059, 40.715405000933011 ], [ -74.003054, 40.71543800093302 ], [ -74.003048, 40.715471000933007 ], [ -74.00304, 40.715503000933026 ], [ -74.003031, 40.715535000933016 ], [ -74.00302, 40.715566000933059 ], [ -74.003008, 40.715597000933023 ], [ -74.002994, 40.715627000933004 ], [ -74.002979, 40.715657000933035 ], [ -74.002963, 40.715687000933045 ], [ -74.002945, 40.715716000933014 ], [ -74.002925, 40.715744000933007 ], [ -74.002905, 40.715772000933072 ], [ -74.002883, 40.715800000933037 ], [ -74.002859, 40.715827000933018 ], [ -74.000193, 40.718803000933036 ], [ -73.999049, 40.720055000933066 ], [ -73.997276, 40.722125000933076 ], [ -73.997264, 40.72213800093305 ], [ -73.997253, 40.72215100093306 ], [ -73.997241, 40.722163000933094 ], [ -73.997231, 40.722176000933061 ], [ -73.99722, 40.722188000933073 ], [ -73.99721, 40.722201000933055 ], [ -73.997201, 40.722213000933053 ], [ -73.997191, 40.72222500093303 ], [ -73.997183, 40.722237000933049 ], [ -73.997174, 40.722249000933033 ], [ -73.997166, 40.722261000933052 ], [ -73.997158, 40.722273000933036 ], [ -73.997151, 40.722285000933077 ], [ -73.997141, 40.722301000933079 ], [ -73.997128, 40.722322000933062 ], [ -73.99712, 40.722336000933055 ], [ -73.997112, 40.722350000933062 ], [ -73.997104, 40.72236400093302 ], [ -73.997096, 40.722379000933039 ], [ -73.997088, 40.722393000933074 ], [ -73.997081, 40.722407000933032 ], [ -73.997073, 40.722421000933068 ], [ -73.997066, 40.722435000933103 ], [ -73.99706, 40.722450000933073 ], [ -73.997053, 40.722464000933073 ], [ -73.997047, 40.72247800093308 ], [ -73.997041, 40.722492000933066 ], [ -73.997035, 40.722507000933057 ], [ -73.997029, 40.722521000933035 ], [ -73.996736, 40.723289000933065 ], [ -73.996726, 40.723314000933094 ], [ -73.996714, 40.723340000933057 ], [ -73.996702, 40.723365000933086 ], [ -73.99669, 40.723390000933065 ], [ -73.996676, 40.723415000933066 ], [ -73.996662, 40.723439000933055 ], [ -73.996647, 40.723464000933056 ], [ -73.996631, 40.723488000933031 ], [ -73.996614, 40.723512000933049 ], [ -73.996597, 40.723536000933031 ], [ -73.996579, 40.723560000933105 ], [ -73.99656, 40.723584000933087 ], [ -73.99654, 40.723607000933093 ], [ -73.996519, 40.723631000933075 ], [ -73.996498, 40.723654000933095 ], [ -73.994659, 40.725915000933057 ], [ -73.993622, 40.727308000933064 ], [ -73.99174, 40.729514000933101 ], [ -73.991705, 40.729555000933104 ], [ -73.991669, 40.729595000933102 ], [ -73.991631, 40.729634000933082 ], [ -73.991592, 40.729673000933104 ], [ -73.991551, 40.729711000933094 ], [ -73.991509, 40.729748000933078 ], [ -73.991466, 40.729785000933106 ], [ -73.991422, 40.729821000933107 ], [ -73.991376, 40.729856000933076 ], [ -73.991328, 40.729891000933094 ], [ -73.99128, 40.729925000933079 ], [ -73.991229, 40.729958000933102 ], [ -73.991178, 40.729991000933083 ], [ -73.991125, 40.730023000933116 ], [ -73.99107, 40.730054000933087 ], [ -73.991003, 40.73009800093309 ], [ -73.990941, 40.730144000933109 ], [ -73.990882, 40.730194000933103 ], [ -73.990827, 40.730246000933107 ], [ -73.990775, 40.730300000933099 ], [ -73.990727, 40.73035800093313 ], [ -73.990682, 40.730419000933097 ], [ -73.990641, 40.730482000933094 ], [ -73.990603, 40.730548000933105 ], [ -73.990569, 40.730618000933084 ], [ -73.990538, 40.730690000933087 ], [ -73.990511, 40.730765000933118 ], [ -73.990488, 40.730843000933092 ], [ -73.990468, 40.730923000933117 ], [ -73.990453, 40.731008000933059 ], [ -73.989863, 40.733476000933123 ], [ -73.989854, 40.733543000933125 ], [ -73.989847, 40.733612000933114 ], [ -73.989842, 40.733682000933115 ], [ -73.989839, 40.733755000933094 ], [ -73.989838, 40.733829000933142 ], [ -73.98984, 40.733905000933099 ], [ -73.989843, 40.733983000933137 ], [ -73.989849, 40.734063000933098 ], [ -73.989857, 40.73414500093314 ], [ -73.989867, 40.734228000933101 ], [ -73.98988, 40.734314000933097 ], [ -73.989894, 40.734401000933111 ], [ -73.989911, 40.734490000933121 ], [ -73.98993, 40.734580000933107 ], [ -73.989951, 40.734673000933135 ], [ -73.989958, 40.734726000933158 ], [ -73.989964, 40.734779000933109 ], [ -73.989967, 40.734832000933125 ], [ -73.989969, 40.73488400093315 ], [ -73.989968, 40.734935000933135 ], [ -73.989965, 40.734986000933105 ], [ -73.98996, 40.735035000933109 ], [ -73.989953, 40.735084000933092 ], [ -73.989944, 40.735133000933146 ], [ -73.989933, 40.73518100093316 ], [ -73.98992, 40.735228000933127 ], [ -73.989904, 40.735274000933153 ], [ -73.989887, 40.735320000933129 ], [ -73.989867, 40.735365000933129 ], [ -73.989845, 40.735409000933132 ], [ -73.986599, 40.73986400093316 ], [ -73.984264, 40.743070000933159 ], [ -73.982076, 40.746081000933174 ], [ -73.978287, 40.7512660009332 ], [ -73.97826, 40.751298000933232 ], [ -73.978232, 40.75132700093323 ], [ -73.978203, 40.751355000933202 ], [ -73.978172, 40.7513810009332 ], [ -73.978141, 40.751406000933187 ], [ -73.978108, 40.751430000933176 ], [ -73.978074, 40.751452000933185 ], [ -73.978038, 40.751472000933205 ], [ -73.978002, 40.751491000933193 ], [ -73.977964, 40.751509000933183 ], [ -73.977925, 40.751525000933228 ], [ -73.977884, 40.751540000933176 ], [ -73.977843, 40.751553000933185 ], [ -73.9778, 40.751565000933176 ], [ -73.977756, 40.751575000933215 ], [ -73.976848, 40.751776000933212 ], [ -73.976038, 40.751967000933192 ], [ -73.975979, 40.751983000933194 ], [ -73.975923, 40.751998000933213 ], [ -73.975869, 40.75201400093318 ], [ -73.975817, 40.752032000933191 ], [ -73.975768, 40.752051000933207 ], [ -73.975721, 40.752072000933218 ], [ -73.975676, 40.75209500093321 ], [ -73.975634, 40.752119000933199 ], [ -73.975594, 40.752145000933197 ], [ -73.975556, 40.752173000933183 ], [ -73.975521, 40.752202000933217 ], [ -73.975487, 40.752233000933202 ], [ -73.975456, 40.752266000933218 ], [ -73.975427, 40.752300000933189 ], [ -73.9754, 40.752336000933227 ], [ -73.97192, 40.757107000933267 ], [ -73.967967, 40.762526000933235 ], [ -73.96387, 40.768141000933312 ], [ -73.959874, 40.773620000933313 ], [ -73.955589, 40.779492000933352 ], [ -73.95107, 40.785672000933353 ], [ -73.947478, 40.790600000933395 ], [ -73.94425, 40.795020000933427 ], [ -73.941617, 40.798629000933431 ], [ -73.937594, 40.804138000933477 ], [ -73.93757, 40.804172000933441 ], [ -73.934685, 40.808118000933455 ], [ -73.934662, 40.808149000933483 ], [ -73.934639, 40.808179000933478 ], [ -73.934616, 40.808209000933445 ], [ -73.934592, 40.808239000933483 ], [ -73.934569, 40.808267000933469 ], [ -73.934546, 40.808296000933467 ], [ -73.934523, 40.808323000933449 ], [ -73.934501, 40.808351000933506 ], [ -73.934478, 40.80837700093349 ], [ -73.934455, 40.808403000933488 ], [ -73.934433, 40.808429000933465 ], [ -73.93441, 40.808454000933466 ], [ -73.934388, 40.808479000933453 ], [ -73.934366, 40.808503000933442 ], [ -73.934344, 40.808526000933433 ], [ -73.930931, 40.812093000933508 ], [ -73.929849, 40.813224000933502 ], [ -73.929281, 40.813881000933485 ], [ -73.929244, 40.813931000933472 ], [ -73.929209, 40.813982000933521 ], [ -73.929174, 40.814033000933506 ], [ -73.929142, 40.814085000933453 ], [ -73.92911, 40.814137000933528 ], [ -73.92908, 40.814189000933517 ], [ -73.929051, 40.814242000933476 ], [ -73.929023, 40.814295000933519 ], [ -73.928997, 40.814348000933492 ], [ -73.928972, 40.814402000933477 ], [ -73.928949, 40.814456000933504 ], [ -73.928927, 40.814511000933472 ], [ -73.928906, 40.81456600093351 ], [ -73.928886, 40.814621000933499 ], [ -73.928868, 40.814677000933528 ], [ -73.928138, 40.816617000933519 ], [ -73.928118, 40.816675000933479 ], [ -73.928097, 40.816732000933527 ], [ -73.928076, 40.81679000093348 ], [ -73.928054, 40.8168470009335 ], [ -73.928031, 40.816905000933552 ], [ -73.928008, 40.816962000933479 ], [ -73.927985, 40.817019000933527 ], [ -73.927961, 40.817077000933509 ], [ -73.927936, 40.817134000933528 ], [ -73.927911, 40.817191000933526 ], [ -73.927885, 40.817247000933513 ], [ -73.927859, 40.81730400093349 ], [ -73.927832, 40.817361000933531 ], [ -73.927805, 40.817417000933517 ], [ -73.927778, 40.81747400093353 ] ] ] } },
    { "type": "Feature", "properties": { "Division": "IRT", "Line": "Nostrand", "route_id": "5", "color": "#009952" }, "geometry": { "type": "MultiLineString", "coordinates": [ [ [ -73.947642, 40.632836000932613 ], [ -73.948411, 40.639967000932664 ], [ -73.948959, 40.645098000932713 ], [ -73.949575, 40.650843000932738 ], [ -73.9502, 40.656652000932745 ], [ -73.95085, 40.662742000932752 ], [ -73.950967, 40.663927000932773 ], [ -73.950974, 40.663989000932808 ], [ -73.95098, 40.66405300093281 ], [ -73.950985, 40.664120000932748 ], [ -73.950989, 40.664189000932787 ], [ -73.950991, 40.664260000932792 ], [ -73.950992, 40.664333000932764 ], [ -73.950992, 40.664409000932757 ], [ -73.95099, 40.664487000932787 ], [ -73.950987, 40.664568000932746 ], [ -73.950983, 40.664650000932774 ], [ -73.950978, 40.664735000932779 ], [ -73.950971, 40.664823000932799 ], [ -73.950963, 40.664912000932802 ], [ -73.950954, 40.66500400093279 ], [ -73.950942, 40.665098000932822 ], [ -73.950683, 40.667883000932804 ], [ -73.950632, 40.668466000932824 ], [ -73.950569, 40.669120000932836 ], [ -73.950559, 40.669213000932793 ], [ -73.950557, 40.669300000932836 ], [ -73.95057, 40.669381000932788 ], [ -73.950596, 40.669457000932816 ], [ -73.950634, 40.669528000932836 ], [ -73.950684, 40.669592000932823 ], [ -73.950748, 40.669652000932786 ], [ -73.950823, 40.669705000932822 ], [ -73.950912, 40.669753000932836 ], [ -73.951013, 40.66979500093283 ], [ -73.951126, 40.669832000932793 ], [ -73.951252, 40.669863000932821 ], [ -73.951391, 40.669889000932805 ], [ -73.951524119999988, 40.669906632932808 ] ] ] } },
    { "type": "Feature", "properties": { "Division": "IRT", "Line": "White Plains", "route_id": "5", "color": "#009952" }, "geometry": { "type": "MultiLineString", "coordinates": [ [ [ -73.927778, 40.81747400093353 ], [ -73.927767, 40.8175110009335 ], [ -73.927758, 40.817547000933502 ], [ -73.927755, 40.817581000933529 ], [ -73.927756, 40.817615000933529 ], [ -73.927763, 40.817648000933538 ], [ -73.927776, 40.817680000933535 ], [ -73.927793, 40.817711000933485 ], [ -73.927816, 40.817741000933545 ], [ -73.927844, 40.817770000933514 ], [ -73.927878, 40.817799000933512 ], [ -73.927916, 40.817826000933486 ], [ -73.92796, 40.817853000933532 ], [ -73.92801, 40.817879000933516 ], [ -73.928064, 40.817904000933538 ], [ -73.92811, 40.817930000933522 ], [ -73.928157, 40.817953000933528 ], [ -73.928189, 40.817978000933486 ], [ -73.928219, 40.818003000933508 ], [ -73.928247, 40.818028000933495 ], [ -73.928274, 40.81805400093355 ], [ -73.928298, 40.81808000093352 ], [ -73.92832, 40.818106000933504 ], [ -73.928341, 40.81813200093351 ], [ -73.92836, 40.818159000933512 ], [ -73.928376, 40.818186000933473 ], [ -73.928391, 40.818213000933554 ], [ -73.928404, 40.818240000933528 ], [ -73.928415, 40.8182680009335 ], [ -73.928424, 40.818296000933501 ], [ -73.928431, 40.818324000933558 ], [ -73.928426, 40.818387000933498 ], [ -73.928415, 40.818444000933518 ], [ -73.928399, 40.818496000933486 ], [ -73.928378, 40.818542000933505 ], [ -73.928351, 40.818583000933508 ], [ -73.928318, 40.818618000933554 ], [ -73.928281, 40.818647000933495 ], [ -73.928238, 40.818671000933513 ], [ -73.928189, 40.81869000093355 ], [ -73.928136, 40.818702000933492 ], [ -73.928077, 40.81871000093355 ], [ -73.928012, 40.818711000933554 ], [ -73.927942, 40.818707000933543 ], [ -73.927867, 40.818698000933516 ], [ -73.927782, 40.818685000933556 ], [ -73.926718, 40.818410000933518 ], [ -73.917757, 40.816109000933487 ], [ -73.916675, 40.815782000933524 ], [ -73.916492, 40.815732000933458 ], [ -73.916277, 40.815702000933499 ], [ -73.915934, 40.815684000933494 ], [ -73.91568, 40.815699000933506 ], [ -73.915469, 40.815740000933495 ], [ -73.915203, 40.815820000933492 ], [ -73.914951, 40.815913000933527 ], [ -73.914835, 40.815961000933534 ], [ -73.914728, 40.816005000933515 ], [ -73.914448, 40.816109000933487 ], [ -73.914233, 40.816171000933522 ], [ -73.91403, 40.816201000933489 ], [ -73.913796, 40.816213000933509 ], [ -73.913574, 40.816201000933503 ], [ -73.913328, 40.816180000933514 ], [ -73.912669, 40.816113000933505 ], [ -73.911842, 40.816033000933523 ], [ -73.911136, 40.815974000933494 ], [ -73.910726, 40.815949000933507 ], [ -73.910364, 40.815931000933503 ], [ -73.910082, 40.815931000933503 ], [ -73.909808, 40.815926000933509 ], [ -73.909395, 40.815936000933547 ], [ -73.909111, 40.815963000933507 ], [ -73.908903, 40.816003000933527 ], [ -73.908682, 40.816055000933531 ], [ -73.908375, 40.816174000933522 ], [ -73.907807, 40.816490000933527 ], [ -73.905946, 40.817578000933501 ], [ -73.905518, 40.817813000933526 ], [ -73.905114, 40.818004000933506 ], [ -73.90421, 40.818400000933508 ], [ -73.903268, 40.818818000933561 ], [ -73.902687, 40.819113000933534 ], [ -73.90177, 40.819585000933536 ], [ -73.896736, 40.822181000933547 ], [ -73.893064, 40.824073000933538 ], [ -73.892771, 40.824223000933564 ], [ -73.892368, 40.824431000933572 ], [ -73.892265, 40.824494000933576 ], [ -73.892182, 40.824554000933539 ], [ -73.892091, 40.82464900093359 ], [ -73.892021, 40.824739000933576 ], [ -73.891978, 40.824818000933554 ], [ -73.891946, 40.824901000933565 ], [ -73.891929, 40.824983000933535 ], [ -73.891922, 40.825069000933539 ], [ -73.891924, 40.825522000933532 ], [ -73.891875, 40.829842000933567 ], [ -73.891865, 40.829993000933584 ], [ -73.891849, 40.830113000933572 ], [ -73.89183, 40.830227000933554 ], [ -73.891793, 40.830395000933592 ], [ -73.891704, 40.830667000933595 ], [ -73.891611, 40.830888000933598 ], [ -73.891469, 40.831153000933554 ], [ -73.89134, 40.831358000933605 ], [ -73.888195, 40.836619000933588 ], [ -73.888068, 40.836830000933624 ], [ -73.887939, 40.837034000933635 ], [ -73.8878, 40.837218000933618 ], [ -73.887734, 40.837288000933597 ], [ -73.88765, 40.837371000933622 ], [ -73.887544, 40.837463000933624 ], [ -73.887183, 40.83771300093364 ], [ -73.88512, 40.838935000933596 ], [ -73.884886, 40.839063000933635 ], [ -73.884651, 40.839165000933612 ], [ -73.884441, 40.839252000933627 ], [ -73.884172, 40.839342000933613 ], [ -73.883891, 40.839419000933646 ], [ -73.883573, 40.839484000933588 ], [ -73.883293, 40.839521000933622 ], [ -73.88303, 40.839546000933609 ], [ -73.882597, 40.83956700093362 ], [ -73.882191, 40.839591000933623 ], [ -73.881967, 40.839613000933589 ], [ -73.881759, 40.839642000933587 ], [ -73.881408, 40.839719000933613 ], [ -73.881149, 40.839802000933645 ], [ -73.88085, 40.839913000933649 ], [ -73.880498, 40.840057000933626 ], [ -73.880284, 40.840155000933613 ], [ -73.880147, 40.840229000933633 ], [ -73.880049, 40.840295000933587 ], [ -73.879899, 40.840415000933611 ], [ -73.879734, 40.840583000933613 ], [ -73.879283, 40.841051000933625 ], [ -73.879175, 40.841151000933586 ], [ -73.879076, 40.841205000933627 ], [ -73.878966, 40.841245000933647 ], [ -73.878829, 40.841273000933633 ], [ -73.878707, 40.841277000933651 ], [ -73.878599, 40.841267000933648 ], [ -73.878512, 40.84124900093363 ], [ -73.878423, 40.841212000933609 ], [ -73.878219, 40.841130000933667 ], [ -73.878027, 40.841049000933623 ], [ -73.877782, 40.840945000933587 ], [ -73.877644, 40.840895000933614 ], [ -73.877474, 40.840846000933638 ], [ -73.87733, 40.84081700093364 ], [ -73.877172, 40.840795000933625 ], [ -73.87701, 40.840786000933605 ], [ -73.876841, 40.84078400093361 ], [ -73.876624, 40.840801000933645 ], [ -73.876313, 40.840847000933621 ], [ -73.874736, 40.841121000933612 ], [ -73.874543, 40.841170000933595 ], [ -73.87443, 40.841210000933614 ], [ -73.874329, 40.841252000933636 ], [ -73.874215, 40.841324000933632 ], [ -73.874109, 40.841402000933662 ], [ -73.873488, 40.841894000933621 ], [ -73.87179, 40.843250000933658 ], [ -73.871389, 40.843567000933646 ], [ -73.871028, 40.843910000933626 ], [ -73.870857, 40.844101000933655 ], [ -73.870717, 40.844293000933639 ], [ -73.870597, 40.844505000933601 ], [ -73.870472, 40.844767000933629 ], [ -73.870143, 40.845525000933669 ], [ -73.869952755, 40.845966248933621 ], [ -73.869952, 40.845968000933638 ], [ -73.869609, 40.846768000933672 ], [ -73.869431, 40.847153000933652 ], [ -73.869194, 40.847565000933628 ], [ -73.868457, 40.848828000933644 ], [ -73.868153, 40.849338000933649 ], [ -73.867986, 40.849629000933668 ], [ -73.867921, 40.849772000933648 ], [ -73.867873, 40.849929000933656 ], [ -73.867846, 40.850070000933691 ], [ -73.867834, 40.850249000933708 ], [ -73.867615, 40.857192000933708 ], [ -73.867352, 40.865462000933732 ], [ -73.867164, 40.871356000933773 ], [ -73.867025, 40.875827000933803 ], [ -73.867016, 40.876190000933818 ], [ -73.866997, 40.876367000933818 ], [ -73.86697, 40.876523000933808 ], [ -73.866928, 40.876693000933791 ], [ -73.866859, 40.876861000933815 ], [ -73.866787, 40.876988000933764 ], [ -73.866256, 40.877850000933826 ], [ -73.863846, 40.881715000933809 ], [ -73.862633, 40.883895000933826 ], [ -73.860341, 40.888022000933837 ], [ -73.857473, 40.893193000933877 ], [ -73.855124, 40.89745100093387 ], [ -73.85494, 40.897716000933904 ], [ -73.854784, 40.897900000933888 ], [ -73.854376, 40.898379000933872 ] ] ] } },
    { "type": "Feature", "properties": { "Division": "IRT", "Line": "Lexington", "route_id": "6", "color": "#009952" }, "geometry": { "type": "MultiLineString", "coordinates": [ [ [ -74.004131, 40.713065000933007 ], [ -74.003437, 40.713850000933007 ], [ -74.003402, 40.713889000933037 ], [ -74.003369, 40.713930000933019 ], [ -74.003339, 40.713971000933036 ], [ -74.003311, 40.714014000933062 ], [ -74.003286, 40.714057000932989 ], [ -74.003263, 40.714102000933011 ], [ -74.003242, 40.714149000933062 ], [ -74.003224, 40.714196000933029 ], [ -74.003209, 40.714244000933029 ], [ -74.003195, 40.714294000933023 ], [ -74.003184, 40.714345000932987 ], [ -74.003176, 40.714396000933036 ], [ -74.00317, 40.714449000933016 ], [ -74.003166, 40.714504000933005 ], [ -74.003165, 40.714559000933043 ], [ -74.003063, 40.715371000933033 ], [ -74.003059, 40.715405000933011 ], [ -74.003054, 40.71543800093302 ], [ -74.003048, 40.715471000933007 ], [ -74.00304, 40.715503000933026 ], [ -74.003031, 40.715535000933016 ], [ -74.00302, 40.715566000933059 ], [ -74.003008, 40.715597000933023 ], [ -74.002994, 40.715627000933004 ], [ -74.002979, 40.715657000933035 ], [ -74.002963, 40.715687000933045 ], [ -74.002945, 40.715716000933014 ], [ -74.002925, 40.715744000933007 ], [ -74.002905, 40.715772000933072 ], [ -74.002883, 40.715800000933037 ], [ -74.002859, 40.715827000933018 ], [ -74.000193, 40.718803000933036 ], [ -73.999049, 40.720055000933066 ], [ -73.997276, 40.722125000933076 ], [ -73.997264, 40.72213800093305 ], [ -73.997253, 40.72215100093306 ], [ -73.997241, 40.722163000933094 ], [ -73.997231, 40.722176000933061 ], [ -73.99722, 40.722188000933073 ], [ -73.99721, 40.722201000933055 ], [ -73.997201, 40.722213000933053 ], [ -73.997191, 40.72222500093303 ], [ -73.997183, 40.722237000933049 ], [ -73.997174, 40.722249000933033 ], [ -73.997166, 40.722261000933052 ], [ -73.997158, 40.722273000933036 ], [ -73.997151, 40.722285000933077 ], [ -73.997141, 40.722301000933079 ], [ -73.997128, 40.722322000933062 ], [ -73.99712, 40.722336000933055 ], [ -73.997112, 40.722350000933062 ], [ -73.997104, 40.72236400093302 ], [ -73.997096, 40.722379000933039 ], [ -73.997088, 40.722393000933074 ], [ -73.997081, 40.722407000933032 ], [ -73.997073, 40.722421000933068 ], [ -73.997066, 40.722435000933103 ], [ -73.99706, 40.722450000933073 ], [ -73.997053, 40.722464000933073 ], [ -73.997047, 40.72247800093308 ], [ -73.997041, 40.722492000933066 ], [ -73.997035, 40.722507000933057 ], [ -73.997029, 40.722521000933035 ], [ -73.996736, 40.723289000933065 ], [ -73.996726, 40.723314000933094 ], [ -73.996714, 40.723340000933057 ], [ -73.996702, 40.723365000933086 ], [ -73.99669, 40.723390000933065 ], [ -73.996676, 40.723415000933066 ], [ -73.996662, 40.723439000933055 ], [ -73.996647, 40.723464000933056 ], [ -73.996631, 40.723488000933031 ], [ -73.996614, 40.723512000933049 ], [ -73.996597, 40.723536000933031 ], [ -73.996579, 40.723560000933105 ], [ -73.99656, 40.723584000933087 ], [ -73.99654, 40.723607000933093 ], [ -73.996519, 40.723631000933075 ], [ -73.996498, 40.723654000933095 ], [ -73.994659, 40.725915000933057 ], [ -73.993622, 40.727308000933064 ], [ -73.99174, 40.729514000933101 ], [ -73.991705, 40.729555000933104 ], [ -73.991669, 40.729595000933102 ], [ -73.991631, 40.729634000933082 ], [ -73.991592, 40.729673000933104 ], [ -73.991551, 40.729711000933094 ], [ -73.991509, 40.729748000933078 ], [ -73.991466, 40.729785000933106 ], [ -73.991422, 40.729821000933107 ], [ -73.991376, 40.729856000933076 ], [ -73.991328, 40.729891000933094 ], [ -73.99128, 40.729925000933079 ], [ -73.991229, 40.729958000933102 ], [ -73.991178, 40.729991000933083 ], [ -73.991125, 40.730023000933116 ], [ -73.99107, 40.730054000933087 ], [ -73.991003, 40.73009800093309 ], [ -73.990941, 40.730144000933109 ], [ -73.990882, 40.730194000933103 ], [ -73.990827, 40.730246000933107 ], [ -73.990775, 40.730300000933099 ], [ -73.990727, 40.73035800093313 ], [ -73.990682, 40.730419000933097 ], [ -73.990641, 40.730482000933094 ], [ -73.990603, 40.730548000933105 ], [ -73.990569, 40.730618000933084 ], [ -73.990538, 40.730690000933087 ], [ -73.990511, 40.730765000933118 ], [ -73.990488, 40.730843000933092 ], [ -73.990468, 40.730923000933117 ], [ -73.990453, 40.731008000933059 ], [ -73.989863, 40.733476000933123 ], [ -73.989854, 40.733543000933125 ], [ -73.989847, 40.733612000933114 ], [ -73.989842, 40.733682000933115 ], [ -73.989839, 40.733755000933094 ], [ -73.989838, 40.733829000933142 ], [ -73.98984, 40.733905000933099 ], [ -73.989843, 40.733983000933137 ], [ -73.989849, 40.734063000933098 ], [ -73.989857, 40.73414500093314 ], [ -73.989867, 40.734228000933101 ], [ -73.98988, 40.734314000933097 ], [ -73.989894, 40.734401000933111 ], [ -73.989911, 40.734490000933121 ], [ -73.98993, 40.734580000933107 ], [ -73.989951, 40.734673000933135 ], [ -73.989958, 40.734726000933158 ], [ -73.989964, 40.734779000933109 ], [ -73.989967, 40.734832000933125 ], [ -73.989969, 40.73488400093315 ], [ -73.989968, 40.734935000933135 ], [ -73.989965, 40.734986000933105 ], [ -73.98996, 40.735035000933109 ], [ -73.989953, 40.735084000933092 ], [ -73.989944, 40.735133000933146 ], [ -73.989933, 40.73518100093316 ], [ -73.98992, 40.735228000933127 ], [ -73.989904, 40.735274000933153 ], [ -73.989887, 40.735320000933129 ], [ -73.989867, 40.735365000933129 ], [ -73.989845, 40.735409000933132 ], [ -73.986599, 40.73986400093316 ], [ -73.984264, 40.743070000933159 ], [ -73.982076, 40.746081000933174 ], [ -73.978287, 40.7512660009332 ], [ -73.97826, 40.751298000933232 ], [ -73.978232, 40.75132700093323 ], [ -73.978203, 40.751355000933202 ], [ -73.978172, 40.7513810009332 ], [ -73.978141, 40.751406000933187 ], [ -73.978108, 40.751430000933176 ], [ -73.978074, 40.751452000933185 ], [ -73.978038, 40.751472000933205 ], [ -73.978002, 40.751491000933193 ], [ -73.977964, 40.751509000933183 ], [ -73.977925, 40.751525000933228 ], [ -73.977884, 40.751540000933176 ], [ -73.977843, 40.751553000933185 ], [ -73.9778, 40.751565000933176 ], [ -73.977756, 40.751575000933215 ], [ -73.976848, 40.751776000933212 ], [ -73.976038, 40.751967000933192 ], [ -73.975979, 40.751983000933194 ], [ -73.975923, 40.751998000933213 ], [ -73.975869, 40.75201400093318 ], [ -73.975817, 40.752032000933191 ], [ -73.975768, 40.752051000933207 ], [ -73.975721, 40.752072000933218 ], [ -73.975676, 40.75209500093321 ], [ -73.975634, 40.752119000933199 ], [ -73.975594, 40.752145000933197 ], [ -73.975556, 40.752173000933183 ], [ -73.975521, 40.752202000933217 ], [ -73.975487, 40.752233000933202 ], [ -73.975456, 40.752266000933218 ], [ -73.975427, 40.752300000933189 ], [ -73.9754, 40.752336000933227 ], [ -73.97192, 40.757107000933267 ], [ -73.967967, 40.762526000933235 ], [ -73.96387, 40.768141000933312 ], [ -73.959874, 40.773620000933313 ], [ -73.955589, 40.779492000933352 ], [ -73.95107, 40.785672000933353 ], [ -73.947478, 40.790600000933395 ], [ -73.94425, 40.795020000933427 ], [ -73.941617, 40.798629000933431 ], [ -73.937594, 40.804138000933477 ], [ -73.93757, 40.804172000933441 ], [ -73.934685, 40.808118000933455 ], [ -73.934662, 40.808149000933483 ], [ -73.934639, 40.808179000933478 ], [ -73.934616, 40.808209000933445 ], [ -73.934592, 40.808239000933483 ], [ -73.934569, 40.808267000933469 ], [ -73.934546, 40.808296000933467 ], [ -73.934523, 40.808323000933449 ], [ -73.934501, 40.808351000933506 ], [ -73.934478, 40.80837700093349 ], [ -73.934455, 40.808403000933488 ], [ -73.934433, 40.808429000933465 ], [ -73.93441, 40.808454000933466 ], [ -73.934388, 40.808479000933453 ], [ -73.934366, 40.808503000933442 ], [ -73.934344, 40.808526000933433 ], [ -73.93094287699995, 40.812080587933472 ] ] ] } },
    { "type": "Feature", "properties": { "Division": "IRT", "Line": "Pelham", "route_id": "6", "color": "#009952" }, "geometry": { "type": "MultiLineString", "coordinates": [ [ [ -73.93094287699995, 40.812080587933472 ], [ -73.930931, 40.812093000933508 ], [ -73.930756, 40.812201000933499 ], [ -73.930598, 40.812284000933481 ], [ -73.930441, 40.81235300093347 ], [ -73.930284, 40.812408000933502 ], [ -73.930128, 40.812449000933526 ], [ -73.929972, 40.812475000933524 ], [ -73.929817, 40.81248800093347 ], [ -73.929661, 40.812486000933454 ], [ -73.929507, 40.812471000933506 ], [ -73.929352, 40.812441000933475 ], [ -73.929199, 40.812397000933466 ], [ -73.929045, 40.81233900093352 ], [ -73.928892, 40.81226700093351 ], [ -73.928739, 40.812181000933499 ], [ -73.928587, 40.812079000933466 ], [ -73.927147, 40.810980000933476 ], [ -73.927116, 40.810957000933463 ], [ -73.927084, 40.810933000933474 ], [ -73.92705, 40.810910000933475 ], [ -73.927015, 40.810887000933462 ], [ -73.926978, 40.810863000933466 ], [ -73.926939, 40.810840000933467 ], [ -73.9269, 40.810817000933483 ], [ -73.926858, 40.810795000933481 ], [ -73.926815, 40.810772000933476 ], [ -73.926771, 40.810749000933477 ], [ -73.926725, 40.810727000933483 ], [ -73.926677, 40.810704000933463 ], [ -73.926628, 40.810682000933483 ], [ -73.926578, 40.810659000933455 ], [ -73.926526, 40.810637000933468 ], [ -73.926138, 40.810476000933477 ], [ -73.91924, 40.807566000933498 ], [ -73.914042, 40.805368000933441 ], [ -73.912932, 40.804902000933417 ], [ -73.912872, 40.804878000933435 ], [ -73.912813, 40.804858000933443 ], [ -73.912754, 40.804840000933467 ], [ -73.912696, 40.804826000933453 ], [ -73.91264, 40.804815000933459 ], [ -73.912584, 40.80480700093343 ], [ -73.912528, 40.804802000933464 ], [ -73.912474, 40.804801000933445 ], [ -73.91242, 40.804802000933471 ], [ -73.912368, 40.80480700093343 ], [ -73.912316, 40.804815000933459 ], [ -73.912264, 40.80482600093346 ], [ -73.912214, 40.804841000933472 ], [ -73.912165, 40.804858000933443 ], [ -73.912116, 40.80487900093344 ], [ -73.90891, 40.806334000933447 ], [ -73.90884, 40.806368000933453 ], [ -73.908774, 40.806404000933469 ], [ -73.908711, 40.806442000933473 ], [ -73.908651, 40.806483000933483 ], [ -73.908595, 40.806525000933497 ], [ -73.908543, 40.806570000933505 ], [ -73.908493, 40.806618000933476 ], [ -73.908447, 40.80666700093348 ], [ -73.908405, 40.806719000933448 ], [ -73.908366, 40.806773000933475 ], [ -73.90833, 40.806829000933455 ], [ -73.908298, 40.806887000933472 ], [ -73.908269, 40.806948000933431 ], [ -73.908244, 40.807011000933464 ], [ -73.908222, 40.807076000933463 ], [ -73.907657, 40.808719000933486 ], [ -73.907327, 40.809654000933513 ], [ -73.907266, 40.80983100093345 ], [ -73.907216, 40.809947000933505 ], [ -73.907191, 40.809991000933465 ], [ -73.907163, 40.810034000933463 ], [ -73.907133, 40.810076000933478 ], [ -73.907101, 40.81011700093346 ], [ -73.907067, 40.810156000933482 ], [ -73.907031, 40.810194000933507 ], [ -73.906993, 40.810231000933477 ], [ -73.906952, 40.810267000933479 ], [ -73.90691, 40.810301000933464 ], [ -73.904713, 40.811733000933501 ], [ -73.904667, 40.811765000933484 ], [ -73.904622, 40.811796000933519 ], [ -73.904577, 40.811826000933493 ], [ -73.904533, 40.81185500093347 ], [ -73.90449, 40.811883000933513 ], [ -73.904447, 40.811911000933492 ], [ -73.904406, 40.811937000933497 ], [ -73.904365, 40.811963000933488 ], [ -73.904324, 40.811988000933482 ], [ -73.904285, 40.812011000933488 ], [ -73.904246, 40.812034000933501 ], [ -73.904208, 40.812057000933471 ], [ -73.904171, 40.812078000933468 ], [ -73.904134, 40.812098000933474 ], [ -73.904098, 40.812118000933474 ], [ -73.904076, 40.812128000933463 ], [ -73.904054, 40.812138000933508 ], [ -73.904032, 40.81214800093349 ], [ -73.90401, 40.812157000933524 ], [ -73.903988, 40.812166000933473 ], [ -73.903967, 40.812174000933474 ], [ -73.903946, 40.812183000933516 ], [ -73.903924, 40.812191000933474 ], [ -73.903904, 40.812199000933518 ], [ -73.903883, 40.812206000933479 ], [ -73.903862, 40.81221400093348 ], [ -73.903842, 40.812221000933519 ], [ -73.903822, 40.812227000933504 ], [ -73.903802, 40.812234000933479 ], [ -73.903781, 40.812240000933478 ], [ -73.899485, 40.813447000933522 ], [ -73.899436, 40.813461000933529 ], [ -73.899388, 40.813475000933487 ], [ -73.899341, 40.813489000933494 ], [ -73.899295, 40.813505000933525 ], [ -73.899251, 40.813522000933482 ], [ -73.899208, 40.813539000933488 ], [ -73.899166, 40.8135570009335 ], [ -73.899126, 40.813577000933492 ], [ -73.899087, 40.813597000933513 ], [ -73.89905, 40.813618000933516 ], [ -73.899013, 40.813640000933525 ], [ -73.898978, 40.813663000933509 ], [ -73.898945, 40.81368700093352 ], [ -73.898913, 40.813712000933521 ], [ -73.898882, 40.813738000933512 ], [ -73.896435, 40.816104000933535 ], [ -73.891955, 40.820445000933518 ], [ -73.891926, 40.82046700093354 ], [ -73.891896, 40.820488000933551 ], [ -73.891865, 40.820509000933555 ], [ -73.891833, 40.820529000933568 ], [ -73.891799, 40.820549000933525 ], [ -73.891764, 40.820568000933513 ], [ -73.891728, 40.820587000933529 ], [ -73.891691, 40.820605000933561 ], [ -73.891653, 40.820623000933544 ], [ -73.891613, 40.820641000933556 ], [ -73.891573, 40.820658000933513 ], [ -73.891531, 40.820674000933543 ], [ -73.891488, 40.820691000933543 ], [ -73.891443, 40.82070700093351 ], [ -73.891398, 40.82072200093355 ], [ -73.890549, 40.820948000933519 ], [ -73.889769, 40.821171000933532 ], [ -73.889724, 40.821186000933558 ], [ -73.889678, 40.821202000933496 ], [ -73.889631, 40.821220000933515 ], [ -73.889584, 40.82124000093355 ], [ -73.889535, 40.821261000933532 ], [ -73.889486, 40.821284000933517 ], [ -73.889436, 40.821308000933513 ], [ -73.889385, 40.821334000933525 ], [ -73.889334, 40.821362000933554 ], [ -73.889281, 40.821391000933552 ], [ -73.889228, 40.821422000933516 ], [ -73.889174, 40.821454000933549 ], [ -73.889119, 40.821488000933527 ], [ -73.889064, 40.821524000933564 ], [ -73.889008, 40.821561000933521 ], [ -73.887776, 40.822368000933523 ], [ -73.887697, 40.822430000933522 ], [ -73.88762, 40.822492000933565 ], [ -73.887547, 40.822555000933576 ], [ -73.887477, 40.822620000933512 ], [ -73.88741, 40.822685000933525 ], [ -73.887346, 40.822751000933522 ], [ -73.887286, 40.822818000933538 ], [ -73.887229, 40.822886000933522 ], [ -73.887175, 40.822955000933547 ], [ -73.887126, 40.823025000933534 ], [ -73.887079, 40.823097000933572 ], [ -73.887035, 40.823170000933544 ], [ -73.886995, 40.82324200093354 ], [ -73.886957, 40.823316000933538 ], [ -73.88692, 40.823392000933566 ], [ -73.886853, 40.823529000933547 ], [ -73.886787, 40.823685000933573 ], [ -73.886737, 40.823837000933523 ], [ -73.886692, 40.823995000933522 ], [ -73.886651, 40.82420600093355 ], [ -73.886598, 40.824533000933506 ], [ -73.886283, 40.826525000933565 ], [ -73.88616, 40.827281000933532 ], [ -73.886127, 40.827392000933536 ], [ -73.886085, 40.827495000933574 ], [ -73.886034, 40.827592000933535 ], [ -73.885975, 40.827682000933549 ], [ -73.885907, 40.827765000933553 ], [ -73.885831, 40.827841000933567 ], [ -73.885747, 40.827910000933535 ], [ -73.885653, 40.827972000933549 ], [ -73.885552, 40.828027000933588 ], [ -73.885441, 40.828076000933585 ], [ -73.885323, 40.828117000933588 ], [ -73.885195, 40.828151000933559 ], [ -73.885059, 40.828179000933559 ], [ -73.884915, 40.828199000933573 ], [ -73.884763, 40.828212000933604 ], [ -73.882301, 40.828341000933612 ], [ -73.88225, 40.828344000933569 ], [ -73.882198, 40.828347000933569 ], [ -73.882147, 40.828349000933599 ], [ -73.882095, 40.82835200093357 ], [ -73.882043, 40.828355000933549 ], [ -73.881991, 40.828358000933555 ], [ -73.881939, 40.82836100093354 ], [ -73.881887, 40.828365000933601 ], [ -73.881834, 40.828368000933594 ], [ -73.881782, 40.828372000933605 ], [ -73.881729, 40.828376000933531 ], [ -73.881676, 40.828379000933573 ], [ -73.881623, 40.828383000933563 ], [ -73.881569, 40.828388000933579 ], [ -73.881516, 40.82839200093359 ], [ -73.879159, 40.828584000933539 ], [ -73.877668, 40.828708000933588 ], [ -73.877612, 40.828713000933561 ], [ -73.877555, 40.828719000933553 ], [ -73.877496, 40.82872700093359 ], [ -73.877436, 40.82873500093357 ], [ -73.877375, 40.828744000933547 ], [ -73.877313, 40.828755000933569 ], [ -73.877249, 40.828766000933562 ], [ -73.877184, 40.828778000933561 ], [ -73.877118, 40.828792000933596 ], [ -73.877051, 40.828806000933547 ], [ -73.876982, 40.82882200093357 ], [ -73.876912, 40.828838000933608 ], [ -73.876841, 40.828856000933534 ], [ -73.876769, 40.828874000933567 ], [ -73.876695, 40.828894000933552 ], [ -73.874516, 40.829521000933561 ], [ -73.867618, 40.831509000933572 ], [ -73.862382, 40.833019000933568 ], [ -73.862347, 40.833028000933609 ], [ -73.862313, 40.833037000933579 ], [ -73.862279, 40.833045000933552 ], [ -73.862245, 40.83305300093361 ], [ -73.862212, 40.833060000933571 ], [ -73.862178, 40.833067000933568 ], [ -73.862145, 40.833074000933607 ], [ -73.862113, 40.833080000933585 ], [ -73.86208, 40.833086000933584 ], [ -73.862048, 40.833091000933564 ], [ -73.862016, 40.833096000933608 ], [ -73.861984, 40.833100000933605 ], [ -73.861952, 40.833104000933595 ], [ -73.861921, 40.833107000933587 ], [ -73.86189, 40.833110000933573 ], [ -73.860816, 40.833226000933557 ], [ -73.851222, 40.834255000933581 ], [ -73.850055, 40.834379000933616 ], [ -73.849981, 40.834389000933605 ], [ -73.849907, 40.834402000933615 ], [ -73.849835, 40.834417000933563 ], [ -73.849763, 40.834435000933588 ], [ -73.849693, 40.834456000933592 ], [ -73.849623, 40.834480000933603 ], [ -73.849555, 40.834507000933584 ], [ -73.849487, 40.834536000933618 ], [ -73.849421, 40.834568000933579 ], [ -73.849355, 40.834603000933626 ], [ -73.849291, 40.834640000933589 ], [ -73.849227, 40.834681000933585 ], [ -73.849164, 40.834724000933605 ], [ -73.849103, 40.834769000933605 ], [ -73.849042, 40.834818000933581 ], [ -73.847036, 40.836488000933592 ], [ -73.842952, 40.839892000933652 ], [ -73.842229, 40.84049700093361 ], [ -73.842193, 40.840523000933636 ], [ -73.842157, 40.840549000933642 ], [ -73.842121, 40.840574000933636 ], [ -73.842086, 40.840598000933639 ], [ -73.842051, 40.840622000933635 ], [ -73.842016, 40.840645000933613 ], [ -73.841982, 40.840667000933635 ], [ -73.841948, 40.840689000933622 ], [ -73.841915, 40.840710000933626 ], [ -73.841881, 40.840730000933632 ], [ -73.841849, 40.840749000933656 ], [ -73.841816, 40.840768000933579 ], [ -73.841784, 40.840787000933609 ], [ -73.841752, 40.840804000933616 ], [ -73.841721, 40.840821000933623 ], [ -73.83743, 40.843045000933671 ], [ -73.837398, 40.843063000933597 ], [ -73.837367, 40.843081000933637 ], [ -73.837335, 40.843100000933639 ], [ -73.837305, 40.84311900093364 ], [ -73.837274, 40.843138000933649 ], [ -73.837244, 40.843157000933665 ], [ -73.837214, 40.843176000933632 ], [ -73.837184, 40.843196000933638 ], [ -73.837155, 40.843216000933616 ], [ -73.837126, 40.843236000933636 ], [ -73.837097, 40.843256000933664 ], [ -73.837069, 40.843277000933661 ], [ -73.837041, 40.843298000933657 ], [ -73.837013, 40.843319000933676 ], [ -73.836986, 40.843340000933644 ], [ -73.836322, 40.843863000933631 ], [ -73.832569, 40.846810000933665 ], [ -73.831662, 40.847525000933679 ], [ -73.831616, 40.847565000933628 ], [ -73.831572, 40.847606000933652 ], [ -73.831528, 40.847648000933653 ], [ -73.831486, 40.847691000933665 ], [ -73.831445, 40.847734000933663 ], [ -73.831406, 40.847778000933687 ], [ -73.831367, 40.847822000933647 ], [ -73.831329, 40.84786800093368 ], [ -73.831293, 40.84791400093367 ], [ -73.831258, 40.847961000933658 ], [ -73.831224, 40.848008000933675 ], [ -73.831191, 40.848056000933646 ], [ -73.83116, 40.848105000933643 ], [ -73.831129, 40.848155000933687 ], [ -73.8311, 40.84820500093366 ], [ -73.830739, 40.848810000933675 ], [ -73.830702, 40.848875000933688 ], [ -73.830666, 40.848940000933638 ], [ -73.830631, 40.849004000933633 ], [ -73.830598, 40.84906900093366 ], [ -73.830566, 40.849133000933683 ], [ -73.830536, 40.849196000933674 ], [ -73.830506, 40.849259000933699 ], [ -73.830478, 40.84932200093364 ], [ -73.830451, 40.849385000933665 ], [ -73.830426, 40.849448000933684 ], [ -73.830402, 40.849510000933677 ], [ -73.830379, 40.849571000933636 ], [ -73.830357, 40.849633000933643 ], [ -73.830337, 40.849694000933674 ], [ -73.830318, 40.849755000933676 ], [ -73.829967, 40.851038000933691 ], [ -73.829942, 40.851124000933659 ], [ -73.829912, 40.851206000933672 ], [ -73.829878, 40.851285000933707 ], [ -73.829841, 40.851361000933679 ], [ -73.829799, 40.851434000933665 ], [ -73.829753, 40.851504000933652 ], [ -73.829703, 40.851571000933674 ], [ -73.829648, 40.851634000933707 ], [ -73.82959, 40.851695000933681 ], [ -73.829528, 40.851752000933672 ], [ -73.829461, 40.851806000933692 ], [ -73.829391, 40.85185700093367 ], [ -73.829316, 40.851905000933677 ], [ -73.829237, 40.851949000933679 ], [ -73.829153, 40.851991000933708 ], [ -73.828121, 40.852462000933684 ] ] ] } },
    { "type": "Feature", "properties": { "Division": "IND", "Line": "8th Avenue", "route_id": "A", "color": "#0062CF" }, "geometry": { "type": "MultiLineString", "coordinates": [ [ [ -73.987050604999979, 40.697115658932937 ], [ -73.987036, 40.697395000932907 ], [ -73.987053, 40.697629000932935 ], [ -73.98709, 40.697848000932957 ], [ -73.987146, 40.698052000932968 ], [ -73.987221, 40.698240000932927 ], [ -73.987316, 40.698413000932959 ], [ -73.987429, 40.698570000932961 ], [ -73.987562, 40.698713000932962 ], [ -73.987713, 40.698840000932968 ], [ -73.987884, 40.698951000932986 ], [ -73.988074, 40.699047000932971 ], [ -73.988283, 40.69912800093293 ], [ -73.988511, 40.699194000932941 ], [ -73.988758, 40.699244000932993 ], [ -73.989025, 40.699279000932954 ], [ -73.989309, 40.699300000932951 ], [ -73.990531, 40.699337000932957 ], [ -73.991305, 40.699368000932935 ], [ -73.991423, 40.699375000932932 ], [ -73.991539, 40.699382000932957 ], [ -73.991654, 40.699391000932948 ], [ -73.991768, 40.699402000932984 ], [ -73.99188, 40.69941400093294 ], [ -73.991991, 40.699428000932983 ], [ -73.992101, 40.699444000932921 ], [ -73.992209, 40.699461000932956 ], [ -73.992316, 40.699480000932915 ], [ -73.992422, 40.69950000093295 ], [ -73.992527, 40.699523000932963 ], [ -73.99263, 40.699546000932948 ], [ -73.992732, 40.699572000932918 ], [ -73.992833, 40.699599000932942 ], [ -73.992931, 40.699629000932966 ], [ -73.996206, 40.700539000932956 ], [ -73.996623, 40.700676000932944 ], [ -73.99703, 40.700823000932978 ], [ -73.997422, 40.70097800093297 ], [ -73.9978, 40.701141000932957 ], [ -73.998162, 40.70131200093293 ], [ -73.998509, 40.70149100093294 ], [ -73.998841, 40.701679000932977 ], [ -73.999159, 40.70187500093293 ], [ -73.999461, 40.702079000932919 ], [ -73.999749, 40.702291000932966 ], [ -74.000021, 40.702511000932994 ], [ -74.000279, 40.702740000932963 ], [ -74.000522, 40.702976000932949 ], [ -74.000749, 40.703221000932956 ], [ -74.000966, 40.703473000932924 ], [ -74.004845, 40.708461000932999 ], [ -74.004894, 40.708525000933008 ], [ -74.004947, 40.708589000933024 ], [ -74.005002, 40.708651000932988 ], [ -74.005061, 40.708712000932977 ], [ -74.005122, 40.708771000932998 ], [ -74.005187, 40.70883000093297 ], [ -74.005254, 40.708886000932999 ], [ -74.005325, 40.708941000932981 ], [ -74.005398, 40.708995000933022 ], [ -74.005475, 40.709048000932995 ], [ -74.005554, 40.709099000932966 ], [ -74.005637, 40.709148000932956 ], [ -74.005722, 40.709197000933031 ], [ -74.005811, 40.709244000933012 ], [ -74.0059, 40.709287000933024 ], [ -74.007691, 40.710197000933007 ], [ -74.009737, 40.711226000933017 ], [ -74.009837, 40.711291000933031 ], [ -74.009924, 40.711358000933053 ], [ -74.009999, 40.711427000933028 ], [ -74.010062, 40.711498000933013 ], [ -74.010112, 40.711571000933006 ], [ -74.010149, 40.711645000932997 ], [ -74.010174, 40.711722000933023 ], [ -74.010187, 40.711801000932979 ], [ -74.010187, 40.711881000933019 ], [ -74.010175, 40.71196300093299 ], [ -74.01015, 40.712048000932974 ], [ -74.010113, 40.712134000932998 ], [ -74.010063, 40.712222000933004 ], [ -74.010001, 40.712312000933004 ], [ -74.009926, 40.712405000933003 ], [ -74.008585, 40.71411100093303 ], [ -74.005494, 40.718039000933018 ], [ -74.005447, 40.718106000932998 ], [ -74.005404, 40.718174000933011 ], [ -74.005365, 40.718242000933003 ], [ -74.005329, 40.718310000933052 ], [ -74.005297, 40.718379000933027 ], [ -74.005268, 40.71844900093307 ], [ -74.005243, 40.718519000933071 ], [ -74.005222, 40.718589000933044 ], [ -74.005203, 40.718660000933042 ], [ -74.005189, 40.718732000933031 ], [ -74.005178, 40.718804000933041 ], [ -74.00517, 40.718876000933086 ], [ -74.005166, 40.71894900093303 ], [ -74.005164, 40.719022000933037 ], [ -74.005166, 40.719096000933 ], [ -74.00523, 40.720785000933027 ], [ -74.005229, 40.720824000933042 ], [ -74.005294, 40.721758000933086 ], [ -74.005299, 40.721824000933012 ], [ -74.005302, 40.721889000933032 ], [ -74.005304, 40.721953000933048 ], [ -74.005304, 40.72201600093306 ], [ -74.005302, 40.722078000933067 ], [ -74.005299, 40.722140000933038 ], [ -74.005293, 40.722201000933062 ], [ -74.005286, 40.722261000933067 ], [ -74.005278, 40.722320000933031 ], [ -74.005267, 40.72237900093306 ], [ -74.005255, 40.722436000933094 ], [ -74.005241, 40.722493000933028 ], [ -74.005225, 40.722549000933071 ], [ -74.005208, 40.722605000933051 ], [ -74.005189, 40.722659000933085 ], [ -74.003739, 40.726227000933072 ], [ -74.00272, 40.728583000933114 ], [ -74.002705, 40.72862100093306 ], [ -74.002689, 40.728661000933094 ], [ -74.002673, 40.728702000933104 ], [ -74.002655, 40.728744000933084 ], [ -74.002637, 40.72878700093311 ], [ -74.002617, 40.72883100093312 ], [ -74.002597, 40.728876000933106 ], [ -74.002575, 40.72892200093311 ], [ -74.002552, 40.728970000933103 ], [ -74.002529, 40.729019000933093 ], [ -74.002504, 40.729068000933076 ], [ -74.002478, 40.729119000933075 ], [ -74.002452, 40.729171000933093 ], [ -74.002424, 40.729225000933084 ], [ -74.002395, 40.729279000933111 ], [ -74.001552, 40.730820000933129 ], [ -74.001539, 40.730845000933073 ], [ -74.001525, 40.730871000933078 ], [ -74.001511, 40.730897000933098 ], [ -74.001497, 40.730922000933134 ], [ -74.001482, 40.730948000933118 ], [ -74.001467, 40.730975000933078 ], [ -74.001451, 40.731001000933112 ], [ -74.001435, 40.731027000933089 ], [ -74.001419, 40.731054000933085 ], [ -74.001402, 40.73108000093314 ], [ -74.001385, 40.731107000933136 ], [ -74.001367, 40.731134000933103 ], [ -74.001349, 40.731161000933099 ], [ -74.001331, 40.731189000933092 ], [ -74.001312, 40.731216000933117 ], [ -74.000515, 40.732312000933071 ], [ -74.000495, 40.732338000933083 ], [ -74.000477, 40.732362000933144 ], [ -73.999777, 40.733324000933088 ], [ -73.999736, 40.733391000933111 ], [ -73.999702, 40.733459000933095 ], [ -73.999674, 40.73352700093313 ], [ -73.999652, 40.733596000933083 ], [ -73.999636, 40.733666000933091 ], [ -73.999626, 40.733736000933142 ], [ -73.999621, 40.73380700093314 ], [ -73.999622, 40.733878000933103 ], [ -73.999629, 40.733949000933109 ], [ -73.999642, 40.734021000933119 ], [ -73.99966, 40.734094000933098 ], [ -73.999685, 40.734167000933127 ], [ -73.999715, 40.734240000933141 ], [ -73.99975, 40.734314000933104 ], [ -73.999792, 40.734389000933149 ], [ -74.002433, 40.738807000933157 ], [ -74.002477, 40.738885000933131 ], [ -74.002514, 40.738964000933166 ], [ -74.002544, 40.739043000933108 ], [ -74.002567, 40.73912100093316 ], [ -74.002583, 40.739200000933124 ], [ -74.002592, 40.739278000933155 ], [ -74.002594, 40.739356000933093 ], [ -74.00259, 40.739434000933173 ], [ -74.002578, 40.739512000933146 ], [ -74.00256, 40.739589000933172 ], [ -74.002535, 40.739666000933163 ], [ -74.002502, 40.739744000933108 ], [ -74.002463, 40.739821000933155 ], [ -74.002417, 40.739897000933134 ], [ -74.002363, 40.739974000933167 ], [ -74.00169, 40.740893000933134 ], [ -73.998041, 40.745906000933182 ], [ -73.993391, 40.752287000933229 ], [ -73.989735, 40.757308000933257 ], [ -73.985984, 40.762456000933241 ], [ -73.985322, 40.763365000933291 ], [ -73.984138, 40.764986000933298 ], [ -73.981736, 40.768296000933304 ], [ -73.97641, 40.775594000933317 ], [ -73.972143, 40.781433000933347 ], [ -73.968916, 40.78586800093337 ], [ -73.964696, 40.791642000933351 ], [ -73.961454, 40.796092000933399 ], [ -73.958161, 40.800603000933478 ], [ -73.954882, 40.805085000933495 ], [ -73.953288, 40.80726700093345 ], [ -73.953236, 40.80733000093344 ], [ -73.95319, 40.807392000933461 ], [ -73.953148, 40.80745500093348 ], [ -73.95311, 40.807519000933475 ], [ -73.953075, 40.807583000933512 ], [ -73.953045, 40.807647000933443 ], [ -73.953018, 40.807711000933466 ], [ -73.952995, 40.807777000933456 ], [ -73.952976, 40.807842000933462 ], [ -73.952961, 40.807908000933473 ], [ -73.95295, 40.807975000933496 ], [ -73.952942, 40.808042000933483 ], [ -73.952939, 40.808109000933463 ], [ -73.952939, 40.808177000933476 ], [ -73.952941, 40.808245000933475 ], [ -73.95303, 40.809638000933489 ], [ -73.953033, 40.809699000933485 ], [ -73.953034, 40.809757000933459 ], [ -73.953033, 40.809815000933497 ], [ -73.95303, 40.809872000933474 ], [ -73.953025, 40.809927000933499 ], [ -73.953017, 40.809981000933476 ], [ -73.953007, 40.810035000933468 ], [ -73.952995, 40.8100870009335 ], [ -73.95298, 40.810138000933485 ], [ -73.952963, 40.810188000933444 ], [ -73.952943, 40.810237000933462 ], [ -73.952922, 40.810285000933519 ], [ -73.952898, 40.810332000933492 ], [ -73.952872, 40.810377000933507 ], [ -73.952842, 40.810422000933507 ], [ -73.952343, 40.811109000933484 ], [ -73.9523, 40.811167000933501 ], [ -73.952256, 40.811223000933452 ], [ -73.95221, 40.811279000933503 ], [ -73.952164, 40.811335000933454 ], [ -73.952117, 40.811390000933514 ], [ -73.952068, 40.811445000933503 ], [ -73.952019, 40.811500000933506 ], [ -73.951969, 40.811554000933484 ], [ -73.951917, 40.811608000933468 ], [ -73.951865, 40.811661000933505 ], [ -73.951811, 40.811714000933506 ], [ -73.951757, 40.811767000933465 ], [ -73.951701, 40.811819000933511 ], [ -73.951645, 40.811871000933493 ], [ -73.951586, 40.811923000933454 ], [ -73.950604, 40.812906000933488 ], [ -73.950568, 40.812938000933478 ], [ -73.950533, 40.812971000933501 ], [ -73.950498, 40.813004000933489 ], [ -73.950464, 40.81303800093351 ], [ -73.95043, 40.813073000933471 ], [ -73.950397, 40.813109000933487 ], [ -73.950363, 40.813145000933517 ], [ -73.950331, 40.813181000933483 ], [ -73.950298, 40.813219000933486 ], [ -73.950266, 40.813257000933518 ], [ -73.950234, 40.81329600093347 ], [ -73.950203, 40.813335000933506 ], [ -73.950172, 40.813376000933502 ], [ -73.950141, 40.813416000933536 ], [ -73.950112, 40.813459000933513 ], [ -73.949202, 40.814704000933503 ], [ -73.949174, 40.814741000933481 ], [ -73.949147, 40.814778000933501 ], [ -73.949121, 40.814815000933528 ], [ -73.949095, 40.814853000933482 ], [ -73.94907, 40.814892000933504 ], [ -73.949046, 40.814930000933522 ], [ -73.949023, 40.814969000933523 ], [ -73.949, 40.815009000933486 ], [ -73.948977, 40.815049000933492 ], [ -73.948956, 40.815089000933519 ], [ -73.948935, 40.815130000933522 ], [ -73.948914, 40.815171000933532 ], [ -73.948895, 40.815212000933499 ], [ -73.948875, 40.8152540009335 ], [ -73.948857, 40.815297000933491 ], [ -73.947649, 40.817894000933528 ], [ -73.944947, 40.823696000933538 ], [ -73.944926, 40.823739000933521 ], [ -73.944904, 40.823781000933558 ], [ -73.944882, 40.823822000933568 ], [ -73.94486, 40.823862000933573 ], [ -73.944837, 40.823902000933536 ], [ -73.944814, 40.823941000933523 ], [ -73.944791, 40.82398000093356 ], [ -73.944767, 40.824018000933563 ], [ -73.944743, 40.824055000933519 ], [ -73.944719, 40.824092000933533 ], [ -73.944694, 40.824127000933522 ], [ -73.944669, 40.824163000933538 ], [ -73.944643, 40.824197000933516 ], [ -73.944617, 40.824231000933544 ], [ -73.944591, 40.824264000933525 ], [ -73.944216, 40.824783000933515 ], [ -73.944148, 40.824882000933549 ], [ -73.943403, 40.825903000933529 ], [ -73.943379, 40.825938000933562 ], [ -73.943355, 40.825975000933546 ], [ -73.943333, 40.826012000933552 ], [ -73.943311, 40.82604900093358 ], [ -73.943289, 40.826087000933548 ], [ -73.943269, 40.826125000933544 ], [ -73.943249, 40.826164000933581 ], [ -73.943229, 40.826202000933591 ], [ -73.943211, 40.826242000933533 ], [ -73.943193, 40.826281000933541 ], [ -73.943176, 40.826321000933582 ], [ -73.943159, 40.826362000933578 ], [ -73.943144, 40.826402000933534 ], [ -73.943128, 40.826444000933549 ], [ -73.943113, 40.826486000933556 ], [ -73.941514, 40.830518000933566 ], [ -73.940709, 40.832909000933583 ], [ -73.9407, 40.83294000093359 ], [ -73.94069, 40.832971000933561 ], [ -73.94068, 40.833003000933608 ], [ -73.94067, 40.833035000933563 ], [ -73.940659, 40.833067000933561 ], [ -73.940648, 40.833100000933584 ], [ -73.940637, 40.83313300093355 ], [ -73.940625, 40.833166000933588 ], [ -73.940613, 40.833199000933583 ], [ -73.9406, 40.833233000933618 ], [ -73.940587, 40.833266000933584 ], [ -73.940574, 40.833301000933595 ], [ -73.94056, 40.833335000933566 ], [ -73.940546, 40.833370000933591 ], [ -73.940532, 40.833405000933574 ], [ -73.939915, 40.834797000933577 ], [ -73.939896, 40.834840000933603 ], [ -73.93988, 40.834883000933587 ], [ -73.939866, 40.834926000933606 ], [ -73.939853, 40.834970000933602 ], [ -73.939841, 40.835014000933604 ], [ -73.939832, 40.83505900093359 ], [ -73.939823, 40.835104000933619 ], [ -73.939817, 40.835150000933595 ], [ -73.939812, 40.835196000933614 ], [ -73.939809, 40.835242000933604 ], [ -73.939807, 40.835289000933585 ], [ -73.939807, 40.835337000933585 ], [ -73.939808, 40.83538500093357 ], [ -73.939811, 40.835433000933612 ], [ -73.939817, 40.835482000933609 ], [ -73.939892, 40.83601300093359 ], [ -73.940033, 40.836920000933631 ], [ -73.940037, 40.836954000933609 ], [ -73.940042, 40.836987000933625 ], [ -73.940046, 40.837021000933603 ], [ -73.940049, 40.837054000933627 ], [ -73.940052, 40.8370870009336 ], [ -73.940054, 40.8371210009336 ], [ -73.940055, 40.837154000933602 ], [ -73.940056, 40.837188000933587 ], [ -73.940057, 40.837221000933617 ], [ -73.940057, 40.837254000933598 ], [ -73.940056, 40.837288000933619 ], [ -73.940055, 40.837321000933599 ], [ -73.940053, 40.837354000933615 ], [ -73.94005, 40.837388000933586 ], [ -73.940047, 40.837421000933638 ], [ -73.939881, 40.839251000933608 ], [ -73.939876, 40.839308000933627 ], [ -73.939871, 40.839366000933609 ], [ -73.939865, 40.839423000933643 ], [ -73.939858, 40.839480000933619 ], [ -73.939851, 40.839537000933632 ], [ -73.939843, 40.839593000933597 ], [ -73.939834, 40.839649000933619 ], [ -73.939824, 40.839705000933613 ], [ -73.939814, 40.839760000933644 ], [ -73.939802, 40.839815000933598 ], [ -73.93979, 40.83986900093366 ], [ -73.939778, 40.839923000933609 ], [ -73.939764, 40.839977000933601 ], [ -73.93975, 40.840030000933638 ], [ -73.939735, 40.840083000933625 ], [ -73.939561, 40.840719000933603 ], [ -73.93939, 40.841395000933623 ], [ -73.939376, 40.841452000933621 ], [ -73.939363, 40.841509000933591 ], [ -73.93935, 40.841567000933651 ], [ -73.939338, 40.841625000933668 ], [ -73.939327, 40.841684000933625 ], [ -73.939317, 40.841744000933645 ], [ -73.939307, 40.8418040009336 ], [ -73.939299, 40.841864000933619 ], [ -73.939291, 40.841926000933618 ], [ -73.939284, 40.841987000933649 ], [ -73.939277, 40.842050000933611 ], [ -73.939271, 40.84211300093363 ], [ -73.939267, 40.842176000933634 ], [ -73.939262, 40.842240000933643 ], [ -73.939259, 40.842305000933635 ], [ -73.939202, 40.842713000933635 ], [ -73.939196, 40.84276800093361 ], [ -73.939189, 40.842825000933658 ], [ -73.939181, 40.842882000933621 ], [ -73.939173, 40.842941000933621 ], [ -73.939163, 40.843000000933664 ], [ -73.939152, 40.843061000933616 ], [ -73.939141, 40.843124000933614 ], [ -73.939129, 40.843187000933654 ], [ -73.939115, 40.843251000933648 ], [ -73.939101, 40.843317000933645 ], [ -73.939086, 40.843384000933646 ], [ -73.93907, 40.843451000933655 ], [ -73.939053, 40.843520000933665 ], [ -73.939036, 40.843591000933635 ], [ -73.939017, 40.843662000933648 ], [ -73.938886, 40.844266000933651 ], [ -73.938885, 40.844340000933641 ], [ -73.93889, 40.844412000933609 ], [ -73.9389, 40.844484000933676 ], [ -73.938916, 40.844554000933641 ], [ -73.938937, 40.844623000933638 ], [ -73.938964, 40.844692000933669 ], [ -73.938996, 40.844760000933654 ], [ -73.939033, 40.844826000933629 ], [ -73.939076, 40.844892000933662 ], [ -73.939125, 40.844957000933668 ], [ -73.939178, 40.845021000933627 ], [ -73.939238, 40.845084000933625 ], [ -73.939302, 40.845146000933653 ], [ -73.939372, 40.845208000933653 ], [ -73.939448, 40.845268000933622 ], [ -73.939709, 40.845466000933655 ], [ -73.939776, 40.84552300093366 ], [ -73.939837, 40.845583000933622 ], [ -73.939892, 40.845644000933646 ], [ -73.93994, 40.845707000933643 ], [ -73.939982, 40.845773000933654 ], [ -73.940017, 40.84584000093367 ], [ -73.940047, 40.84591000093365 ], [ -73.94007, 40.845981000933648 ], [ -73.940086, 40.846054000933627 ], [ -73.940097, 40.846130000933663 ], [ -73.940101, 40.846208000933665 ], [ -73.940099, 40.846287000933671 ], [ -73.94009, 40.846369000933635 ], [ -73.940075, 40.84645200093366 ], [ -73.940053, 40.846536000933668 ], [ -73.939704, 40.847391000933698 ], [ -73.937969, 40.851695000933681 ], [ -73.936887, 40.855112000933723 ], [ -73.936867, 40.855168000933709 ], [ -73.936848, 40.855225000933729 ], [ -73.936827, 40.85528100093368 ], [ -73.936806, 40.855336000933733 ], [ -73.936783, 40.855390000933681 ], [ -73.93676, 40.855444000933659 ], [ -73.936736, 40.855497000933703 ], [ -73.93671, 40.855549000933713 ], [ -73.936684, 40.855600000933677 ], [ -73.936656, 40.855651000933726 ], [ -73.936628, 40.855701000933699 ], [ -73.936599, 40.855750000933682 ], [ -73.936569, 40.855798000933696 ], [ -73.936537, 40.855845000933698 ], [ -73.936503, 40.85589300093369 ], [ -73.93418, 40.859022000933713 ], [ -73.930852, 40.863314000933734 ], [ -73.930814, 40.863360000933739 ], [ -73.930776, 40.863405000933739 ], [ -73.930735, 40.863450000933732 ], [ -73.930694, 40.863494000933734 ], [ -73.93065, 40.863537000933746 ], [ -73.930605, 40.863580000933737 ], [ -73.930558, 40.863623000933742 ], [ -73.93051, 40.863665000933715 ], [ -73.930459, 40.863707000933715 ], [ -73.930407, 40.863748000933711 ], [ -73.930354, 40.863788000933724 ], [ -73.930299, 40.863828000933758 ], [ -73.930242, 40.863868000933699 ], [ -73.930183, 40.863907000933736 ], [ -73.930123, 40.863946000933737 ], [ -73.928643, 40.86478900093374 ], [ -73.928091, 40.865077000933738 ], [ -73.928031, 40.865109000933771 ], [ -73.927971, 40.865141000933725 ], [ -73.927913, 40.865172000933704 ], [ -73.927855, 40.865202000933742 ], [ -73.927798, 40.865232000933737 ], [ -73.927742, 40.865261000933721 ], [ -73.927686, 40.865289000933757 ], [ -73.927632, 40.865317000933736 ], [ -73.927578, 40.865344000933739 ], [ -73.927525, 40.865370000933737 ], [ -73.927472, 40.865395000933731 ], [ -73.927421, 40.86542000093371 ], [ -73.92737, 40.865445000933768 ], [ -73.92732, 40.865468000933753 ], [ -73.927271, 40.86549100093378 ], [ -73.927208, 40.865518000933747 ], [ -73.927145, 40.865545000933743 ], [ -73.92708, 40.865572000933739 ], [ -73.927016, 40.865599000933727 ], [ -73.926951, 40.865625000933761 ], [ -73.926885, 40.865652000933757 ], [ -73.926818, 40.865678000933748 ], [ -73.926751, 40.865704000933739 ], [ -73.926684, 40.865730000933731 ], [ -73.926616, 40.865756000933729 ], [ -73.926547, 40.865782000933706 ], [ -73.926478, 40.865808000933782 ], [ -73.926408, 40.865833000933755 ], [ -73.926338, 40.865859000933746 ], [ -73.926267, 40.865884000933733 ], [ -73.92138, 40.867635000933774 ], [ -73.921333, 40.867652000933781 ], [ -73.921286, 40.867669000933731 ], [ -73.92124, 40.867685000933776 ], [ -73.921193, 40.867701000933764 ], [ -73.921147, 40.867717000933716 ], [ -73.921101, 40.867732000933763 ], [ -73.921056, 40.867747000933768 ], [ -73.92101, 40.86776200093373 ], [ -73.920965, 40.867777000933742 ], [ -73.92092, 40.867791000933778 ], [ -73.920875, 40.867806000933719 ], [ -73.920831, 40.86781900093375 ], [ -73.920786, 40.867833000933778 ], [ -73.920742, 40.867846000933724 ], [ -73.920698, 40.86785900093377 ], [ -73.919899, 40.868072000933743 ] ] ] } },
    { "type": "Feature", "properties": { "Division": "IND", "Line": "Fulton Street", "route_id": "A", "color": "#0062CF" }, "geometry": { "type": "MultiLineString", "coordinates": [ [ [ -73.865046882999934, 40.677046082932847 ], [ -73.86505, 40.677044000932852 ], [ -73.865742, 40.676558000932857 ], [ -73.865795, 40.676522000932799 ], [ -73.86585, 40.676487000932866 ], [ -73.865905, 40.676454000932829 ], [ -73.865961, 40.676422000932824 ], [ -73.866018, 40.67639200093285 ], [ -73.866076, 40.67636300093281 ], [ -73.866134, 40.676335000932831 ], [ -73.866194, 40.676309000932861 ], [ -73.866254, 40.676284000932867 ], [ -73.866316, 40.676261000932854 ], [ -73.866378, 40.676239000932867 ], [ -73.866441, 40.676218000932842 ], [ -73.866505, 40.676199000932854 ], [ -73.86657, 40.676181000932829 ], [ -73.866636, 40.676166000932881 ], [ -73.872106, 40.675377000932805 ], [ -73.88075, 40.67413000093282 ], [ -73.890358, 40.672710000932817 ], [ -73.89383, 40.6721960009328 ], [ -73.894094, 40.672159000932837 ], [ -73.89434, 40.672140000932828 ], [ -73.894572, 40.672138000932847 ], [ -73.89479, 40.672154000932778 ], [ -73.894994, 40.672186000932832 ], [ -73.895184, 40.672236000932834 ], [ -73.89536, 40.672302000932817 ], [ -73.895522, 40.672386000932839 ], [ -73.895671, 40.672487000932811 ], [ -73.895805, 40.672605000932805 ], [ -73.895925, 40.672739000932793 ], [ -73.896032, 40.672891000932786 ], [ -73.896124, 40.673061000932847 ], [ -73.896202, 40.673247000932825 ], [ -73.896264, 40.673448000932851 ], [ -73.896548, 40.674542000932803 ], [ -73.897088, 40.676653000932824 ], [ -73.897162, 40.676834000932836 ], [ -73.897255, 40.677001000932854 ], [ -73.897365, 40.677156000932811 ], [ -73.897492, 40.677299000932848 ], [ -73.897637, 40.677430000932866 ], [ -73.897799, 40.677549000932856 ], [ -73.897979, 40.677657000932861 ], [ -73.898176, 40.677752000932855 ], [ -73.89839, 40.677836000932842 ], [ -73.898621, 40.677908000932852 ], [ -73.89887, 40.677969000932848 ], [ -73.899135, 40.678017000932861 ], [ -73.899419, 40.678054000932818 ], [ -73.899719, 40.678079000932826 ], [ -73.900033, 40.678093000932833 ], [ -73.900444, 40.678112000932842 ], [ -73.900494, 40.678114000932865 ], [ -73.900543, 40.678117000932815 ], [ -73.900593, 40.678120000932829 ], [ -73.900641, 40.678123000932821 ], [ -73.90069, 40.678126000932878 ], [ -73.900738, 40.678130000932867 ], [ -73.900785, 40.678134000932843 ], [ -73.900833, 40.678138000932854 ], [ -73.900879, 40.67814200093283 ], [ -73.900926, 40.678147000932867 ], [ -73.900972, 40.678152000932876 ], [ -73.901017, 40.678157000932863 ], [ -73.901063, 40.678162000932836 ], [ -73.901108, 40.678168000932835 ], [ -73.901152, 40.678174000932877 ], [ -73.902619, 40.678361000932846 ], [ -73.902668, 40.678365000932828 ], [ -73.902717, 40.678369000932832 ], [ -73.902767, 40.678373000932886 ], [ -73.902816, 40.678376000932879 ], [ -73.902866, 40.678379000932864 ], [ -73.902915, 40.678382000932849 ], [ -73.902965, 40.678384000932837 ], [ -73.903015, 40.678386000932854 ], [ -73.903065, 40.678388000932841 ], [ -73.903115, 40.678389000932825 ], [ -73.903165, 40.678390000932836 ], [ -73.903215, 40.678390000932843 ], [ -73.903266, 40.678391000932841 ], [ -73.903316, 40.678390000932836 ], [ -73.903367, 40.678390000932843 ], [ -73.905316, 40.67833400093285 ], [ -73.907997, 40.678227000932836 ], [ -73.908133, 40.678221000932865 ], [ -73.90827, 40.678217000932861 ], [ -73.908405, 40.678213000932807 ], [ -73.908539, 40.678211000932826 ], [ -73.908673, 40.67820900093281 ], [ -73.908805, 40.678207000932836 ], [ -73.908936, 40.678207000932836 ], [ -73.909066, 40.678207000932851 ], [ -73.909195, 40.678208000932841 ], [ -73.909323, 40.678210000932829 ], [ -73.909449, 40.678213000932807 ], [ -73.909575, 40.678216000932863 ], [ -73.9097, 40.678220000932875 ], [ -73.909823, 40.678225000932848 ], [ -73.909946, 40.678231000932819 ], [ -73.911946, 40.678340000932835 ], [ -73.920786, 40.678822000932826 ], [ -73.930729, 40.679364000932871 ], [ -73.940858, 40.679921000932858 ], [ -73.950426, 40.680438000932831 ], [ -73.952338, 40.680543000932872 ], [ -73.952432, 40.680548000932852 ], [ -73.952527, 40.680554000932815 ], [ -73.952624, 40.680561000932883 ], [ -73.952721, 40.68057000093286 ], [ -73.952821, 40.680580000932892 ], [ -73.952921, 40.68059100093285 ], [ -73.953023, 40.680604000932888 ], [ -73.953127, 40.680618000932839 ], [ -73.953232, 40.680634000932869 ], [ -73.953339, 40.680651000932855 ], [ -73.953447, 40.680669000932895 ], [ -73.953556, 40.680689000932844 ], [ -73.953667, 40.680710000932841 ], [ -73.953779, 40.680733000932833 ], [ -73.953893, 40.680757000932836 ], [ -73.956848, 40.681380000932869 ], [ -73.965838, 40.683263000932897 ], [ -73.96743, 40.683595000932854 ], [ -73.967499, 40.683608000932857 ], [ -73.967566, 40.683624000932916 ], [ -73.967634, 40.683640000932854 ], [ -73.967701, 40.683657000932861 ], [ -73.967769, 40.683675000932858 ], [ -73.967837, 40.683694000932888 ], [ -73.967904, 40.683715000932914 ], [ -73.967972, 40.683736000932889 ], [ -73.968039, 40.683758000932905 ], [ -73.968107, 40.683781000932903 ], [ -73.968175, 40.6838050009329 ], [ -73.968242, 40.683830000932886 ], [ -73.96831, 40.683856000932863 ], [ -73.968377, 40.683883000932859 ], [ -73.968445, 40.683911000932902 ], [ -73.973946, 40.686113000932878 ], [ -73.975438, 40.68672000093288 ], [ -73.97553, 40.686754000932901 ], [ -73.975621, 40.686786000932877 ], [ -73.975711, 40.686815000932867 ], [ -73.975803, 40.68684200093292 ], [ -73.975894, 40.686866000932888 ], [ -73.975986, 40.686888000932903 ], [ -73.976078, 40.686907000932905 ], [ -73.97617, 40.686924000932862 ], [ -73.976263, 40.686938000932884 ], [ -73.976356, 40.68695000093286 ], [ -73.976449, 40.686960000932892 ], [ -73.976543, 40.686966000932884 ], [ -73.976637, 40.686971000932871 ], [ -73.976731, 40.68697300093293 ], [ -73.976828, 40.686971000932864 ], [ -73.978621, 40.686762000932895 ], [ -73.978751, 40.686747000932854 ], [ -73.978877, 40.686735000932892 ], [ -73.979002, 40.686726000932936 ], [ -73.979124, 40.686721000932849 ], [ -73.979245, 40.686718000932878 ], [ -73.979363, 40.686718000932878 ], [ -73.97948, 40.68672000093288 ], [ -73.979594, 40.686726000932914 ], [ -73.979706, 40.686735000932885 ], [ -73.979816, 40.686747000932868 ], [ -73.979924, 40.686762000932887 ], [ -73.98003, 40.686779000932894 ], [ -73.980134, 40.686800000932891 ], [ -73.980236, 40.68682300093289 ], [ -73.980336, 40.686851000932883 ], [ -73.980738, 40.686969000932855 ], [ -73.980774, 40.686977000932899 ], [ -73.98081, 40.686986000932883 ], [ -73.980847, 40.686995000932853 ], [ -73.980884, 40.687004000932887 ], [ -73.980921, 40.687014000932869 ], [ -73.980958, 40.687025000932884 ], [ -73.980996, 40.687036000932885 ], [ -73.981034, 40.68704800093289 ], [ -73.981072, 40.68706000093286 ], [ -73.98111, 40.687073000932891 ], [ -73.981149, 40.687086000932908 ], [ -73.981188, 40.687100000932901 ], [ -73.981227, 40.687114000932915 ], [ -73.981266, 40.687129000932863 ], [ -73.981306, 40.687144000932904 ], [ -73.981883, 40.687350000932881 ], [ -73.981953, 40.687376000932879 ], [ -73.982022, 40.68740300093291 ], [ -73.982091, 40.687429000932902 ], [ -73.98216, 40.687455000932921 ], [ -73.982229, 40.687480000932887 ], [ -73.982299, 40.68750500093288 ], [ -73.982368, 40.68753100093285 ], [ -73.982438, 40.687555000932882 ], [ -73.982508, 40.687580000932854 ], [ -73.982578, 40.687604000932922 ], [ -73.982648, 40.687629000932901 ], [ -73.982718, 40.687653000932912 ], [ -73.982789, 40.687676000932917 ], [ -73.982859, 40.6877000009329 ], [ -73.98293, 40.687723000932898 ], [ -73.983005, 40.687747000932916 ], [ -73.98308, 40.687771000932912 ], [ -73.983155, 40.687795000932908 ], [ -73.983229, 40.687820000932881 ], [ -73.983304, 40.687845000932874 ], [ -73.983379, 40.687870000932868 ], [ -73.983454, 40.687896000932909 ], [ -73.983528, 40.687922000932907 ], [ -73.983603, 40.68794800093292 ], [ -73.983678, 40.687975000932937 ], [ -73.983752, 40.68800200093289 ], [ -73.983827, 40.688029000932865 ], [ -73.983901, 40.688056000932924 ], [ -73.983976, 40.688084000932911 ], [ -73.98405, 40.688112000932882 ], [ -73.985001, 40.688484000932917 ], [ -73.987376, 40.689409000932919 ], [ -73.987486, 40.689472000932938 ], [ -73.987586, 40.689540000932929 ], [ -73.987672, 40.689610000932902 ], [ -73.987747, 40.689684000932886 ], [ -73.987809, 40.689761000932883 ], [ -73.987858, 40.689841000932908 ], [ -73.987895, 40.689924000932919 ], [ -73.98792, 40.690011000932891 ], [ -73.987932, 40.690100000932887 ], [ -73.987931, 40.690192000932882 ], [ -73.987918, 40.690288000932924 ], [ -73.987892, 40.690387000932894 ], [ -73.987854, 40.690489000932942 ], [ -73.987803, 40.69059400093289 ], [ -73.987738, 40.690701000932904 ], [ -73.987582, 40.690945000932906 ], [ -73.987556, 40.690993000932899 ], [ -73.987532, 40.691041000932891 ], [ -73.987509, 40.691089000932884 ], [ -73.987488, 40.691138000932945 ], [ -73.987469, 40.691187000932928 ], [ -73.987452, 40.691236000932903 ], [ -73.987437, 40.691286000932898 ], [ -73.987423, 40.691336000932885 ], [ -73.987412, 40.691386000932937 ], [ -73.987402, 40.691437000932929 ], [ -73.987394, 40.691488000932921 ], [ -73.987387, 40.69153900093287 ], [ -73.987383, 40.691591000932924 ], [ -73.98738, 40.691643000932913 ], [ -73.987379, 40.691695000932889 ], [ -73.987343, 40.692332000932943 ], [ -73.987342, 40.692338000932914 ], [ -73.987343, 40.692346000932893 ], [ -73.987277, 40.693682000932952 ], [ -73.987276, 40.693715000932926 ], [ -73.987273, 40.693748000932899 ], [ -73.987271, 40.693782000932927 ], [ -73.987268, 40.693816000932905 ], [ -73.987265, 40.693850000932919 ], [ -73.987262, 40.693884000932904 ], [ -73.987259, 40.693919000932915 ], [ -73.987255, 40.69395300093295 ], [ -73.987252, 40.693988000932912 ], [ -73.987248, 40.69402400093292 ], [ -73.987244, 40.694059000932903 ], [ -73.98724, 40.694095000932926 ], [ -73.987235, 40.694131000932899 ], [ -73.987231, 40.694167000932921 ], [ -73.987226, 40.694204000932928 ], [ -73.987211, 40.694334000932905 ], [ -73.987206, 40.694364000932957 ], [ -73.987202, 40.694394000932903 ], [ -73.987198, 40.694424000932891 ], [ -73.987194, 40.69445500093294 ], [ -73.987191, 40.694487000932909 ], [ -73.987187, 40.694519000932949 ], [ -73.987184, 40.694551000932904 ], [ -73.987182, 40.694585000932939 ], [ -73.987179, 40.69461800093292 ], [ -73.987177, 40.694652000932948 ], [ -73.987175, 40.694687000932909 ], [ -73.987173, 40.694722000932934 ], [ -73.987172, 40.694758000932922 ], [ -73.987171, 40.694794000932944 ], [ -73.98717, 40.694832000932948 ], [ -73.987050604999979, 40.697115658932937 ] ] ] } },
    { "type": "Feature", "properties": { "Division": "IND", "Line": "Liberty Ave", "route_id": "A", "color": "#0062CF" }, "geometry": { "type": "MultiLineString", "coordinates": [ [ [ -73.841687, 40.680843000932853 ], [ -73.843853, 40.680429000932861 ], [ -73.844224, 40.680357000932865 ], [ -73.844289, 40.680345000932853 ], [ -73.844356, 40.680333000932883 ], [ -73.844422, 40.680322000932847 ], [ -73.84449, 40.680312000932879 ], [ -73.844557, 40.680302000932848 ], [ -73.844626, 40.680292000932859 ], [ -73.844695, 40.680283000932839 ], [ -73.844765, 40.680275000932845 ], [ -73.844835, 40.680267000932893 ], [ -73.844906, 40.680259000932836 ], [ -73.844978, 40.680252000932846 ], [ -73.84505, 40.680246000932883 ], [ -73.845123, 40.680240000932827 ], [ -73.845197, 40.680234000932856 ], [ -73.845271, 40.680229000932862 ], [ -73.85147, 40.679843000932863 ], [ -73.858992, 40.679371000932832 ], [ -73.860342, 40.679287000932867 ], [ -73.860372, 40.679285000932857 ], [ -73.860402, 40.679283000932841 ], [ -73.860432, 40.679281000932839 ], [ -73.860462, 40.679278000932854 ], [ -73.860492, 40.679275000932854 ], [ -73.860522, 40.679271000932836 ], [ -73.860552, 40.67926700093286 ], [ -73.860582, 40.679263000932835 ], [ -73.860612, 40.679258000932847 ], [ -73.860642, 40.679253000932889 ], [ -73.860673, 40.67924800093283 ], [ -73.860703, 40.679242000932838 ], [ -73.860733, 40.679236000932875 ], [ -73.860764, 40.679230000932883 ], [ -73.860794, 40.679223000932815 ], [ -73.861871, 40.678935000932874 ], [ -73.861947, 40.678912000932826 ], [ -73.862023, 40.678888000932844 ], [ -73.862097, 40.678862000932853 ], [ -73.862171, 40.678836000932847 ], [ -73.862244, 40.678808000932847 ], [ -73.862315, 40.678779000932892 ], [ -73.862386, 40.678749000932825 ], [ -73.862456, 40.67871800093284 ], [ -73.862525, 40.678686000932807 ], [ -73.862592, 40.678653000932862 ], [ -73.862659, 40.678618000932801 ], [ -73.862725, 40.678583000932839 ], [ -73.86279, 40.678546000932812 ], [ -73.862854, 40.678508000932872 ], [ -73.862917, 40.678469000932857 ], [ -73.865046882999934, 40.677046082932847 ] ], [ [ -73.841677100999974, 40.680844188932838 ], [ -73.841687, 40.680843000932853 ] ], [ [ -73.825798, 40.685951000932867 ], [ -73.828374, 40.685666000932869 ], [ -73.828442, 40.685658000932854 ], [ -73.828508, 40.685649000932877 ], [ -73.828573, 40.685639000932888 ], [ -73.828637, 40.685629000932899 ], [ -73.828699, 40.685618000932848 ], [ -73.828759, 40.685607000932897 ], [ -73.828819, 40.68559400093288 ], [ -73.828877, 40.685581000932892 ], [ -73.828933, 40.685568000932875 ], [ -73.828989, 40.685554000932861 ], [ -73.829043, 40.685539000932899 ], [ -73.829095, 40.685523000932868 ], [ -73.829146, 40.685507000932851 ], [ -73.829196, 40.685490000932894 ], [ -73.829244, 40.68547300093288 ], [ -73.832163, 40.684331000932879 ], [ -73.833227, 40.683908000932867 ], [ -73.833288, 40.683885000932854 ], [ -73.833349, 40.683861000932879 ], [ -73.833411, 40.683836000932857 ], [ -73.833473, 40.683810000932894 ], [ -73.833537, 40.683784000932874 ], [ -73.833601, 40.683757000932879 ], [ -73.833665, 40.683729000932843 ], [ -73.833731, 40.683701000932842 ], [ -73.833797, 40.683671000932861 ], [ -73.833863, 40.683641000932901 ], [ -73.833931, 40.683610000932831 ], [ -73.833999, 40.683579000932873 ], [ -73.834068, 40.68354600093285 ], [ -73.834137, 40.683513000932869 ], [ -73.834207, 40.683479000932856 ], [ -73.836319, 40.682328000932863 ], [ -73.836406, 40.682280000932856 ], [ -73.836494, 40.682233000932861 ], [ -73.836583, 40.682187000932856 ], [ -73.836672, 40.682142000932842 ], [ -73.836761, 40.682098000932868 ], [ -73.836851, 40.682055000932841 ], [ -73.836942, 40.682013000932876 ], [ -73.837033, 40.681972000932838 ], [ -73.837124, 40.681931000932885 ], [ -73.837216, 40.681892000932862 ], [ -73.837309, 40.681854000932852 ], [ -73.837402, 40.681817000932888 ], [ -73.837495, 40.681781000932865 ], [ -73.837589, 40.68174500093285 ], [ -73.837683, 40.681711000932879 ], [ -73.837753, 40.681686000932885 ], [ -73.837824, 40.681662000932874 ], [ -73.837895, 40.68163900093289 ], [ -73.837967, 40.681616000932898 ], [ -73.83804, 40.68159400093289 ], [ -73.838113, 40.681572000932881 ], [ -73.838187, 40.681551000932892 ], [ -73.838261, 40.681531000932878 ], [ -73.838337, 40.681511000932879 ], [ -73.838412, 40.681492000932842 ], [ -73.838489, 40.681474000932845 ], [ -73.838566, 40.681456000932812 ], [ -73.838644, 40.681439000932869 ], [ -73.838722, 40.681422000932876 ], [ -73.838801, 40.68140600093286 ], [ -73.841687, 40.680843000932853 ] ] ] } },
    { "type": "Feature", "properties": { "Division": "IND", "Line": "Rockaway", "route_id": "A", "color": "#0062CF" }, "geometry": { "type": "MultiLineString", "coordinates": [ [ [ -73.835592, 40.580903000932345 ], [ -73.83399, 40.581351000932351 ], [ -73.83397, 40.581356000932338 ], [ -73.833951, 40.58136200093238 ], [ -73.833931, 40.58136700093236 ], [ -73.833911, 40.581372000932348 ], [ -73.833891, 40.581377000932356 ], [ -73.83387, 40.581382000932372 ], [ -73.83385, 40.581387000932388 ], [ -73.83383, 40.581392000932375 ], [ -73.833809, 40.581397000932348 ], [ -73.833789, 40.58140200093235 ], [ -73.833768, 40.581407000932373 ], [ -73.833747, 40.581412000932374 ], [ -73.833726, 40.581417000932362 ], [ -73.833705, 40.581421000932352 ], [ -73.833684, 40.581426000932382 ], [ -73.833511, 40.581463000932352 ], [ -73.833494, 40.581467000932335 ], [ -73.833476, 40.581470000932349 ], [ -73.833458, 40.581474000932403 ], [ -73.833441, 40.581478000932393 ], [ -73.833423, 40.581482000932375 ], [ -73.833406, 40.581487000932363 ], [ -73.833388, 40.581491000932338 ], [ -73.83337, 40.581495000932385 ], [ -73.833352, 40.58150000093238 ], [ -73.833335, 40.58150400093237 ], [ -73.833317, 40.581509000932357 ], [ -73.833299, 40.58151400093233 ], [ -73.833281, 40.58151900093241 ], [ -73.833263, 40.581524000932362 ], [ -73.833245, 40.581529000932349 ], [ -73.83058, 40.582272000932356 ], [ -73.830528, 40.582287000932368 ], [ -73.830477, 40.582302000932351 ], [ -73.830425, 40.582317000932363 ], [ -73.830374, 40.582332000932389 ], [ -73.830323, 40.582347000932337 ], [ -73.830271, 40.582362000932363 ], [ -73.83022, 40.582378000932394 ], [ -73.83017, 40.582394000932403 ], [ -73.830119, 40.582410000932363 ], [ -73.830068, 40.582426000932387 ], [ -73.830018, 40.582442000932403 ], [ -73.829967, 40.582459000932346 ], [ -73.829917, 40.582475000932355 ], [ -73.829867, 40.582492000932383 ], [ -73.829817, 40.582509000932404 ], [ -73.829499, 40.582622000932389 ], [ -73.829444, 40.582642000932402 ], [ -73.82939, 40.582662000932366 ], [ -73.829336, 40.582681000932347 ], [ -73.829283, 40.582699000932358 ], [ -73.82923, 40.582718000932374 ], [ -73.829178, 40.582735000932381 ], [ -73.829126, 40.58275300093235 ], [ -73.829074, 40.582769000932352 ], [ -73.829024, 40.582786000932366 ], [ -73.828973, 40.582802000932389 ], [ -73.828923, 40.582817000932359 ], [ -73.828874, 40.582832000932378 ], [ -73.828825, 40.582846000932378 ], [ -73.828777, 40.582860000932378 ], [ -73.82873, 40.582874000932371 ], [ -73.827559, 40.583209000932371 ], [ -73.822788, 40.584540000932392 ], [ -73.82268, 40.584572000932361 ], [ -73.822574, 40.584604000932408 ], [ -73.822469, 40.584635000932373 ], [ -73.822366, 40.584667000932356 ], [ -73.822265, 40.584699000932389 ], [ -73.822164, 40.584731000932351 ], [ -73.822066, 40.584762000932386 ], [ -73.821969, 40.584794000932362 ], [ -73.821873, 40.584825000932426 ], [ -73.821779, 40.584857000932402 ], [ -73.821686, 40.584888000932366 ], [ -73.821595, 40.584920000932392 ], [ -73.821506, 40.584951000932342 ], [ -73.821418, 40.584983000932418 ], [ -73.82133, 40.585014000932382 ], [ -73.820558, 40.585307000932389 ], [ -73.813641, 40.588034000932382 ], [ -73.812143, 40.588627000932384 ], [ -73.812007, 40.588685000932408 ], [ -73.811874, 40.58874500093242 ], [ -73.811744, 40.588807000932356 ], [ -73.811617, 40.588871000932379 ], [ -73.811492, 40.58893800093238 ], [ -73.811371, 40.589008000932381 ], [ -73.811252, 40.589079000932387 ], [ -73.811135, 40.589153000932427 ], [ -73.811021, 40.589230000932403 ], [ -73.81091, 40.589309000932417 ], [ -73.810802, 40.589390000932411 ], [ -73.810697, 40.589474000932391 ], [ -73.810594, 40.589560000932394 ], [ -73.810493, 40.589649000932397 ], [ -73.810395, 40.589741000932406 ], [ -73.810192, 40.589962000932431 ], [ -73.810006, 40.590184000932432 ], [ -73.809841, 40.59040700093238 ], [ -73.809695, 40.5906300009324 ], [ -73.80957, 40.590854000932389 ], [ -73.809464, 40.591079000932389 ], [ -73.809379, 40.591304000932411 ], [ -73.809314, 40.591530000932401 ], [ -73.809269, 40.591756000932392 ], [ -73.809244, 40.591984000932385 ], [ -73.809239, 40.592211000932458 ], [ -73.809254, 40.592440000932442 ], [ -73.80929, 40.592668000932456 ], [ -73.809345, 40.592898000932422 ], [ -73.809421, 40.593127000932412 ] ], [ [ -73.809421, 40.593127000932412 ], [ -73.809322, 40.592881000932394 ], [ -73.809208, 40.592647000932416 ], [ -73.809079, 40.592425000932423 ], [ -73.808935, 40.592216000932424 ], [ -73.808775, 40.592018000932413 ], [ -73.808599, 40.591833000932439 ], [ -73.808409, 40.591660000932421 ], [ -73.808203, 40.591499000932401 ], [ -73.807982, 40.591350000932408 ], [ -73.807746, 40.591213000932399 ], [ -73.807494, 40.591089000932428 ], [ -73.807227, 40.590976000932415 ], [ -73.806945, 40.590876000932397 ], [ -73.806647, 40.590788000932385 ], [ -73.806332, 40.590713000932439 ], [ -73.804877, 40.590367000932417 ], [ -73.804719, 40.590333000932404 ], [ -73.804562, 40.590302000932432 ], [ -73.804406, 40.590275000932436 ], [ -73.804254, 40.59025100093244 ], [ -73.804103, 40.590230000932429 ], [ -73.803955, 40.590213000932401 ], [ -73.80381, 40.590200000932391 ], [ -73.803667, 40.590189000932412 ], [ -73.803526, 40.59018200093238 ], [ -73.803388, 40.590179000932395 ], [ -73.803252, 40.590179000932395 ], [ -73.803118, 40.59018200093238 ], [ -73.802987, 40.590189000932433 ], [ -73.802858, 40.59019900093238 ], [ -73.802733, 40.590214000932406 ], [ -73.796924, 40.590927000932453 ], [ -73.795446, 40.591110000932431 ], [ -73.795364, 40.591123000932399 ], [ -73.795281, 40.591136000932423 ], [ -73.795199, 40.591149000932376 ], [ -73.795117, 40.591163000932418 ], [ -73.795036, 40.591177000932433 ], [ -73.794955, 40.59119100093239 ], [ -73.794875, 40.591206000932409 ], [ -73.794795, 40.591221000932435 ], [ -73.794716, 40.591236000932398 ], [ -73.794637, 40.591252000932414 ], [ -73.794559, 40.591268000932438 ], [ -73.794481, 40.591284000932397 ], [ -73.794404, 40.59130100093239 ], [ -73.794327, 40.591318000932418 ], [ -73.794251, 40.591336000932444 ], [ -73.79089, 40.592186000932379 ], [ -73.790784, 40.592209000932392 ], [ -73.790671, 40.592232000932427 ], [ -73.790551, 40.592253000932388 ], [ -73.790423, 40.592272000932397 ], [ -73.790287, 40.592289000932432 ], [ -73.790144, 40.59230500093242 ], [ -73.789994, 40.592319000932399 ], [ -73.789836, 40.59233200093243 ], [ -73.789671, 40.592343000932402 ], [ -73.789498, 40.592352000932429 ], [ -73.789318, 40.592360000932402 ], [ -73.78913, 40.592366000932387 ], [ -73.788935, 40.592370000932434 ], [ -73.788732, 40.592373000932426 ], [ -73.788522, 40.592374000932431 ], [ -73.788434, 40.592373000932447 ], [ -73.788346, 40.592371000932438 ], [ -73.788259, 40.592369000932443 ], [ -73.788173, 40.592367000932391 ], [ -73.788088, 40.592364000932399 ], [ -73.788004, 40.592361000932407 ], [ -73.78792, 40.592358000932407 ], [ -73.787838, 40.592354000932417 ], [ -73.787756, 40.592350000932427 ], [ -73.787676, 40.592346000932451 ], [ -73.787596, 40.5923410009324 ], [ -73.787517, 40.592337000932396 ], [ -73.787439, 40.592331000932425 ], [ -73.787362, 40.592326000932445 ], [ -73.787287, 40.592320000932396 ], [ -73.785638, 40.592187000932455 ], [ -73.785479, 40.592176000932412 ], [ -73.785317, 40.592166000932451 ], [ -73.785156, 40.592158000932393 ], [ -73.784993, 40.592153000932392 ], [ -73.78483, 40.592149000932437 ], [ -73.784666, 40.592148000932433 ], [ -73.784502, 40.592148000932411 ], [ -73.784336, 40.592150000932421 ], [ -73.78417, 40.592155000932408 ], [ -73.784004, 40.592161000932371 ], [ -73.783836, 40.592169000932444 ], [ -73.783668, 40.592179000932397 ], [ -73.7835, 40.592192000932442 ], [ -73.78333, 40.592206000932386 ], [ -73.783159, 40.592222000932416 ], [ -73.776013, 40.592943000932422 ], [ -73.772796, 40.593269000932459 ], [ -73.772613, 40.593293000932448 ], [ -73.772433, 40.593322000932439 ], [ -73.772256, 40.593355000932405 ], [ -73.772082, 40.593392000932418 ], [ -73.771913, 40.593432000932417 ], [ -73.771746, 40.593477000932431 ], [ -73.771583, 40.593525000932424 ], [ -73.771424, 40.593578000932432 ], [ -73.771268, 40.593634000932447 ], [ -73.771115, 40.593694000932402 ], [ -73.770966, 40.593758000932404 ], [ -73.770821, 40.59382600093241 ], [ -73.770679, 40.593898000932398 ], [ -73.77054, 40.593974000932441 ], [ -73.770405, 40.594053000932405 ], [ -73.768175, 40.595398000932441 ], [ -73.762987, 40.598518000932458 ], [ -73.762911, 40.598562000932468 ], [ -73.762838, 40.598607000932489 ], [ -73.762767, 40.598653000932465 ], [ -73.762698, 40.598699000932463 ], [ -73.76263, 40.598747000932441 ], [ -73.762564, 40.598795000932441 ], [ -73.7625, 40.598843000932426 ], [ -73.762438, 40.598893000932421 ], [ -73.762377, 40.598943000932472 ], [ -73.762319, 40.598994000932464 ], [ -73.762262, 40.599045000932456 ], [ -73.762206, 40.599097000932439 ], [ -73.762153, 40.599150000932468 ], [ -73.762101, 40.59920400093246 ], [ -73.762051, 40.599257000932468 ], [ -73.761353, 40.600066000932429 ], [ -73.761181, 40.600262000932446 ], [ -73.761038, 40.600416000932455 ], [ -73.760888, 40.600570000932471 ], [ -73.760732, 40.600721000932481 ], [ -73.76057, 40.600870000932446 ], [ -73.760401, 40.601017000932472 ], [ -73.760227, 40.601163000932488 ], [ -73.760046, 40.601306000932496 ], [ -73.759859, 40.601447000932488 ], [ -73.759665, 40.601587000932469 ], [ -73.759466, 40.601724000932457 ], [ -73.75926, 40.601859000932457 ], [ -73.759048, 40.601993000932467 ], [ -73.75883, 40.60212400093247 ], [ -73.758606, 40.602254000932469 ], [ -73.758375, 40.602381000932461 ], [ -73.757241, 40.602984000932487 ], [ -73.757191, 40.60301000093245 ], [ -73.757142, 40.603036000932448 ], [ -73.757094, 40.603062000932489 ], [ -73.757046, 40.60308700093249 ], [ -73.757, 40.603112000932491 ], [ -73.756954, 40.603137000932513 ], [ -73.756909, 40.603162000932471 ], [ -73.756865, 40.603186000932475 ], [ -73.756822, 40.603210000932464 ], [ -73.75678, 40.603234000932467 ], [ -73.756738, 40.603258000932463 ], [ -73.756698, 40.603281000932462 ], [ -73.756658, 40.60330400093244 ], [ -73.756619, 40.60332700093246 ], [ -73.756581, 40.603349000932482 ], [ -73.756309, 40.603501000932482 ], [ -73.756281, 40.603518000932503 ], [ -73.756254, 40.603534000932427 ], [ -73.756226, 40.603550000932451 ], [ -73.756199, 40.603566000932489 ], [ -73.756172, 40.603582000932484 ], [ -73.756144, 40.603598000932458 ], [ -73.756117, 40.603613000932491 ], [ -73.756089, 40.603629000932493 ], [ -73.756062, 40.603644000932469 ], [ -73.756035, 40.603658000932484 ], [ -73.756007, 40.603673000932517 ], [ -73.75598, 40.603687000932453 ], [ -73.755953, 40.603701000932489 ], [ -73.755925, 40.603715000932482 ], [ -73.755898, 40.603729000932475 ], [ -73.755405, 40.6039950009325 ] ], [ [ -73.809421, 40.593127000932412 ], [ -73.815653, 40.607677000932519 ], [ -73.815661, 40.60769800093248 ], [ -73.81567, 40.607719000932477 ], [ -73.815678, 40.607740000932488 ], [ -73.815687, 40.607760000932487 ], [ -73.815696, 40.607781000932498 ], [ -73.815704, 40.607801000932497 ], [ -73.815713, 40.607822000932487 ], [ -73.815721, 40.607842000932507 ], [ -73.81573, 40.607862000932535 ], [ -73.815738, 40.607883000932496 ], [ -73.815746, 40.607903000932531 ], [ -73.815754, 40.607923000932473 ], [ -73.815762, 40.607942000932482 ], [ -73.81577, 40.60796200093251 ], [ -73.815778, 40.607982000932488 ], [ -73.815808, 40.608060000932532 ], [ -73.815838, 40.608140000932487 ], [ -73.815867, 40.608220000932519 ], [ -73.815896, 40.608300000932516 ], [ -73.815925, 40.608382000932522 ], [ -73.815954, 40.608465000932526 ], [ -73.815982, 40.608548000932487 ], [ -73.81601, 40.608632000932509 ], [ -73.816038, 40.608717000932536 ], [ -73.816065, 40.608803000932539 ], [ -73.816092, 40.608890000932469 ], [ -73.816119, 40.608977000932477 ], [ -73.816145, 40.609066000932494 ], [ -73.816171, 40.609155000932489 ], [ -73.816197, 40.609245000932496 ], [ -73.82842, 40.65613600093274 ], [ -73.828456, 40.656261000932709 ], [ -73.828493, 40.656385000932765 ], [ -73.828531, 40.656508000932732 ], [ -73.828571, 40.656629000932774 ], [ -73.828611, 40.656750000932725 ], [ -73.828652, 40.656870000932706 ], [ -73.828694, 40.656988000932728 ], [ -73.828737, 40.657106000932743 ], [ -73.82878, 40.657222000932727 ], [ -73.828825, 40.657337000932728 ], [ -73.82887, 40.657451000932731 ], [ -73.828917, 40.657564000932766 ], [ -73.828964, 40.657676000932732 ], [ -73.829012, 40.657787000932743 ], [ -73.829062, 40.657898000932718 ], [ -73.830301, 40.660476000932782 ], [ -73.834058, 40.668234000932785 ], [ -73.835919, 40.672097000932844 ], [ -73.838715, 40.677879000932876 ], [ -73.838734, 40.67792100093282 ], [ -73.838754, 40.677965000932794 ], [ -73.838775, 40.678009000932811 ], [ -73.838797, 40.678055000932829 ], [ -73.838819, 40.678102000932867 ], [ -73.838843, 40.678150000932852 ], [ -73.838867, 40.678199000932842 ], [ -73.838893, 40.67824900093283 ], [ -73.838919, 40.678301000932841 ], [ -73.838946, 40.678353000932859 ], [ -73.838974, 40.67840700093285 ], [ -73.839003, 40.67846100093282 ], [ -73.839033, 40.67851700093285 ], [ -73.839063, 40.678574000932841 ], [ -73.839095, 40.678632000932836 ], [ -73.840071, 40.680272000932874 ], [ -73.840138, 40.680367000932833 ], [ -73.84021, 40.680455000932859 ], [ -73.840289, 40.68053400093288 ], [ -73.840373, 40.680605000932871 ], [ -73.840463, 40.680667000932836 ], [ -73.840559, 40.68072200093286 ], [ -73.840661, 40.680768000932886 ], [ -73.840769, 40.680806000932876 ], [ -73.840882, 40.680836000932857 ], [ -73.841001, 40.680857000932875 ], [ -73.841127, 40.680871000932818 ], [ -73.841258, 40.680876000932884 ], [ -73.841395, 40.680873000932912 ], [ -73.841537, 40.68086100093285 ], [ -73.841677100999974, 40.680844188932838 ] ] ] } },
    { "type": "Feature", "properties": { "Division": "Air", "Line": "AirTrain JFK", "route_id": "Air", "color": "#F2E808" }, "geometry": { "type": "MultiLineString", "coordinates": [ [ [ -73.790305, 40.644774000932657 ], [ -73.79038, 40.644875000932693 ], [ -73.790443, 40.644973000932673 ], [ -73.790493, 40.64507000093267 ], [ -73.790531, 40.645166000932697 ], [ -73.790557, 40.645260000932687 ], [ -73.790571, 40.64535300093268 ], [ -73.790573, 40.645445000932682 ], [ -73.790562, 40.645536000932687 ], [ -73.790539, 40.645626000932694 ], [ -73.790504, 40.645714000932685 ], [ -73.790457, 40.645801000932714 ], [ -73.790398, 40.645887000932717 ], [ -73.790326, 40.645972000932666 ], [ -73.790242, 40.646055000932684 ], [ -73.790147, 40.646138000932687 ] ], [ [ -73.790305, 40.644774000932657 ], [ -73.789162, 40.643287000932652 ], [ -73.788626, 40.642587000932672 ], [ -73.788594, 40.642544000932652 ], [ -73.78856, 40.642504000932647 ], [ -73.788524, 40.642465000932695 ], [ -73.788487, 40.642429000932658 ], [ -73.788449, 40.64239400093264 ], [ -73.788409, 40.642362000932664 ], [ -73.788368, 40.64233200093269 ], [ -73.788325, 40.64230400093264 ], [ -73.788281, 40.642278000932642 ], [ -73.788236, 40.642255000932629 ], [ -73.788189, 40.642233000932656 ], [ -73.78814, 40.642214000932704 ], [ -73.78809, 40.642196000932678 ], [ -73.788039, 40.642181000932666 ], [ -73.787986, 40.642168000932621 ], [ -73.78726, 40.642025000932684 ], [ -73.786412, 40.641853000932663 ], [ -73.786339, 40.641844000932672 ], [ -73.786269, 40.641839000932684 ], [ -73.7862, 40.641839000932684 ], [ -73.786132, 40.641842000932684 ], [ -73.786067, 40.641849000932652 ], [ -73.786003, 40.641861000932678 ], [ -73.78594, 40.641877000932695 ], [ -73.78588, 40.641896000932654 ], [ -73.785821, 40.641920000932622 ], [ -73.785764, 40.641948000932679 ], [ -73.785709, 40.641980000932662 ], [ -73.785655, 40.642016000932678 ], [ -73.785604, 40.642056000932634 ], [ -73.785553, 40.642101000932641 ], [ -73.785505, 40.64214900093269 ], [ -73.785203, 40.642533000932701 ], [ -73.785165, 40.642573000932657 ], [ -73.785127, 40.642613000932663 ], [ -73.785086, 40.642651000932666 ], [ -73.785045, 40.642689000932698 ], [ -73.785002, 40.642725000932664 ], [ -73.784957, 40.642761000932687 ], [ -73.784911, 40.642795000932672 ], [ -73.784864, 40.642829000932679 ], [ -73.784816, 40.642861000932662 ], [ -73.784766, 40.64289200093269 ], [ -73.784715, 40.642923000932669 ], [ -73.784662, 40.642952000932674 ], [ -73.784608, 40.642980000932695 ], [ -73.784553, 40.643008000932674 ], [ -73.784496, 40.643034000932694 ], [ -73.782354, 40.64394800093271 ], [ -73.77947, 40.645167000932709 ], [ -73.779406, 40.645194000932698 ], [ -73.779346, 40.645223000932674 ], [ -73.779289, 40.645253000932662 ], [ -73.779236, 40.645285000932716 ], [ -73.779187, 40.645320000932657 ], [ -73.779141, 40.645356000932694 ], [ -73.779099, 40.645393000932714 ], [ -73.77906, 40.645433000932648 ], [ -73.779025, 40.64547500093267 ], [ -73.778994, 40.645518000932668 ], [ -73.778966, 40.645563000932661 ], [ -73.778942, 40.645610000932649 ], [ -73.778921, 40.64565900093271 ], [ -73.778904, 40.645710000932702 ], [ -73.778891, 40.645762000932677 ], [ -73.778887, 40.645814000932653 ], [ -73.778887, 40.645864000932711 ], [ -73.778891, 40.64591300093268 ], [ -73.778899, 40.645961000932715 ], [ -73.77891, 40.646007000932691 ], [ -73.778924, 40.646052000932691 ], [ -73.778942, 40.646096000932658 ], [ -73.778964, 40.646139000932692 ], [ -73.77899, 40.6461810009327 ], [ -73.779019, 40.646221000932663 ], [ -73.779052, 40.646260000932656 ], [ -73.779089, 40.646298000932703 ], [ -73.779129, 40.646334000932661 ], [ -73.779173, 40.646369000932701 ], [ -73.779219, 40.646403000932729 ], [ -73.779859, 40.646795000932705 ], [ -73.781441, 40.647769000932698 ], [ -73.781475, 40.647790000932687 ], [ -73.78151, 40.647811000932705 ], [ -73.781545, 40.647830000932686 ], [ -73.781581, 40.647849000932716 ], [ -73.781617, 40.647867000932735 ], [ -73.781654, 40.647884000932677 ], [ -73.781691, 40.647900000932708 ], [ -73.781729, 40.647916000932717 ], [ -73.781767, 40.647930000932668 ], [ -73.781806, 40.647943000932692 ], [ -73.781845, 40.64795600093273 ], [ -73.781885, 40.647968000932707 ], [ -73.781926, 40.647979000932715 ], [ -73.781967, 40.647989000932704 ], [ -73.782008, 40.647998000932681 ], [ -73.783175, 40.648212000932709 ], [ -73.784236, 40.64839400093269 ], [ -73.784362, 40.64840800093269 ], [ -73.784488, 40.648418000932693 ], [ -73.784612, 40.648423000932688 ], [ -73.784734, 40.648423000932688 ], [ -73.784854, 40.648419000932705 ], [ -73.784973, 40.648410000932721 ], [ -73.78509, 40.648396000932699 ], [ -73.785205, 40.648378000932681 ], [ -73.785319, 40.648356000932701 ], [ -73.785431, 40.648328000932715 ], [ -73.785542, 40.648297000932708 ], [ -73.78565, 40.648260000932694 ], [ -73.785757, 40.64821900093267 ], [ -73.785862, 40.648173000932694 ], [ -73.785966, 40.648124000932661 ], [ -73.786309, 40.647918000932684 ], [ -73.786658, 40.647702000932682 ], [ -73.786696, 40.647679000932669 ], [ -73.786734, 40.647657000932682 ], [ -73.786772, 40.647635000932659 ], [ -73.786809, 40.647614000932677 ], [ -73.786846, 40.647593000932673 ], [ -73.786884, 40.647573000932738 ], [ -73.786921, 40.647554000932693 ], [ -73.786957, 40.647535000932713 ], [ -73.786994, 40.647516000932697 ], [ -73.78703, 40.647498000932679 ], [ -73.787067, 40.64748100093265 ], [ -73.787103, 40.647465000932698 ], [ -73.787139, 40.647448000932684 ], [ -73.787174, 40.647433000932686 ], [ -73.78721, 40.647418000932717 ], [ -73.788805, 40.646752000932686 ], [ -73.789599, 40.646426000932721 ], [ -73.78964, 40.646408000932695 ], [ -73.78968, 40.646390000932684 ], [ -73.78972, 40.646372000932665 ], [ -73.789759, 40.646354000932639 ], [ -73.789798, 40.646335000932702 ], [ -73.789836, 40.64631700093269 ], [ -73.789873, 40.646298000932703 ], [ -73.789909, 40.646278000932689 ], [ -73.789945, 40.646259000932687 ], [ -73.78998, 40.646239000932667 ], [ -73.790015, 40.646219000932675 ], [ -73.790048, 40.646199000932654 ], [ -73.790082, 40.646179000932705 ], [ -73.790114, 40.646159000932705 ], [ -73.790147, 40.646138000932687 ] ], [ [ -73.792321, 40.645279000932703 ], [ -73.792135, 40.645285000932688 ], [ -73.791957, 40.645286000932693 ], [ -73.791786, 40.645281000932712 ], [ -73.791622, 40.64527000093269 ], [ -73.791466, 40.645254000932709 ], [ -73.791317, 40.645232000932722 ], [ -73.791175, 40.645204000932658 ], [ -73.791041, 40.645171000932685 ], [ -73.790914, 40.645131000932686 ], [ -73.790794, 40.645086000932686 ], [ -73.790682, 40.645035000932701 ], [ -73.790577, 40.644979000932672 ], [ -73.790479, 40.644917000932701 ], [ -73.790389, 40.644849000932695 ], [ -73.790305, 40.644774000932657 ] ], [ [ -73.790147, 40.646138000932687 ], [ -73.790175, 40.646120000932669 ], [ -73.790203, 40.646102000932679 ], [ -73.790231, 40.646083000932677 ], [ -73.790258, 40.646064000932732 ], [ -73.790286, 40.646045000932709 ], [ -73.790313, 40.646026000932693 ], [ -73.79034, 40.646007000932691 ], [ -73.790368, 40.645987000932678 ], [ -73.790395, 40.645967000932679 ], [ -73.790422, 40.645947000932672 ], [ -73.790449, 40.645927000932673 ], [ -73.790475, 40.645906000932662 ], [ -73.790502, 40.645885000932722 ], [ -73.790529, 40.645864000932711 ], [ -73.790554, 40.645843000932693 ], [ -73.79063, 40.645785000932676 ], [ -73.790712, 40.645730000932701 ], [ -73.790801, 40.645678000932655 ], [ -73.790895, 40.645629000932658 ], [ -73.790996, 40.645582000932656 ], [ -73.791102, 40.645539000932679 ], [ -73.791214, 40.645498000932676 ], [ -73.791332, 40.645461000932727 ], [ -73.791456, 40.645426000932673 ], [ -73.791585, 40.645394000932711 ], [ -73.791721, 40.645365000932664 ], [ -73.791862, 40.645339000932658 ], [ -73.79201, 40.645316000932667 ], [ -73.792163, 40.645295000932663 ], [ -73.792321, 40.645279000932703 ] ], [ [ -73.80351, 40.660496000932802 ], [ -73.803534, 40.659734000932779 ], [ -73.803546, 40.659176000932753 ], [ -73.803551, 40.659108000932754 ], [ -73.803561, 40.659042000932764 ], [ -73.803577, 40.658979000932725 ], [ -73.803598, 40.658918000932715 ], [ -73.803625, 40.658858000932774 ], [ -73.803657, 40.658801000932748 ], [ -73.803695, 40.658747000932763 ], [ -73.803738, 40.658694000932726 ], [ -73.803787, 40.658643000932749 ], [ -73.803841, 40.658595000932749 ], [ -73.803901, 40.658549000932751 ], [ -73.803966, 40.658505000932728 ], [ -73.804036, 40.658463000932748 ], [ -73.804112, 40.65842300093275 ], [ -73.804194, 40.658386000932758 ], [ -73.805159, 40.658032000932749 ], [ -73.805207, 40.658011000932746 ], [ -73.805253, 40.65798800093274 ], [ -73.805299, 40.657965000932741 ], [ -73.805343, 40.657940000932754 ], [ -73.805386, 40.657914000932763 ], [ -73.805428, 40.657887000932767 ], [ -73.805468, 40.657859000932717 ], [ -73.805508, 40.657830000932748 ], [ -73.805546, 40.657800000932767 ], [ -73.805583, 40.657769000932724 ], [ -73.805619, 40.657736000932722 ], [ -73.805653, 40.657703000932727 ], [ -73.805687, 40.657668000932738 ], [ -73.805719, 40.657632000932715 ], [ -73.80575, 40.657595000932737 ], [ -73.80652, 40.656686000932716 ], [ -73.806612, 40.656558000932769 ], [ -73.806697, 40.656428000932756 ], [ -73.806772, 40.656296000932741 ], [ -73.806837, 40.656162000932731 ], [ -73.806894, 40.656027000932731 ], [ -73.806941, 40.655889000932746 ], [ -73.806979, 40.655749000932744 ], [ -73.807008, 40.655608000932716 ], [ -73.807028, 40.655465000932722 ], [ -73.807038, 40.655320000932754 ], [ -73.80704, 40.655172000932723 ], [ -73.807031, 40.655023000932694 ], [ -73.807014, 40.65487300093276 ], [ -73.806988, 40.65472000093272 ], [ -73.806951, 40.654564000932737 ], [ -73.806926, 40.654464000932748 ], [ -73.8069, 40.654363000932733 ], [ -73.80687, 40.654261000932742 ], [ -73.806837, 40.654157000932727 ], [ -73.806801, 40.654052000932715 ], [ -73.806762, 40.653946000932756 ], [ -73.806719, 40.65383800093273 ], [ -73.806674, 40.653729000932735 ], [ -73.806626, 40.653619000932729 ], [ -73.806574, 40.65350700093272 ], [ -73.806519, 40.653394000932721 ], [ -73.806462, 40.653280000932725 ], [ -73.806401, 40.653164000932748 ], [ -73.806337, 40.65304700093273 ], [ -73.806272, 40.65292800093269 ], [ -73.806168, 40.652767000932698 ], [ -73.806067, 40.652608000932723 ], [ -73.805966, 40.652451000932707 ], [ -73.805867, 40.652297000932684 ], [ -73.805768, 40.652147000932729 ], [ -73.805671, 40.651999000932697 ], [ -73.805575, 40.651854000932737 ], [ -73.805479, 40.651711000932693 ], [ -73.805385, 40.651572000932703 ], [ -73.805292, 40.651435000932715 ], [ -73.8052, 40.651301000932683 ], [ -73.805109, 40.651170000932709 ], [ -73.805019, 40.65104200093274 ], [ -73.80493, 40.650917000932687 ], [ -73.804842, 40.650794000932741 ], [ -73.804775, 40.650704000932727 ], [ -73.804706, 40.650612000932732 ], [ -73.804637, 40.650521000932677 ], [ -73.804568, 40.650429000932682 ], [ -73.804498, 40.650338000932692 ], [ -73.804427, 40.650246000932711 ], [ -73.804356, 40.650154000932687 ], [ -73.804284, 40.650062000932699 ], [ -73.804212, 40.649970000932704 ], [ -73.804139, 40.649878000932709 ], [ -73.804066, 40.649786000932714 ], [ -73.803992, 40.649693000932722 ], [ -73.803918, 40.649601000932741 ], [ -73.803843, 40.649509000932753 ], [ -73.803769, 40.649416000932675 ], [ -73.803739, 40.649376000932726 ], [ -73.803703, 40.649331000932719 ], [ -73.803662, 40.649281000932667 ], [ -73.803616, 40.649227000932683 ], [ -73.803566, 40.649167000932692 ], [ -73.80351, 40.649103000932691 ], [ -73.80345, 40.64903400093268 ], [ -73.803385, 40.648961000932708 ], [ -73.803315, 40.64888200093273 ], [ -73.80324, 40.648799000932698 ], [ -73.80316, 40.648711000932693 ], [ -73.803075, 40.648618000932714 ], [ -73.802986, 40.648520000932727 ], [ -73.802891, 40.648417000932703 ], [ -73.802792, 40.648310000932682 ], [ -73.802699, 40.648216000932692 ], [ -73.802604, 40.648121000932697 ], [ -73.802508, 40.64802600093271 ], [ -73.80241, 40.64792900093267 ], [ -73.80231, 40.647831000932683 ], [ -73.802208, 40.647732000932706 ], [ -73.802105, 40.647632000932695 ], [ -73.802, 40.647531000932737 ], [ -73.801894, 40.647430000932715 ], [ -73.801786, 40.647327000932719 ], [ -73.801676, 40.647223000932691 ], [ -73.801564, 40.647118000932672 ], [ -73.801451, 40.647012000932712 ], [ -73.801336, 40.646905000932705 ], [ -73.80122, 40.646796000932682 ], [ -73.800892, 40.646522000932698 ], [ -73.800548, 40.64627300093268 ], [ -73.800185, 40.646047000932697 ], [ -73.799805, 40.645843000932693 ], [ -73.799408, 40.645662000932695 ], [ -73.798994, 40.645503000932699 ], [ -73.798562, 40.645367000932708 ], [ -73.798112, 40.645253000932662 ], [ -73.797645, 40.645162000932665 ], [ -73.797161, 40.645093000932675 ], [ -73.796659, 40.645047000932678 ], [ -73.79614, 40.645024000932658 ], [ -73.795603, 40.645023000932667 ], [ -73.795049, 40.645045000932704 ], [ -73.794477, 40.645090000932676 ], [ -73.792321, 40.645279000932703 ] ], [ [ -73.82958, 40.661023000932779 ], [ -73.828143, 40.661878000932781 ], [ -73.828089, 40.661909000932752 ], [ -73.828035, 40.661937000932781 ], [ -73.827979, 40.661963000932786 ], [ -73.827922, 40.661986000932771 ], [ -73.827864, 40.66200600093277 ], [ -73.827805, 40.662024000932746 ], [ -73.827745, 40.662039000932765 ], [ -73.827684, 40.662051000932777 ], [ -73.827622, 40.662060000932769 ], [ -73.827559, 40.662067000932765 ], [ -73.827495, 40.662071000932762 ], [ -73.82743, 40.662073000932793 ], [ -73.827364, 40.662071000932762 ], [ -73.827296, 40.662068000932756 ], [ -73.827228, 40.662061000932773 ], [ -73.824572, 40.661756000932719 ], [ -73.82277, 40.661562000932776 ], [ -73.82272, 40.66155900093279 ], [ -73.82267, 40.661557000932774 ], [ -73.82262, 40.661556000932784 ], [ -73.82257, 40.661556000932784 ], [ -73.822521, 40.661557000932774 ], [ -73.822472, 40.661558000932779 ], [ -73.822423, 40.661561000932764 ], [ -73.822373, 40.661565000932747 ], [ -73.822324, 40.661570000932748 ], [ -73.822276, 40.661575000932729 ], [ -73.822227, 40.661582000932775 ], [ -73.822178, 40.661590000932762 ], [ -73.82213, 40.661598000932749 ], [ -73.822081, 40.661608000932766 ], [ -73.822033, 40.661618000932748 ], [ -73.820659, 40.661921000932786 ], [ -73.820626, 40.661929000932751 ], [ -73.820593, 40.661938000932786 ], [ -73.82056, 40.661947000932756 ], [ -73.820527, 40.661956000932761 ], [ -73.820495, 40.661966000932786 ], [ -73.820462, 40.661977000932765 ], [ -73.82043, 40.661987000932768 ], [ -73.820398, 40.661999000932745 ], [ -73.820366, 40.662011000932793 ], [ -73.820335, 40.662023000932756 ], [ -73.820303, 40.662035000932789 ], [ -73.820272, 40.662049000932733 ], [ -73.820241, 40.662062000932778 ], [ -73.82021, 40.662076000932792 ], [ -73.820179, 40.66209100093274 ], [ -73.819731, 40.662295000932744 ], [ -73.819652, 40.662324000932799 ], [ -73.819571, 40.662349000932771 ], [ -73.81949, 40.662371000932772 ], [ -73.819409, 40.662390000932774 ], [ -73.819326, 40.662405000932765 ], [ -73.819243, 40.662418000932774 ], [ -73.819159, 40.662427000932759 ], [ -73.819075, 40.662433000932801 ], [ -73.818989, 40.662435000932774 ], [ -73.818903, 40.662435000932796 ], [ -73.818816, 40.662431000932756 ], [ -73.818728, 40.662424000932774 ], [ -73.81864, 40.662413000932773 ], [ -73.818551, 40.662400000932784 ], [ -73.818461, 40.662383000932749 ], [ -73.813964, 40.661551000932747 ], [ -73.813926, 40.661544000932757 ], [ -73.813888, 40.661536000932777 ], [ -73.81385, 40.661529000932759 ], [ -73.813812, 40.661521000932758 ], [ -73.813774, 40.661513000932764 ], [ -73.813737, 40.661504000932744 ], [ -73.8137, 40.661495000932774 ], [ -73.813662, 40.66148600093274 ], [ -73.813625, 40.661477000932749 ], [ -73.813588, 40.661468000932771 ], [ -73.813552, 40.661458000932754 ], [ -73.813515, 40.661448000932772 ], [ -73.813479, 40.661437000932729 ], [ -73.813442, 40.661427000932754 ], [ -73.813406, 40.661416000932732 ], [ -73.812809, 40.661241000932776 ], [ -73.812777, 40.661232000932763 ], [ -73.812744, 40.661223000932786 ], [ -73.812711, 40.661215000932742 ], [ -73.812677, 40.661206000932765 ], [ -73.812644, 40.661198000932764 ], [ -73.81261, 40.661190000932741 ], [ -73.812575, 40.661182000932747 ], [ -73.812541, 40.661174000932803 ], [ -73.812506, 40.661166000932724 ], [ -73.812471, 40.661159000932749 ], [ -73.812435, 40.66115200093278 ], [ -73.812399, 40.661145000932727 ], [ -73.812363, 40.661138000932752 ], [ -73.812327, 40.661131000932777 ], [ -73.81229, 40.66112400093273 ], [ -73.808318, 40.660403000932753 ], [ -73.808243, 40.660391000932755 ], [ -73.808168, 40.660382000932742 ], [ -73.808095, 40.660376000932757 ], [ -73.808022, 40.660373000932758 ], [ -73.80795, 40.660373000932744 ], [ -73.807879, 40.660375000932717 ], [ -73.807809, 40.660380000932726 ], [ -73.807739, 40.66038800093277 ], [ -73.807671, 40.660399000932742 ], [ -73.807604, 40.66041300093277 ], [ -73.807537, 40.660430000932784 ], [ -73.807471, 40.660449000932729 ], [ -73.807406, 40.660471000932731 ], [ -73.807342, 40.660496000932781 ], [ -73.807278, 40.660524000932746 ], [ -73.804905, 40.661522000932777 ], [ -73.804775, 40.661563000932759 ], [ -73.804651, 40.66159400093273 ], [ -73.804533, 40.661615000932748 ], [ -73.804421, 40.661626000932763 ], [ -73.804314, 40.661626000932742 ], [ -73.804214, 40.66161700093275 ], [ -73.80412, 40.661597000932751 ], [ -73.804032, 40.661567000932727 ], [ -73.803949, 40.661527000932736 ], [ -73.803873, 40.661476000932765 ], [ -73.803803, 40.661416000932718 ], [ -73.803738, 40.661345000932748 ], [ -73.80368, 40.661264000932789 ], [ -73.803627, 40.661173000932784 ], [ -73.803581, 40.661072000932755 ], [ -73.803573, 40.661050000932761 ], [ -73.803565, 40.661025000932774 ], [ -73.803558, 40.660998000932764 ], [ -73.803552, 40.660968000932733 ], [ -73.803545, 40.660937000932769 ], [ -73.80354, 40.660903000932777 ], [ -73.803534, 40.660867000932768 ], [ -73.80353, 40.660829000932743 ], [ -73.803525, 40.66078800093274 ], [ -73.803522, 40.660745000932771 ], [ -73.803518, 40.660700000932792 ], [ -73.803516, 40.660652000932728 ], [ -73.803513, 40.660602000932755 ], [ -73.803511, 40.660550000932773 ], [ -73.80351, 40.660496000932802 ] ], [ [ -73.8088, 40.698768000932915 ], [ -73.810464, 40.698139000932905 ], [ -73.81055, 40.698107000932957 ], [ -73.810635, 40.69807500093296 ], [ -73.810719, 40.69804400093291 ], [ -73.810803, 40.698013000932953 ], [ -73.810886, 40.697984000932948 ], [ -73.810968, 40.697954000932924 ], [ -73.81105, 40.697926000932938 ], [ -73.81113, 40.697898000932945 ], [ -73.81121, 40.697871000932942 ], [ -73.811289, 40.697845000932922 ], [ -73.811368, 40.697819000932938 ], [ -73.811445, 40.697794000932937 ], [ -73.811522, 40.697769000932908 ], [ -73.811599, 40.697745000932926 ], [ -73.811674, 40.697722000932963 ], [ -73.81216, 40.697573000932934 ], [ -73.812235, 40.697548000932919 ], [ -73.812306, 40.697522000932921 ], [ -73.812375, 40.69749300093293 ], [ -73.812441, 40.69746300093292 ], [ -73.812504, 40.697431000932937 ], [ -73.812563, 40.697398000932957 ], [ -73.81262, 40.697362000932969 ], [ -73.812673, 40.697325000932913 ], [ -73.812724, 40.697286000932969 ], [ -73.812772, 40.697245000932966 ], [ -73.812816, 40.697203000932952 ], [ -73.812858, 40.697159000932949 ], [ -73.812896, 40.697113000932937 ], [ -73.812932, 40.697065000932959 ], [ -73.812964, 40.697015000932971 ], [ -73.812997, 40.696955000932952 ], [ -73.813025, 40.696896000932917 ], [ -73.813049, 40.696836000932969 ], [ -73.813068, 40.69677600093295 ], [ -73.813082, 40.696716000932931 ], [ -73.813092, 40.696656000932961 ], [ -73.813097, 40.696595000932952 ], [ -73.813098, 40.696535000932926 ], [ -73.813094, 40.696474000932959 ], [ -73.813085, 40.696413000932942 ], [ -73.813072, 40.696353000932916 ], [ -73.813054, 40.6962920009329 ], [ -73.813032, 40.696231000932954 ], [ -73.813005, 40.69616900093294 ], [ -73.812973, 40.696107000932919 ], [ -73.81272, 40.695675000932937 ], [ -73.812692, 40.695629000932932 ], [ -73.812664, 40.695583000932942 ], [ -73.812636, 40.695537000932937 ], [ -73.812608, 40.69549100093294 ], [ -73.812581, 40.695444000932952 ], [ -73.812553, 40.69539700093295 ], [ -73.812526, 40.695350000932969 ], [ -73.812498, 40.695302000932884 ], [ -73.812471, 40.695255000932903 ], [ -73.812444, 40.695207000932925 ], [ -73.812417, 40.695158000932921 ], [ -73.81239, 40.695110000932928 ], [ -73.812363, 40.695061000932917 ], [ -73.812336, 40.695012000932955 ], [ -73.812309, 40.694963000932908 ], [ -73.809726, 40.690345000932894 ], [ -73.807818, 40.686994000932877 ], [ -73.807734, 40.686849000932881 ], [ -73.80765, 40.68670300093293 ], [ -73.807567, 40.686555000932884 ], [ -73.807484, 40.686408000932843 ], [ -73.807402, 40.6862590009329 ], [ -73.807321, 40.686109000932873 ], [ -73.807241, 40.685959000932854 ], [ -73.807161, 40.685807000932897 ], [ -73.807082, 40.685655000932869 ], [ -73.807004, 40.685502000932864 ], [ -73.806927, 40.685348000932862 ], [ -73.80685, 40.685193000932848 ], [ -73.806774, 40.685037000932894 ], [ -73.806699, 40.684880000932921 ], [ -73.806625, 40.684722000932908 ], [ -73.801748, 40.674540000932808 ], [ -73.801673, 40.674364000932805 ], [ -73.801605, 40.674190000932853 ], [ -73.801541, 40.674018000932826 ], [ -73.801483, 40.673847000932824 ], [ -73.801429, 40.673678000932831 ], [ -73.801381, 40.673510000932865 ], [ -73.801337, 40.673344000932829 ], [ -73.801298, 40.673179000932805 ], [ -73.801264, 40.67301500093285 ], [ -73.801236, 40.672853000932783 ], [ -73.801212, 40.672692000932798 ], [ -73.801193, 40.672533000932795 ], [ -73.801178, 40.67237500093281 ], [ -73.801169, 40.672218000932816 ], [ -73.801165, 40.672063000932802 ], [ -73.801128, 40.67091700093281 ], [ -73.801143, 40.670055000932805 ], [ -73.801196, 40.669224000932779 ], [ -73.801211, 40.669094000932773 ], [ -73.801229, 40.668965000932822 ], [ -73.801251, 40.668836000932806 ], [ -73.801277, 40.668708000932796 ], [ -73.801307, 40.668581000932825 ], [ -73.801342, 40.66845400093279 ], [ -73.80138, 40.668328000932782 ], [ -73.801423, 40.668202000932801 ], [ -73.801469, 40.668077000932769 ], [ -73.80152, 40.667953000932833 ], [ -73.801575, 40.667829000932784 ], [ -73.801634, 40.667706000932817 ], [ -73.801697, 40.66758400093277 ], [ -73.801764, 40.667462000932787 ], [ -73.801836, 40.667340000932782 ], [ -73.80242, 40.666381000932802 ], [ -73.802551, 40.666138000932776 ], [ -73.802672, 40.665896000932769 ], [ -73.802784, 40.665656000932799 ], [ -73.802888, 40.665418000932789 ], [ -73.802983, 40.665181000932812 ], [ -73.80307, 40.664945000932754 ], [ -73.803147, 40.66471100093279 ], [ -73.803217, 40.664479000932737 ], [ -73.803277, 40.664248000932758 ], [ -73.803329, 40.664019000932775 ], [ -73.803372, 40.663791000932783 ], [ -73.803407, 40.663565000932792 ], [ -73.803433, 40.663340000932777 ], [ -73.803451, 40.663117000932765 ], [ -73.803461, 40.662893000932776 ], [ -73.803491, 40.661280000932756 ], [ -73.80351, 40.660496000932802 ] ] ] } },
    { "type": "Feature", "properties": { "Division": "BMT", "Line": "Brighton", "route_id": "B", "color": "#FF6319" }, "geometry": { "type": "MultiLineString", "coordinates": [ [ [ -73.961376, 40.577621000932375 ], [ -73.960354, 40.577839000932336 ], [ -73.960283, 40.57785500093236 ], [ -73.960214, 40.577873000932364 ], [ -73.960148, 40.577894000932368 ], [ -73.960085, 40.577917000932374 ], [ -73.960025, 40.577942000932367 ], [ -73.959967, 40.577969000932356 ], [ -73.959912, 40.577998000932318 ], [ -73.95986, 40.578030000932358 ], [ -73.959811, 40.578064000932329 ], [ -73.959765, 40.578101000932335 ], [ -73.959721, 40.578139000932389 ], [ -73.959681, 40.578180000932306 ], [ -73.959643, 40.578223000932326 ], [ -73.959607, 40.578268000932319 ], [ -73.959575, 40.57831600093234 ], [ -73.95467, 40.58519800093238 ], [ -73.954601, 40.585310000932388 ], [ -73.954536, 40.585423000932387 ], [ -73.954477, 40.585536000932379 ], [ -73.954422, 40.585650000932361 ], [ -73.954373, 40.585763000932374 ], [ -73.954328, 40.585876000932366 ], [ -73.954289, 40.585989000932358 ], [ -73.954254, 40.586103000932376 ], [ -73.954225, 40.586216000932346 ], [ -73.954201, 40.586329000932366 ], [ -73.954181, 40.586443000932363 ], [ -73.954167, 40.586556000932362 ], [ -73.954158, 40.586670000932365 ], [ -73.954153, 40.586783000932371 ], [ -73.954155, 40.586896000932356 ], [ -73.954154, 40.586961000932384 ], [ -73.954152, 40.587025000932378 ], [ -73.95415, 40.587088000932404 ], [ -73.954148, 40.587150000932425 ], [ -73.954145, 40.587211000932392 ], [ -73.954142, 40.587271000932404 ], [ -73.954139, 40.587329000932414 ], [ -73.954135, 40.587387000932381 ], [ -73.954131, 40.587443000932403 ], [ -73.954126, 40.587498000932385 ], [ -73.954121, 40.587552000932412 ], [ -73.954116, 40.58760500093242 ], [ -73.95411, 40.587657000932374 ], [ -73.954104, 40.587708000932423 ], [ -73.954096, 40.587758000932403 ], [ -73.954066, 40.588121000932396 ], [ -73.95406, 40.588205000932433 ], [ -73.954056, 40.588288000932387 ], [ -73.954054, 40.588369000932417 ], [ -73.954052, 40.588450000932419 ], [ -73.954051, 40.588530000932387 ], [ -73.954052, 40.588610000932427 ], [ -73.954054, 40.588689000932384 ], [ -73.954057, 40.588767000932407 ], [ -73.95406, 40.588844000932404 ], [ -73.954065, 40.588921000932388 ], [ -73.954072, 40.588997000932409 ], [ -73.954079, 40.589072000932397 ], [ -73.954087, 40.589147000932378 ], [ -73.954096, 40.589221000932433 ], [ -73.954106, 40.589295000932403 ], [ -73.954319, 40.590785000932399 ], [ -73.955161, 40.59524600093242 ], [ -73.955929, 40.599300000932445 ], [ -73.957502, 40.60759100093253 ], [ -73.957505, 40.607605000932473 ], [ -73.957508, 40.607618000932511 ], [ -73.957511, 40.607632000932526 ], [ -73.957513, 40.6076450009325 ], [ -73.957516, 40.607659000932529 ], [ -73.957519, 40.607672000932482 ], [ -73.957522, 40.607685000932513 ], [ -73.957526, 40.607699000932456 ], [ -73.957529, 40.607712000932501 ], [ -73.957532, 40.607725000932511 ], [ -73.957535, 40.6077380009325 ], [ -73.957538, 40.60775100093251 ], [ -73.957541, 40.607764000932484 ], [ -73.957545, 40.607776000932503 ], [ -73.957548, 40.607789000932478 ], [ -73.957572, 40.607869000932489 ], [ -73.957577, 40.607886000932488 ], [ -73.957582, 40.607904000932535 ], [ -73.957588, 40.60792200093249 ], [ -73.957592, 40.607940000932501 ], [ -73.957597, 40.607959000932489 ], [ -73.957602, 40.6079770009325 ], [ -73.957607, 40.607996000932516 ], [ -73.957611, 40.608016000932537 ], [ -73.957616, 40.608035000932482 ], [ -73.95762, 40.608055000932488 ], [ -73.957624, 40.60807500093248 ], [ -73.957628, 40.608096000932491 ], [ -73.957632, 40.608117000932481 ], [ -73.957636, 40.608138000932513 ], [ -73.95764, 40.60815900093251 ], [ -73.957734, 40.60867000093252 ], [ -73.957887, 40.609478000932462 ], [ -73.95789, 40.609495000932512 ], [ -73.957893, 40.609512000932519 ], [ -73.957896, 40.609529000932547 ], [ -73.957898, 40.609547000932523 ], [ -73.957901, 40.609564000932487 ], [ -73.957903, 40.609582000932491 ], [ -73.957906, 40.609600000932517 ], [ -73.957908, 40.609618000932549 ], [ -73.95791, 40.609636000932518 ], [ -73.957913, 40.609654000932466 ], [ -73.957915, 40.609673000932489 ], [ -73.957917, 40.609691000932514 ], [ -73.957918, 40.609710000932495 ], [ -73.95792, 40.609729000932546 ], [ -73.957922, 40.60974800093247 ], [ -73.957939, 40.609875000932512 ], [ -73.957941, 40.609892000932504 ], [ -73.957943, 40.609910000932523 ], [ -73.957946, 40.609928000932484 ], [ -73.957948, 40.609946000932482 ], [ -73.957951, 40.609965000932505 ], [ -73.957953, 40.609984000932506 ], [ -73.957956, 40.610003000932515 ], [ -73.95796, 40.610023000932529 ], [ -73.957963, 40.610043000932514 ], [ -73.957966, 40.61006300093247 ], [ -73.95797, 40.610084000932495 ], [ -73.957974, 40.610105000932478 ], [ -73.957978, 40.610127000932458 ], [ -73.957982, 40.610149000932495 ], [ -73.957986, 40.610171000932482 ], [ -73.959399, 40.617618000932538 ], [ -73.960803, 40.625039000932595 ], [ -73.961408, 40.628229000932571 ], [ -73.96142, 40.628287000932616 ], [ -73.961431, 40.628346000932609 ], [ -73.961443, 40.62840700093259 ], [ -73.961455, 40.628469000932597 ], [ -73.961469, 40.628533000932613 ], [ -73.961483, 40.628599000932617 ], [ -73.961497, 40.628667000932623 ], [ -73.961513, 40.628736000932605 ], [ -73.961529, 40.628807000932603 ], [ -73.961545, 40.62888000093259 ], [ -73.961563, 40.628955000932663 ], [ -73.961581, 40.629031000932585 ], [ -73.9616, 40.629109000932587 ], [ -73.961619, 40.629189000932612 ], [ -73.961639, 40.629270000932628 ], [ -73.961834, 40.630055000932593 ], [ -73.961844, 40.630093000932604 ], [ -73.961854, 40.630132000932598 ], [ -73.961863, 40.630173000932629 ], [ -73.961873, 40.630214000932625 ], [ -73.961883, 40.630256000932604 ], [ -73.961892, 40.630300000932614 ], [ -73.961901, 40.630344000932588 ], [ -73.961911, 40.630390000932586 ], [ -73.96192, 40.630437000932588 ], [ -73.961929, 40.63048400093264 ], [ -73.961938, 40.630533000932651 ], [ -73.961947, 40.630583000932603 ], [ -73.961956, 40.630634000932602 ], [ -73.961964, 40.630686000932585 ], [ -73.961973, 40.630739000932628 ], [ -73.962793, 40.635082000932641 ], [ -73.963891, 40.640927000932649 ], [ -73.964492, 40.644031000932657 ], [ -73.964512, 40.64415700093268 ], [ -73.96453, 40.644282000932648 ], [ -73.964544, 40.644407000932688 ], [ -73.964554, 40.644531000932652 ], [ -73.964561, 40.644654000932697 ], [ -73.964564, 40.64477700093267 ], [ -73.964563, 40.644900000932708 ], [ -73.964558, 40.645022000932677 ], [ -73.96455, 40.645144000932703 ], [ -73.964538, 40.645265000932675 ], [ -73.964522, 40.645386000932675 ], [ -73.964502, 40.645506000932691 ], [ -73.964479, 40.645626000932694 ], [ -73.964452, 40.645746000932689 ], [ -73.964421, 40.645866000932699 ], [ -73.962982, 40.650527000932719 ], [ -73.96291, 40.650768000932693 ], [ -73.962839, 40.651007000932715 ], [ -73.962767, 40.651244000932742 ], [ -73.962696, 40.651478000932713 ], [ -73.962626, 40.651709000932712 ], [ -73.962556, 40.651938000932695 ], [ -73.962486, 40.652165000932698 ], [ -73.962416, 40.652389000932679 ], [ -73.962347, 40.652610000932711 ], [ -73.962278, 40.652829000932726 ], [ -73.96221, 40.65304600093274 ], [ -73.962142, 40.653260000932683 ], [ -73.962074, 40.653472000932766 ], [ -73.962006, 40.653681000932743 ], [ -73.961938, 40.653888000932717 ], [ -73.961495, 40.655292000932697 ], [ -73.961468, 40.655406000932715 ], [ -73.961445, 40.655519000932706 ], [ -73.961425, 40.655630000932696 ], [ -73.961408, 40.655741000932721 ], [ -73.961393, 40.655851000932735 ], [ -73.961382, 40.655959000932739 ], [ -73.961373, 40.656067000932737 ], [ -73.961368, 40.656174000932772 ], [ -73.961365, 40.656281000932736 ], [ -73.961365, 40.656386000932727 ], [ -73.961368, 40.656490000932749 ], [ -73.961374, 40.656594000932728 ], [ -73.961383, 40.656696000932762 ], [ -73.961394, 40.656798000932724 ], [ -73.96141, 40.656900000932751 ], [ -73.961937, 40.660141000932768 ], [ -73.961941, 40.66016400093276 ], [ -73.961946, 40.660188000932791 ], [ -73.961951, 40.660212000932773 ], [ -73.961956, 40.660237000932746 ], [ -73.961961, 40.660262000932768 ], [ -73.961966, 40.660288000932731 ], [ -73.961972, 40.660314000932736 ], [ -73.961978, 40.660340000932777 ], [ -73.961984, 40.660367000932773 ], [ -73.961991, 40.660395000932766 ], [ -73.961997, 40.660423000932738 ], [ -73.962004, 40.660452000932771 ], [ -73.962011, 40.660481000932755 ], [ -73.962018, 40.660510000932753 ], [ -73.962026, 40.660540000932741 ], [ -73.962107, 40.660825000932761 ], [ -73.962111, 40.66083700093278 ], [ -73.962114, 40.660849000932743 ], [ -73.962118, 40.660861000932769 ], [ -73.962121, 40.660873000932746 ], [ -73.962124, 40.660885000932758 ], [ -73.962128, 40.66089800093274 ], [ -73.962131, 40.660910000932759 ], [ -73.962133, 40.660922000932736 ], [ -73.962136, 40.66093500093276 ], [ -73.962139, 40.660947000932808 ], [ -73.962141, 40.660959000932742 ], [ -73.962144, 40.660972000932766 ], [ -73.962146, 40.66098500093274 ], [ -73.962148, 40.660997000932788 ], [ -73.96215, 40.661010000932734 ], [ -73.962246, 40.661614000932758 ], [ -73.962249061999955, 40.661633653932782 ], [ -73.962392, 40.662551000932787 ], [ -73.962408, 40.662642000932792 ], [ -73.962427, 40.662733000932782 ], [ -73.96245, 40.662823000932768 ], [ -73.962475, 40.662913000932761 ], [ -73.962502, 40.66300300093279 ], [ -73.962533, 40.663092000932778 ], [ -73.962566, 40.663181000932788 ], [ -73.962601, 40.663269000932779 ], [ -73.96264, 40.663357000932798 ], [ -73.962681, 40.66344500093274 ], [ -73.962724, 40.66353200093274 ], [ -73.962771, 40.663619000932762 ], [ -73.96282, 40.663705000932779 ], [ -73.962872, 40.66379100093279 ], [ -73.962927, 40.663876000932795 ], [ -73.970782211999961, 40.674838347932827 ] ] ] } },
    { "type": "Feature", "properties": { "Division": "IND", "Line": "6th Avenue", "route_id": "B", "color": "#FF6319" }, "geometry": { "type": "MultiLineString", "coordinates": [ [ [ -73.983354867999935, 40.69368130493293 ], [ -73.983428, 40.693829000932922 ], [ -73.983934, 40.695138000932921 ], [ -73.985242, 40.697839000932909 ], [ -73.994713, 40.71489700093305 ], [ -73.994765, 40.714991000933018 ], [ -73.99481, 40.715087000933011 ], [ -73.994847, 40.715184000933057 ], [ -73.994877, 40.715281000933032 ], [ -73.9949, 40.715379000933019 ], [ -73.994915, 40.715478000933054 ], [ -73.994923, 40.715578000933029 ], [ -73.994923, 40.715678000933011 ], [ -73.994916, 40.715779000933004 ], [ -73.994901, 40.715881000932995 ], [ -73.994879, 40.715984000933013 ], [ -73.994849, 40.716087000933037 ], [ -73.994812, 40.716191000933023 ], [ -73.994767, 40.716296000933035 ], [ -73.994714, 40.716401000933061 ], [ -73.993753, 40.718267000933004 ], [ -73.992025, 40.721655000933055 ], [ -73.99201, 40.72168400093306 ], [ -73.991995, 40.721713000933086 ], [ -73.991981, 40.721742000933091 ], [ -73.991967, 40.72177000093307 ], [ -73.991954, 40.721799000933025 ], [ -73.991942, 40.721827000933082 ], [ -73.991931, 40.721856000933037 ], [ -73.99192, 40.721884000933059 ], [ -73.991909, 40.721912000933038 ], [ -73.9919, 40.721941000933072 ], [ -73.991891, 40.721969000933072 ], [ -73.991883, 40.72199700093303 ], [ -73.991875, 40.722024000933033 ], [ -73.991868, 40.722052000933083 ], [ -73.991861, 40.722080000933062 ], [ -73.991709, 40.722918000933063 ], [ -73.991693, 40.723036000933057 ], [ -73.991687, 40.723147000933047 ], [ -73.991691, 40.723253000933077 ], [ -73.991706, 40.723355000933061 ], [ -73.991731, 40.723453000933098 ], [ -73.991767, 40.723546000933091 ], [ -73.991812, 40.723635000933065 ], [ -73.991868, 40.723720000933085 ], [ -73.991935, 40.723800000933032 ], [ -73.992011, 40.723875000933099 ], [ -73.992098, 40.723946000933076 ], [ -73.992196, 40.724013000933112 ], [ -73.992304, 40.724075000933027 ], [ -73.992422, 40.724133000933065 ], [ -73.99255, 40.724185000933048 ], [ -73.996204, 40.725297000933104 ], [ -73.996641, 40.72543700093307 ], [ -73.99675, 40.725475000933095 ], [ -73.996858, 40.725513000933063 ], [ -73.996964, 40.725552000933064 ], [ -73.997069, 40.725591000933079 ], [ -73.997172, 40.725631000933092 ], [ -73.997273, 40.725670000933071 ], [ -73.997373, 40.725711000933075 ], [ -73.997471, 40.725751000933094 ], [ -73.997568, 40.725792000933119 ], [ -73.997663, 40.725834000933091 ], [ -73.997756, 40.725876000933049 ], [ -73.997848, 40.725918000933042 ], [ -73.997938, 40.725961000933054 ], [ -73.998027, 40.726004000933088 ], [ -73.998114, 40.726047000933079 ], [ -74.001901, 40.727913000933093 ], [ -74.002019, 40.727970000933063 ], [ -74.002126, 40.728032000933069 ], [ -74.00222, 40.728099000933064 ], [ -74.002301, 40.728170000933055 ], [ -74.002371, 40.728247000933081 ], [ -74.002428, 40.728328000933061 ], [ -74.002473, 40.7284140009331 ], [ -74.002506, 40.728505000933069 ], [ -74.002526, 40.728601000933075 ], [ -74.002535, 40.728702000933104 ], [ -74.002531, 40.728808000933107 ], [ -74.002515, 40.728918000933106 ], [ -74.002486, 40.72903400093309 ], [ -74.002446, 40.729154000933079 ], [ -74.002395, 40.729279000933111 ], [ -74.001552, 40.730820000933129 ], [ -74.001539, 40.730845000933073 ], [ -74.001525, 40.730871000933078 ], [ -74.001511, 40.730897000933098 ], [ -74.001497, 40.730922000933134 ], [ -74.001482, 40.730948000933118 ], [ -74.001467, 40.730975000933078 ], [ -74.001451, 40.731001000933112 ], [ -74.001435, 40.731027000933089 ], [ -74.001419, 40.731054000933085 ], [ -74.001402, 40.73108000093314 ], [ -74.001385, 40.731107000933136 ], [ -74.001367, 40.731134000933103 ], [ -74.001349, 40.731161000933099 ], [ -74.001331, 40.731189000933092 ], [ -74.001312, 40.731216000933117 ], [ -74.000515, 40.732312000933071 ], [ -74.000495, 40.732338000933083 ], [ -74.000477, 40.732362000933144 ], [ -73.999777, 40.733324000933088 ], [ -73.996209, 40.738228000933134 ], [ -73.992821, 40.742878000933182 ], [ -73.987823, 40.749719000933176 ], [ -73.984569, 40.754222000933183 ], [ -73.981329, 40.758663000933254 ], [ -73.979701, 40.760893000933258 ], [ -73.97963, 40.761008000933252 ], [ -73.979576, 40.761120000933246 ], [ -73.979536, 40.761228000933286 ], [ -73.97951, 40.76133200093323 ], [ -73.9795, 40.761434000933257 ], [ -73.979505, 40.761532000933251 ], [ -73.979524, 40.761626000933241 ], [ -73.979558, 40.761717000933231 ], [ -73.979607, 40.761805000933229 ], [ -73.97967, 40.761889000933266 ], [ -73.979749, 40.761969000933263 ], [ -73.979842, 40.762047000933272 ], [ -73.97995, 40.762121000933227 ], [ -73.980073, 40.762191000933214 ], [ -73.980187100999956, 40.762246819933267 ] ] ] } },
    { "type": "Feature", "properties": { "Division": "IND", "Line": "8th Avenue", "route_id": "B", "color": "#FF6319" }, "geometry": { "type": "MultiLineString", "coordinates": [ [ [ -73.983752881999976, 40.763762149933271 ], [ -73.983809, 40.763794000933281 ], [ -73.98391, 40.763861000933289 ], [ -73.983999, 40.763931000933283 ], [ -73.984077, 40.764003000933286 ], [ -73.984142, 40.764078000933246 ], [ -73.984195, 40.764157000933274 ], [ -73.984237, 40.76423700093325 ], [ -73.984266, 40.764321000933272 ], [ -73.984284, 40.764408000933273 ], [ -73.984289, 40.764497000933261 ], [ -73.984283, 40.76458900093327 ], [ -73.984265, 40.764684000933258 ], [ -73.984234, 40.764782000933231 ], [ -73.984192, 40.764883000933267 ], [ -73.984138, 40.764986000933298 ], [ -73.981736, 40.768296000933304 ], [ -73.97641, 40.775594000933317 ], [ -73.972143, 40.781433000933347 ], [ -73.968916, 40.78586800093337 ], [ -73.964696, 40.791642000933351 ], [ -73.961454, 40.796092000933399 ], [ -73.958161, 40.800603000933478 ], [ -73.954882, 40.805085000933495 ], [ -73.953288, 40.80726700093345 ], [ -73.953236, 40.80733000093344 ], [ -73.95319, 40.807392000933461 ], [ -73.953148, 40.80745500093348 ], [ -73.95311, 40.807519000933475 ], [ -73.953075, 40.807583000933512 ], [ -73.953045, 40.807647000933443 ], [ -73.953018, 40.807711000933466 ], [ -73.952995, 40.807777000933456 ], [ -73.952976, 40.807842000933462 ], [ -73.952961, 40.807908000933473 ], [ -73.95295, 40.807975000933496 ], [ -73.952942, 40.808042000933483 ], [ -73.952939, 40.808109000933463 ], [ -73.952939, 40.808177000933476 ], [ -73.952941, 40.808245000933475 ], [ -73.95303, 40.809638000933489 ], [ -73.953033, 40.809699000933485 ], [ -73.953034, 40.809757000933459 ], [ -73.953033, 40.809815000933497 ], [ -73.95303, 40.809872000933474 ], [ -73.953025, 40.809927000933499 ], [ -73.953017, 40.809981000933476 ], [ -73.953007, 40.810035000933468 ], [ -73.952995, 40.8100870009335 ], [ -73.95298, 40.810138000933485 ], [ -73.952963, 40.810188000933444 ], [ -73.952943, 40.810237000933462 ], [ -73.952922, 40.810285000933519 ], [ -73.952898, 40.810332000933492 ], [ -73.952872, 40.810377000933507 ], [ -73.952842, 40.810422000933507 ], [ -73.952343, 40.811109000933484 ], [ -73.9523, 40.811167000933501 ], [ -73.952256, 40.811223000933452 ], [ -73.95221, 40.811279000933503 ], [ -73.952164, 40.811335000933454 ], [ -73.952117, 40.811390000933514 ], [ -73.952068, 40.811445000933503 ], [ -73.952019, 40.811500000933506 ], [ -73.951969, 40.811554000933484 ], [ -73.951917, 40.811608000933468 ], [ -73.951865, 40.811661000933505 ], [ -73.951811, 40.811714000933506 ], [ -73.951757, 40.811767000933465 ], [ -73.951701, 40.811819000933511 ], [ -73.951645, 40.811871000933493 ], [ -73.951586, 40.811923000933454 ], [ -73.950604, 40.812906000933488 ], [ -73.950568, 40.812938000933478 ], [ -73.950533, 40.812971000933501 ], [ -73.950498, 40.813004000933489 ], [ -73.950464, 40.81303800093351 ], [ -73.95043, 40.813073000933471 ], [ -73.950397, 40.813109000933487 ], [ -73.950363, 40.813145000933517 ], [ -73.950331, 40.813181000933483 ], [ -73.950298, 40.813219000933486 ], [ -73.950266, 40.813257000933518 ], [ -73.950234, 40.81329600093347 ], [ -73.950203, 40.813335000933506 ], [ -73.950172, 40.813376000933502 ], [ -73.950141, 40.813416000933536 ], [ -73.950112, 40.813459000933513 ], [ -73.949202, 40.814704000933503 ], [ -73.949174, 40.814741000933481 ], [ -73.949147, 40.814778000933501 ], [ -73.949121, 40.814815000933528 ], [ -73.949095, 40.814853000933482 ], [ -73.94907, 40.814892000933504 ], [ -73.949046, 40.814930000933522 ], [ -73.949023, 40.814969000933523 ], [ -73.949, 40.815009000933486 ], [ -73.948977, 40.815049000933492 ], [ -73.948956, 40.815089000933519 ], [ -73.948935, 40.815130000933522 ], [ -73.948914, 40.815171000933532 ], [ -73.948895, 40.815212000933499 ], [ -73.948875, 40.8152540009335 ], [ -73.948857, 40.815297000933491 ], [ -73.947649, 40.817894000933528 ], [ -73.944947, 40.823696000933538 ], [ -73.944926, 40.823739000933521 ], [ -73.944904, 40.823781000933558 ], [ -73.944882, 40.823822000933568 ], [ -73.94486, 40.823862000933573 ], [ -73.944837, 40.823902000933536 ], [ -73.944814, 40.823941000933523 ], [ -73.944791, 40.82398000093356 ], [ -73.944767, 40.824018000933563 ], [ -73.944743, 40.824055000933519 ], [ -73.944719, 40.824092000933533 ], [ -73.944694, 40.824127000933522 ], [ -73.944669, 40.824163000933538 ], [ -73.944643, 40.824197000933516 ], [ -73.944617, 40.824231000933544 ], [ -73.944591, 40.824264000933525 ], [ -73.944216, 40.824783000933515 ], [ -73.94421264999994, 40.824787878933542 ] ] ] } },
    { "type": "Feature", "properties": { "Division": "IND", "Line": "Concourse", "route_id": "B", "color": "#FF6319" }, "geometry": { "type": "MultiLineString", "coordinates": [ [ [ -73.94421264999994, 40.824787878933542 ], [ -73.944148, 40.824882000933549 ], [ -73.943403, 40.825903000933529 ], [ -73.942486, 40.827054000933529 ], [ -73.942468, 40.827073000933559 ], [ -73.942453, 40.827090000933566 ], [ -73.942438, 40.827108000933578 ], [ -73.942424, 40.827126000933603 ], [ -73.94241, 40.827143000933567 ], [ -73.942397, 40.827161000933536 ], [ -73.942384, 40.827178000933557 ], [ -73.942371, 40.827196000933583 ], [ -73.942358, 40.827213000933561 ], [ -73.942346, 40.827231000933551 ], [ -73.942334, 40.827248000933558 ], [ -73.942322, 40.827266000933577 ], [ -73.942311, 40.827283000933583 ], [ -73.9423, 40.827301000933531 ], [ -73.942289, 40.827318000933559 ], [ -73.941032, 40.829263000933551 ], [ -73.940953, 40.829358000933581 ], [ -73.940866, 40.829448000933596 ], [ -73.940772, 40.829533000933544 ], [ -73.940673, 40.829612000933565 ], [ -73.940567, 40.829685000933573 ], [ -73.940455, 40.82975300093355 ], [ -73.940336, 40.829815000933571 ], [ -73.940211, 40.829871000933551 ], [ -73.940079, 40.829922000933578 ], [ -73.939941, 40.829967000933586 ], [ -73.939797, 40.830007000933612 ], [ -73.939646, 40.830041000933576 ], [ -73.939489, 40.830069000933563 ], [ -73.939326, 40.830091000933571 ], [ -73.939156, 40.830108000933578 ], [ -73.939092, 40.830111000933577 ], [ -73.939028, 40.830115000933546 ], [ -73.938965, 40.830118000933545 ], [ -73.938902, 40.830120000933597 ], [ -73.938839, 40.830123000933597 ], [ -73.938776, 40.830125000933606 ], [ -73.938713, 40.830127000933587 ], [ -73.93865, 40.830129000933582 ], [ -73.938587, 40.830130000933586 ], [ -73.938524, 40.830132000933574 ], [ -73.938461, 40.830133000933586 ], [ -73.938398, 40.830134000933548 ], [ -73.938335, 40.830134000933562 ], [ -73.938273, 40.830135000933566 ], [ -73.938209, 40.830135000933566 ], [ -73.936658, 40.830093000933559 ], [ -73.931071, 40.829985000933604 ], [ -73.930905, 40.82997500093358 ], [ -73.930743, 40.829961000933523 ], [ -73.930586, 40.829945000933584 ], [ -73.930434, 40.829926000933575 ], [ -73.930285, 40.829904000933574 ], [ -73.930142, 40.829878000933583 ], [ -73.930003, 40.829850000933604 ], [ -73.929868, 40.829819000933561 ], [ -73.929738, 40.829785000933605 ], [ -73.929613, 40.829748000933563 ], [ -73.929492, 40.829708000933536 ], [ -73.929375, 40.829664000933548 ], [ -73.929263, 40.829618000933564 ], [ -73.929156, 40.829569000933574 ], [ -73.929053, 40.8295140009336 ], [ -73.927482, 40.828599000933572 ], [ -73.927369, 40.828544000933611 ], [ -73.927254, 40.82849100093356 ], [ -73.927138, 40.828440000933576 ], [ -73.927021, 40.828390000933574 ], [ -73.926902, 40.828341000933605 ], [ -73.926783, 40.828292000933558 ], [ -73.926662, 40.828245000933528 ], [ -73.92654, 40.828199000933573 ], [ -73.926417, 40.828154000933544 ], [ -73.926292, 40.828110000933549 ], [ -73.926166, 40.82806700093353 ], [ -73.92604, 40.828025000933543 ], [ -73.925912, 40.82798400093359 ], [ -73.925782, 40.827944000933563 ], [ -73.925651, 40.827905000933569 ], [ -73.924598, 40.827601000933576 ], [ -73.924298, 40.827504000933523 ], [ -73.924013, 40.827429000933577 ], [ -73.923742, 40.827378000933592 ], [ -73.923486, 40.827348000933512 ], [ -73.923244, 40.827342000933569 ], [ -73.923016, 40.82735800093355 ], [ -73.922802, 40.827397000933587 ], [ -73.922603, 40.82745900093353 ], [ -73.922419, 40.827543000933552 ], [ -73.922248, 40.827650000933581 ], [ -73.922092, 40.827779000933589 ], [ -73.921951, 40.827931000933546 ], [ -73.921823, 40.828106000933545 ], [ -73.921711, 40.828304000933578 ], [ -73.921612, 40.828524000933569 ], [ -73.920523, 40.830814000933565 ], [ -73.9204, 40.831044000933602 ], [ -73.920275, 40.831270000933607 ], [ -73.920148, 40.831491000933539 ], [ -73.920018, 40.831707000933577 ], [ -73.919886, 40.831918000933562 ], [ -73.919751, 40.832124000933611 ], [ -73.919614, 40.83232600093362 ], [ -73.919475, 40.832523000933577 ], [ -73.919334, 40.832715000933604 ], [ -73.91919, 40.832902000933593 ], [ -73.919043, 40.833085000933586 ], [ -73.918895, 40.833263000933592 ], [ -73.918744, 40.833436000933595 ], [ -73.918591, 40.83360400093359 ], [ -73.91844, 40.833771000933602 ], [ -73.914603, 40.837691000933631 ], [ -73.914503, 40.837801000933609 ], [ -73.914405, 40.837912000933635 ], [ -73.91431, 40.838023000933639 ], [ -73.914218, 40.838133000933603 ], [ -73.914129, 40.838242000933604 ], [ -73.914043, 40.838351000933606 ], [ -73.91396, 40.838459000933632 ], [ -73.913879, 40.838567000933629 ], [ -73.913802, 40.83867400093358 ], [ -73.913728, 40.838781000933594 ], [ -73.913656, 40.838887000933617 ], [ -73.913588, 40.838992000933636 ], [ -73.913522, 40.839097000933599 ], [ -73.91346, 40.839202000933632 ], [ -73.9134, 40.839306000933647 ], [ -73.913362, 40.839370000933592 ], [ -73.913326, 40.839436000933588 ], [ -73.913289, 40.839503000933604 ], [ -73.913253, 40.8395720009336 ], [ -73.913216, 40.839644000933639 ], [ -73.91318, 40.839717000933632 ], [ -73.913143, 40.839793000933604 ], [ -73.913107, 40.839870000933644 ], [ -73.91307, 40.839949000933636 ], [ -73.913034, 40.840031000933635 ], [ -73.912997, 40.840115000933594 ], [ -73.912961, 40.840200000933621 ], [ -73.912924, 40.840288000933597 ], [ -73.912888, 40.840377000933614 ], [ -73.91285, 40.840469000933609 ], [ -73.91164, 40.844055000933615 ], [ -73.911575, 40.844201000933666 ], [ -73.911505, 40.844343000933634 ], [ -73.91143, 40.844482000933603 ], [ -73.911351, 40.844618000933622 ], [ -73.911266, 40.84475100093362 ], [ -73.911176, 40.844880000933621 ], [ -73.91108, 40.84500600093368 ], [ -73.91098, 40.845129000933632 ], [ -73.910875, 40.845249000933684 ], [ -73.910765, 40.845365000933676 ], [ -73.91065, 40.84547800093366 ], [ -73.910529, 40.845588000933667 ], [ -73.910404, 40.845695000933631 ], [ -73.910273, 40.845799000933638 ], [ -73.910136, 40.845900000933618 ], [ -73.908755, 40.84686800093364 ], [ -73.908535, 40.847028000933669 ], [ -73.908324, 40.84718700093368 ], [ -73.908121, 40.847343000933691 ], [ -73.907926, 40.847497000933636 ], [ -73.907739, 40.84764900093365 ], [ -73.90756, 40.847799000933684 ], [ -73.907389, 40.847947000933644 ], [ -73.907227, 40.848093000933694 ], [ -73.907072, 40.848236000933653 ], [ -73.906925, 40.848378000933657 ], [ -73.906787, 40.848518000933694 ], [ -73.906656, 40.848656000933694 ], [ -73.906534, 40.84879100093368 ], [ -73.906419, 40.848925000933676 ], [ -73.906311, 40.849058000933695 ], [ -73.905227, 40.850410000933671 ], [ -73.901532, 40.854996000933674 ], [ -73.901476, 40.855064000933687 ], [ -73.90142, 40.855133000933719 ], [ -73.901365, 40.855203000933699 ], [ -73.90131, 40.855273000933693 ], [ -73.901256, 40.855344000933705 ], [ -73.901202, 40.85541600093368 ], [ -73.901148, 40.85548800093369 ], [ -73.901096, 40.855562000933716 ], [ -73.901043, 40.855636000933707 ], [ -73.900992, 40.855710000933691 ], [ -73.90094, 40.855786000933719 ], [ -73.90089, 40.855862000933712 ], [ -73.90084, 40.855938000933662 ], [ -73.90079, 40.8560160009337 ], [ -73.900741, 40.856093000933697 ], [ -73.899078, 40.858881000933728 ], [ -73.899037, 40.858948000933722 ], [ -73.898997, 40.85901400093374 ], [ -73.898957, 40.859081000933742 ], [ -73.898918, 40.859147000933724 ], [ -73.89888, 40.859213000933735 ], [ -73.898842, 40.859280000933744 ], [ -73.898804, 40.859346000933748 ], [ -73.898768, 40.859412000933752 ], [ -73.898731, 40.85947800093367 ], [ -73.898695, 40.859544000933695 ], [ -73.89866, 40.859610000933692 ], [ -73.898625, 40.859676000933703 ], [ -73.898591, 40.859742000933714 ], [ -73.898557, 40.859807000933699 ], [ -73.898523, 40.859873000933717 ], [ -73.897749, 40.861296000933706 ], [ -73.897337, 40.862073000933734 ], [ -73.897292, 40.862151000933736 ], [ -73.897247, 40.862227000933743 ], [ -73.897202, 40.862303000933714 ], [ -73.897157, 40.862377000933712 ], [ -73.897111, 40.862450000933734 ], [ -73.897064, 40.862521000933754 ], [ -73.897017, 40.862591000933726 ], [ -73.89697, 40.862660000933737 ], [ -73.896923, 40.862728000933735 ], [ -73.896875, 40.862795000933737 ], [ -73.896827, 40.86286000093375 ], [ -73.896779, 40.862924000933752 ], [ -73.89673, 40.862986000933702 ], [ -73.896681, 40.863048000933716 ], [ -73.896631, 40.863108000933742 ], [ -73.894164, 40.866103000933769 ], [ -73.893509, 40.86697800093377 ], [ -73.891998, 40.86894900093376 ], [ -73.891891, 40.869074000933779 ], [ -73.891781, 40.86919500093375 ], [ -73.891671, 40.869312000933746 ], [ -73.89156, 40.869424000933734 ], [ -73.891448, 40.869533000933728 ], [ -73.891336, 40.86963900093378 ], [ -73.891223, 40.869740000933746 ], [ -73.891109, 40.869837000933764 ], [ -73.890995, 40.869931000933768 ], [ -73.89088, 40.870020000933771 ], [ -73.890765, 40.870106000933788 ], [ -73.890649, 40.870188000933751 ], [ -73.890532, 40.870266000933775 ], [ -73.890415, 40.870341000933742 ], [ -73.890297, 40.870411000933757 ], [ -73.889495, 40.870901000933777 ], [ -73.889396, 40.870952000933762 ], [ -73.889299, 40.871006000933818 ], [ -73.889205, 40.871061000933778 ], [ -73.889113, 40.871118000933819 ], [ -73.889024, 40.871175000933768 ], [ -73.888938, 40.871233000933778 ], [ -73.888854, 40.871292000933757 ], [ -73.888773, 40.871352000933769 ], [ -73.888695, 40.871413000933799 ], [ -73.888619, 40.871475000933756 ], [ -73.888546, 40.871539000933772 ], [ -73.888476, 40.871603000933767 ], [ -73.888408, 40.871668000933788 ], [ -73.888343, 40.871734000933785 ], [ -73.888279, 40.871801000933779 ], [ -73.887138, 40.873244000933774 ] ] ] } },
    { "type": "Feature", "properties": { "Division": "IND", "Line": "Queens", "route_id": "B", "color": "#FF6319" }, "geometry": { "type": "MultiLineString", "coordinates": [ [ [ -73.980187100999956, 40.762246819933267 ], [ -73.980212, 40.762259000933241 ], [ -73.981637, 40.762862000933247 ], [ -73.981663, 40.762874000933287 ], [ -73.983698, 40.763731000933262 ], [ -73.983752881999976, 40.763762149933271 ] ] ] } },
    { "type": "Feature", "properties": { "Division": "IRT", "Line": "Eastern Parkway", "route_id": "B", "color": "#FF6319" }, "geometry": { "type": "MultiLineString", "coordinates": [ [ [ -73.970782211999961, 40.674838347932827 ], [ -73.972367, 40.677050000932859 ], [ -73.976398, 40.682608000932888 ], [ -73.976431, 40.682662000932851 ], [ -73.976461, 40.682716000932842 ], [ -73.97649, 40.682769000932865 ], [ -73.976517, 40.682823000932864 ], [ -73.976543, 40.682877000932898 ], [ -73.976566, 40.68293200093288 ], [ -73.976589, 40.682987000932847 ], [ -73.976609, 40.683041000932896 ], [ -73.976628, 40.683097000932868 ], [ -73.976645, 40.68315200093285 ], [ -73.976661, 40.683208000932851 ], [ -73.976675, 40.683264000932894 ], [ -73.976687, 40.683320000932859 ], [ -73.976698, 40.683376000932896 ], [ -73.976708, 40.683433000932858 ], [ -73.97689, 40.68446000093288 ], [ -73.977416, 40.68718100093291 ], [ -73.977424, 40.687228000932897 ], [ -73.977437, 40.687273000932905 ], [ -73.977452, 40.687317000932907 ], [ -73.977472, 40.687359000932908 ], [ -73.977495, 40.687399000932849 ], [ -73.977522, 40.687437000932889 ], [ -73.977552, 40.687473000932904 ], [ -73.977587, 40.687508000932887 ], [ -73.977624, 40.687541000932903 ], [ -73.977666, 40.687573000932865 ], [ -73.977711, 40.68760200093287 ], [ -73.97776, 40.687630000932906 ], [ -73.977812, 40.687656000932897 ], [ -73.977868, 40.6876800009329 ], [ -73.977928, 40.687703000932899 ], [ -73.978805, 40.688068000932894 ], [ -73.980474, 40.688730000932921 ], [ -73.980545, 40.688760000932909 ], [ -73.980613, 40.688792000932857 ], [ -73.980678, 40.688827000932903 ], [ -73.98074, 40.688863000932862 ], [ -73.980798, 40.688902000932885 ], [ -73.980853, 40.688943000932888 ], [ -73.980905, 40.688986000932907 ], [ -73.980954, 40.6890310009329 ], [ -73.980999, 40.689078000932895 ], [ -73.981042, 40.689127000932878 ], [ -73.981081, 40.68917800093287 ], [ -73.981117, 40.689232000932904 ], [ -73.981149, 40.689287000932872 ], [ -73.981179, 40.68934500093291 ], [ -73.981205, 40.689405000932936 ], [ -73.981824, 40.690635000932879 ], [ -73.982304, 40.691559000932891 ], [ -73.983354867999935, 40.69368130493293 ] ] ] } },
    { "type": "Feature", "properties": { "Division": "IND", "Line": "8th Avenue", "route_id": "C", "color": "#0062CF" }, "geometry": { "type": "MultiLineString", "coordinates": [ [ [ -73.98705130899998, 40.697102192932938 ], [ -73.987036, 40.697395000932907 ], [ -73.987053, 40.697629000932935 ], [ -73.98709, 40.697848000932957 ], [ -73.987146, 40.698052000932968 ], [ -73.987221, 40.698240000932927 ], [ -73.987316, 40.698413000932959 ], [ -73.987429, 40.698570000932961 ], [ -73.987562, 40.698713000932962 ], [ -73.987713, 40.698840000932968 ], [ -73.987884, 40.698951000932986 ], [ -73.988074, 40.699047000932971 ], [ -73.988283, 40.69912800093293 ], [ -73.988511, 40.699194000932941 ], [ -73.988758, 40.699244000932993 ], [ -73.989025, 40.699279000932954 ], [ -73.989309, 40.699300000932951 ], [ -73.990531, 40.699337000932957 ], [ -73.991305, 40.699368000932935 ], [ -73.991423, 40.699375000932932 ], [ -73.991539, 40.699382000932957 ], [ -73.991654, 40.699391000932948 ], [ -73.991768, 40.699402000932984 ], [ -73.99188, 40.69941400093294 ], [ -73.991991, 40.699428000932983 ], [ -73.992101, 40.699444000932921 ], [ -73.992209, 40.699461000932956 ], [ -73.992316, 40.699480000932915 ], [ -73.992422, 40.69950000093295 ], [ -73.992527, 40.699523000932963 ], [ -73.99263, 40.699546000932948 ], [ -73.992732, 40.699572000932918 ], [ -73.992833, 40.699599000932942 ], [ -73.992931, 40.699629000932966 ], [ -73.996206, 40.700539000932956 ], [ -73.996623, 40.700676000932944 ], [ -73.99703, 40.700823000932978 ], [ -73.997422, 40.70097800093297 ], [ -73.9978, 40.701141000932957 ], [ -73.998162, 40.70131200093293 ], [ -73.998509, 40.70149100093294 ], [ -73.998841, 40.701679000932977 ], [ -73.999159, 40.70187500093293 ], [ -73.999461, 40.702079000932919 ], [ -73.999749, 40.702291000932966 ], [ -74.000021, 40.702511000932994 ], [ -74.000279, 40.702740000932963 ], [ -74.000522, 40.702976000932949 ], [ -74.000749, 40.703221000932956 ], [ -74.000966, 40.703473000932924 ], [ -74.004845, 40.708461000932999 ], [ -74.004894, 40.708525000933008 ], [ -74.004947, 40.708589000933024 ], [ -74.005002, 40.708651000932988 ], [ -74.005061, 40.708712000932977 ], [ -74.005122, 40.708771000932998 ], [ -74.005187, 40.70883000093297 ], [ -74.005254, 40.708886000932999 ], [ -74.005325, 40.708941000932981 ], [ -74.005398, 40.708995000933022 ], [ -74.005475, 40.709048000932995 ], [ -74.005554, 40.709099000932966 ], [ -74.005637, 40.709148000932956 ], [ -74.005722, 40.709197000933031 ], [ -74.005811, 40.709244000933012 ], [ -74.0059, 40.709287000933024 ], [ -74.007691, 40.710197000933007 ], [ -74.009737, 40.711226000933017 ], [ -74.009837, 40.711291000933031 ], [ -74.009924, 40.711358000933053 ], [ -74.009999, 40.711427000933028 ], [ -74.010062, 40.711498000933013 ], [ -74.010112, 40.711571000933006 ], [ -74.010149, 40.711645000932997 ], [ -74.010174, 40.711722000933023 ], [ -74.010187, 40.711801000932979 ], [ -74.010187, 40.711881000933019 ], [ -74.010175, 40.71196300093299 ], [ -74.01015, 40.712048000932974 ], [ -74.010113, 40.712134000932998 ], [ -74.010063, 40.712222000933004 ], [ -74.010001, 40.712312000933004 ], [ -74.009926, 40.712405000933003 ], [ -74.008585, 40.71411100093303 ], [ -74.005494, 40.718039000933018 ], [ -74.005447, 40.718106000932998 ], [ -74.005404, 40.718174000933011 ], [ -74.005365, 40.718242000933003 ], [ -74.005329, 40.718310000933052 ], [ -74.005297, 40.718379000933027 ], [ -74.005268, 40.71844900093307 ], [ -74.005243, 40.718519000933071 ], [ -74.005222, 40.718589000933044 ], [ -74.005203, 40.718660000933042 ], [ -74.005189, 40.718732000933031 ], [ -74.005178, 40.718804000933041 ], [ -74.00517, 40.718876000933086 ], [ -74.005166, 40.71894900093303 ], [ -74.005164, 40.719022000933037 ], [ -74.005166, 40.719096000933 ], [ -74.00523, 40.720785000933027 ], [ -74.005229, 40.720824000933042 ], [ -74.005294, 40.721758000933086 ], [ -74.005299, 40.721824000933012 ], [ -74.005302, 40.721889000933032 ], [ -74.005304, 40.721953000933048 ], [ -74.005304, 40.72201600093306 ], [ -74.005302, 40.722078000933067 ], [ -74.005299, 40.722140000933038 ], [ -74.005293, 40.722201000933062 ], [ -74.005286, 40.722261000933067 ], [ -74.005278, 40.722320000933031 ], [ -74.005267, 40.72237900093306 ], [ -74.005255, 40.722436000933094 ], [ -74.005241, 40.722493000933028 ], [ -74.005225, 40.722549000933071 ], [ -74.005208, 40.722605000933051 ], [ -74.005189, 40.722659000933085 ], [ -74.003739, 40.726227000933072 ], [ -74.00272, 40.728583000933114 ], [ -74.002705, 40.72862100093306 ], [ -74.002689, 40.728661000933094 ], [ -74.002673, 40.728702000933104 ], [ -74.002655, 40.728744000933084 ], [ -74.002637, 40.72878700093311 ], [ -74.002617, 40.72883100093312 ], [ -74.002597, 40.728876000933106 ], [ -74.002575, 40.72892200093311 ], [ -74.002552, 40.728970000933103 ], [ -74.002529, 40.729019000933093 ], [ -74.002504, 40.729068000933076 ], [ -74.002478, 40.729119000933075 ], [ -74.002452, 40.729171000933093 ], [ -74.002424, 40.729225000933084 ], [ -74.002395, 40.729279000933111 ], [ -74.001552, 40.730820000933129 ], [ -74.001539, 40.730845000933073 ], [ -74.001525, 40.730871000933078 ], [ -74.001511, 40.730897000933098 ], [ -74.001497, 40.730922000933134 ], [ -74.001482, 40.730948000933118 ], [ -74.001467, 40.730975000933078 ], [ -74.001451, 40.731001000933112 ], [ -74.001435, 40.731027000933089 ], [ -74.001419, 40.731054000933085 ], [ -74.001402, 40.73108000093314 ], [ -74.001385, 40.731107000933136 ], [ -74.001367, 40.731134000933103 ], [ -74.001349, 40.731161000933099 ], [ -74.001331, 40.731189000933092 ], [ -74.001312, 40.731216000933117 ], [ -74.000515, 40.732312000933071 ], [ -74.000495, 40.732338000933083 ], [ -74.000477, 40.732362000933144 ], [ -73.999777, 40.733324000933088 ], [ -73.999736, 40.733391000933111 ], [ -73.999702, 40.733459000933095 ], [ -73.999674, 40.73352700093313 ], [ -73.999652, 40.733596000933083 ], [ -73.999636, 40.733666000933091 ], [ -73.999626, 40.733736000933142 ], [ -73.999621, 40.73380700093314 ], [ -73.999622, 40.733878000933103 ], [ -73.999629, 40.733949000933109 ], [ -73.999642, 40.734021000933119 ], [ -73.99966, 40.734094000933098 ], [ -73.999685, 40.734167000933127 ], [ -73.999715, 40.734240000933141 ], [ -73.99975, 40.734314000933104 ], [ -73.999792, 40.734389000933149 ], [ -74.002433, 40.738807000933157 ], [ -74.002477, 40.738885000933131 ], [ -74.002514, 40.738964000933166 ], [ -74.002544, 40.739043000933108 ], [ -74.002567, 40.73912100093316 ], [ -74.002583, 40.739200000933124 ], [ -74.002592, 40.739278000933155 ], [ -74.002594, 40.739356000933093 ], [ -74.00259, 40.739434000933173 ], [ -74.002578, 40.739512000933146 ], [ -74.00256, 40.739589000933172 ], [ -74.002535, 40.739666000933163 ], [ -74.002502, 40.739744000933108 ], [ -74.002463, 40.739821000933155 ], [ -74.002417, 40.739897000933134 ], [ -74.002363, 40.739974000933167 ], [ -74.00169, 40.740893000933134 ], [ -73.998041, 40.745906000933182 ], [ -73.993391, 40.752287000933229 ], [ -73.989735, 40.757308000933257 ], [ -73.985984, 40.762456000933241 ], [ -73.985322, 40.763365000933291 ], [ -73.984138, 40.764986000933298 ], [ -73.981736, 40.768296000933304 ], [ -73.97641, 40.775594000933317 ], [ -73.972143, 40.781433000933347 ], [ -73.968916, 40.78586800093337 ], [ -73.964696, 40.791642000933351 ], [ -73.961454, 40.796092000933399 ], [ -73.958161, 40.800603000933478 ], [ -73.954882, 40.805085000933495 ], [ -73.953288, 40.80726700093345 ], [ -73.953236, 40.80733000093344 ], [ -73.95319, 40.807392000933461 ], [ -73.953148, 40.80745500093348 ], [ -73.95311, 40.807519000933475 ], [ -73.953075, 40.807583000933512 ], [ -73.953045, 40.807647000933443 ], [ -73.953018, 40.807711000933466 ], [ -73.952995, 40.807777000933456 ], [ -73.952976, 40.807842000933462 ], [ -73.952961, 40.807908000933473 ], [ -73.95295, 40.807975000933496 ], [ -73.952942, 40.808042000933483 ], [ -73.952939, 40.808109000933463 ], [ -73.952939, 40.808177000933476 ], [ -73.952941, 40.808245000933475 ], [ -73.95303, 40.809638000933489 ], [ -73.953033, 40.809699000933485 ], [ -73.953034, 40.809757000933459 ], [ -73.953033, 40.809815000933497 ], [ -73.95303, 40.809872000933474 ], [ -73.953025, 40.809927000933499 ], [ -73.953017, 40.809981000933476 ], [ -73.953007, 40.810035000933468 ], [ -73.952995, 40.8100870009335 ], [ -73.95298, 40.810138000933485 ], [ -73.952963, 40.810188000933444 ], [ -73.952943, 40.810237000933462 ], [ -73.952922, 40.810285000933519 ], [ -73.952898, 40.810332000933492 ], [ -73.952872, 40.810377000933507 ], [ -73.952842, 40.810422000933507 ], [ -73.952343, 40.811109000933484 ], [ -73.9523, 40.811167000933501 ], [ -73.952256, 40.811223000933452 ], [ -73.95221, 40.811279000933503 ], [ -73.952164, 40.811335000933454 ], [ -73.952117, 40.811390000933514 ], [ -73.952068, 40.811445000933503 ], [ -73.952019, 40.811500000933506 ], [ -73.951969, 40.811554000933484 ], [ -73.951917, 40.811608000933468 ], [ -73.951865, 40.811661000933505 ], [ -73.951811, 40.811714000933506 ], [ -73.951757, 40.811767000933465 ], [ -73.951701, 40.811819000933511 ], [ -73.951645, 40.811871000933493 ], [ -73.951586, 40.811923000933454 ], [ -73.950604, 40.812906000933488 ], [ -73.950568, 40.812938000933478 ], [ -73.950533, 40.812971000933501 ], [ -73.950498, 40.813004000933489 ], [ -73.950464, 40.81303800093351 ], [ -73.95043, 40.813073000933471 ], [ -73.950397, 40.813109000933487 ], [ -73.950363, 40.813145000933517 ], [ -73.950331, 40.813181000933483 ], [ -73.950298, 40.813219000933486 ], [ -73.950266, 40.813257000933518 ], [ -73.950234, 40.81329600093347 ], [ -73.950203, 40.813335000933506 ], [ -73.950172, 40.813376000933502 ], [ -73.950141, 40.813416000933536 ], [ -73.950112, 40.813459000933513 ], [ -73.949202, 40.814704000933503 ], [ -73.949174, 40.814741000933481 ], [ -73.949147, 40.814778000933501 ], [ -73.949121, 40.814815000933528 ], [ -73.949095, 40.814853000933482 ], [ -73.94907, 40.814892000933504 ], [ -73.949046, 40.814930000933522 ], [ -73.949023, 40.814969000933523 ], [ -73.949, 40.815009000933486 ], [ -73.948977, 40.815049000933492 ], [ -73.948956, 40.815089000933519 ], [ -73.948935, 40.815130000933522 ], [ -73.948914, 40.815171000933532 ], [ -73.948895, 40.815212000933499 ], [ -73.948875, 40.8152540009335 ], [ -73.948857, 40.815297000933491 ], [ -73.947649, 40.817894000933528 ], [ -73.944947, 40.823696000933538 ], [ -73.944926, 40.823739000933521 ], [ -73.944904, 40.823781000933558 ], [ -73.944882, 40.823822000933568 ], [ -73.94486, 40.823862000933573 ], [ -73.944837, 40.823902000933536 ], [ -73.944814, 40.823941000933523 ], [ -73.944791, 40.82398000093356 ], [ -73.944767, 40.824018000933563 ], [ -73.944743, 40.824055000933519 ], [ -73.944719, 40.824092000933533 ], [ -73.944694, 40.824127000933522 ], [ -73.944669, 40.824163000933538 ], [ -73.944643, 40.824197000933516 ], [ -73.944617, 40.824231000933544 ], [ -73.944591, 40.824264000933525 ], [ -73.944216, 40.824783000933515 ], [ -73.944148, 40.824882000933549 ], [ -73.943403, 40.825903000933529 ], [ -73.943379, 40.825938000933562 ], [ -73.943355, 40.825975000933546 ], [ -73.943333, 40.826012000933552 ], [ -73.943311, 40.82604900093358 ], [ -73.943289, 40.826087000933548 ], [ -73.943269, 40.826125000933544 ], [ -73.943249, 40.826164000933581 ], [ -73.943229, 40.826202000933591 ], [ -73.943211, 40.826242000933533 ], [ -73.943193, 40.826281000933541 ], [ -73.943176, 40.826321000933582 ], [ -73.943159, 40.826362000933578 ], [ -73.943144, 40.826402000933534 ], [ -73.943128, 40.826444000933549 ], [ -73.943113, 40.826486000933556 ], [ -73.941514, 40.830518000933566 ], [ -73.940709, 40.832909000933583 ], [ -73.9407, 40.83294000093359 ], [ -73.94069, 40.832971000933561 ], [ -73.94068, 40.833003000933608 ], [ -73.94067, 40.833035000933563 ], [ -73.940659, 40.833067000933561 ], [ -73.940648, 40.833100000933584 ], [ -73.940637, 40.83313300093355 ], [ -73.940625, 40.833166000933588 ], [ -73.940613, 40.833199000933583 ], [ -73.9406, 40.833233000933618 ], [ -73.940587, 40.833266000933584 ], [ -73.940574, 40.833301000933595 ], [ -73.94056, 40.833335000933566 ], [ -73.940546, 40.833370000933591 ], [ -73.940532, 40.833405000933574 ], [ -73.939915, 40.834797000933577 ], [ -73.939896, 40.834840000933603 ], [ -73.93988, 40.834883000933587 ], [ -73.939866, 40.834926000933606 ], [ -73.939853, 40.834970000933602 ], [ -73.939841, 40.835014000933604 ], [ -73.939832, 40.83505900093359 ], [ -73.939823, 40.835104000933619 ], [ -73.939817, 40.835150000933595 ], [ -73.939812, 40.835196000933614 ], [ -73.939809, 40.835242000933604 ], [ -73.939807, 40.835289000933585 ], [ -73.939807, 40.835337000933585 ], [ -73.939808, 40.83538500093357 ], [ -73.939811, 40.835433000933612 ], [ -73.939817, 40.835482000933609 ], [ -73.939892, 40.83601300093359 ], [ -73.940033, 40.836920000933631 ], [ -73.940037, 40.836954000933609 ], [ -73.940042, 40.836987000933625 ], [ -73.940046, 40.837021000933603 ], [ -73.940049, 40.837054000933627 ], [ -73.940052, 40.8370870009336 ], [ -73.940054, 40.8371210009336 ], [ -73.940055, 40.837154000933602 ], [ -73.940056, 40.837188000933587 ], [ -73.940057, 40.837221000933617 ], [ -73.940057, 40.837254000933598 ], [ -73.940056, 40.837288000933619 ], [ -73.940055, 40.837321000933599 ], [ -73.940053, 40.837354000933615 ], [ -73.94005, 40.837388000933586 ], [ -73.940047, 40.837421000933638 ], [ -73.939881, 40.839251000933608 ], [ -73.939876, 40.839308000933627 ], [ -73.939871, 40.839366000933609 ], [ -73.939865, 40.839423000933643 ], [ -73.939858, 40.839480000933619 ], [ -73.939851, 40.839537000933632 ], [ -73.939843, 40.839593000933597 ], [ -73.939834, 40.839649000933619 ], [ -73.939824, 40.839705000933613 ], [ -73.939814, 40.839760000933644 ], [ -73.939802, 40.839815000933598 ], [ -73.93979, 40.83986900093366 ], [ -73.939778, 40.839923000933609 ], [ -73.939764, 40.839977000933601 ], [ -73.93975, 40.840030000933638 ], [ -73.939735, 40.840083000933625 ], [ -73.939561, 40.840719000933603 ] ] ] } },
    { "type": "Feature", "properties": { "Division": "IND", "Line": "Fulton Street", "route_id": "C", "color": "#0062CF" }, "geometry": { "type": "MultiLineString", "coordinates": [ [ [ -73.872106, 40.675377000932805 ], [ -73.88075, 40.67413000093282 ], [ -73.890358, 40.672710000932817 ], [ -73.89383, 40.6721960009328 ], [ -73.894094, 40.672159000932837 ], [ -73.89434, 40.672140000932828 ], [ -73.894572, 40.672138000932847 ], [ -73.89479, 40.672154000932778 ], [ -73.894994, 40.672186000932832 ], [ -73.895184, 40.672236000932834 ], [ -73.89536, 40.672302000932817 ], [ -73.895522, 40.672386000932839 ], [ -73.895671, 40.672487000932811 ], [ -73.895805, 40.672605000932805 ], [ -73.895925, 40.672739000932793 ], [ -73.896032, 40.672891000932786 ], [ -73.896124, 40.673061000932847 ], [ -73.896202, 40.673247000932825 ], [ -73.896264, 40.673448000932851 ], [ -73.896548, 40.674542000932803 ], [ -73.897088, 40.676653000932824 ], [ -73.897162, 40.676834000932836 ], [ -73.897255, 40.677001000932854 ], [ -73.897365, 40.677156000932811 ], [ -73.897492, 40.677299000932848 ], [ -73.897637, 40.677430000932866 ], [ -73.897799, 40.677549000932856 ], [ -73.897979, 40.677657000932861 ], [ -73.898176, 40.677752000932855 ], [ -73.89839, 40.677836000932842 ], [ -73.898621, 40.677908000932852 ], [ -73.89887, 40.677969000932848 ], [ -73.899135, 40.678017000932861 ], [ -73.899419, 40.678054000932818 ], [ -73.899719, 40.678079000932826 ], [ -73.900033, 40.678093000932833 ], [ -73.900444, 40.678112000932842 ], [ -73.900494, 40.678114000932865 ], [ -73.900543, 40.678117000932815 ], [ -73.900593, 40.678120000932829 ], [ -73.900641, 40.678123000932821 ], [ -73.90069, 40.678126000932878 ], [ -73.900738, 40.678130000932867 ], [ -73.900785, 40.678134000932843 ], [ -73.900833, 40.678138000932854 ], [ -73.900879, 40.67814200093283 ], [ -73.900926, 40.678147000932867 ], [ -73.900972, 40.678152000932876 ], [ -73.901017, 40.678157000932863 ], [ -73.901063, 40.678162000932836 ], [ -73.901108, 40.678168000932835 ], [ -73.901152, 40.678174000932877 ], [ -73.902619, 40.678361000932846 ], [ -73.902668, 40.678365000932828 ], [ -73.902717, 40.678369000932832 ], [ -73.902767, 40.678373000932886 ], [ -73.902816, 40.678376000932879 ], [ -73.902866, 40.678379000932864 ], [ -73.902915, 40.678382000932849 ], [ -73.902965, 40.678384000932837 ], [ -73.903015, 40.678386000932854 ], [ -73.903065, 40.678388000932841 ], [ -73.903115, 40.678389000932825 ], [ -73.903165, 40.678390000932836 ], [ -73.903215, 40.678390000932843 ], [ -73.903266, 40.678391000932841 ], [ -73.903316, 40.678390000932836 ], [ -73.903367, 40.678390000932843 ], [ -73.905316, 40.67833400093285 ], [ -73.907997, 40.678227000932836 ], [ -73.908133, 40.678221000932865 ], [ -73.90827, 40.678217000932861 ], [ -73.908405, 40.678213000932807 ], [ -73.908539, 40.678211000932826 ], [ -73.908673, 40.67820900093281 ], [ -73.908805, 40.678207000932836 ], [ -73.908936, 40.678207000932836 ], [ -73.909066, 40.678207000932851 ], [ -73.909195, 40.678208000932841 ], [ -73.909323, 40.678210000932829 ], [ -73.909449, 40.678213000932807 ], [ -73.909575, 40.678216000932863 ], [ -73.9097, 40.678220000932875 ], [ -73.909823, 40.678225000932848 ], [ -73.909946, 40.678231000932819 ], [ -73.911946, 40.678340000932835 ], [ -73.920786, 40.678822000932826 ], [ -73.930729, 40.679364000932871 ], [ -73.940858, 40.679921000932858 ], [ -73.950426, 40.680438000932831 ], [ -73.952338, 40.680543000932872 ], [ -73.952432, 40.680548000932852 ], [ -73.952527, 40.680554000932815 ], [ -73.952624, 40.680561000932883 ], [ -73.952721, 40.68057000093286 ], [ -73.952821, 40.680580000932892 ], [ -73.952921, 40.68059100093285 ], [ -73.953023, 40.680604000932888 ], [ -73.953127, 40.680618000932839 ], [ -73.953232, 40.680634000932869 ], [ -73.953339, 40.680651000932855 ], [ -73.953447, 40.680669000932895 ], [ -73.953556, 40.680689000932844 ], [ -73.953667, 40.680710000932841 ], [ -73.953779, 40.680733000932833 ], [ -73.953893, 40.680757000932836 ], [ -73.956848, 40.681380000932869 ], [ -73.965838, 40.683263000932897 ], [ -73.96743, 40.683595000932854 ], [ -73.967499, 40.683608000932857 ], [ -73.967566, 40.683624000932916 ], [ -73.967634, 40.683640000932854 ], [ -73.967701, 40.683657000932861 ], [ -73.967769, 40.683675000932858 ], [ -73.967837, 40.683694000932888 ], [ -73.967904, 40.683715000932914 ], [ -73.967972, 40.683736000932889 ], [ -73.968039, 40.683758000932905 ], [ -73.968107, 40.683781000932903 ], [ -73.968175, 40.6838050009329 ], [ -73.968242, 40.683830000932886 ], [ -73.96831, 40.683856000932863 ], [ -73.968377, 40.683883000932859 ], [ -73.968445, 40.683911000932902 ], [ -73.973946, 40.686113000932878 ], [ -73.975438, 40.68672000093288 ], [ -73.97553, 40.686754000932901 ], [ -73.975621, 40.686786000932877 ], [ -73.975711, 40.686815000932867 ], [ -73.975803, 40.68684200093292 ], [ -73.975894, 40.686866000932888 ], [ -73.975986, 40.686888000932903 ], [ -73.976078, 40.686907000932905 ], [ -73.97617, 40.686924000932862 ], [ -73.976263, 40.686938000932884 ], [ -73.976356, 40.68695000093286 ], [ -73.976449, 40.686960000932892 ], [ -73.976543, 40.686966000932884 ], [ -73.976637, 40.686971000932871 ], [ -73.976731, 40.68697300093293 ], [ -73.976828, 40.686971000932864 ], [ -73.978621, 40.686762000932895 ], [ -73.978751, 40.686747000932854 ], [ -73.978877, 40.686735000932892 ], [ -73.979002, 40.686726000932936 ], [ -73.979124, 40.686721000932849 ], [ -73.979245, 40.686718000932878 ], [ -73.979363, 40.686718000932878 ], [ -73.97948, 40.68672000093288 ], [ -73.979594, 40.686726000932914 ], [ -73.979706, 40.686735000932885 ], [ -73.979816, 40.686747000932868 ], [ -73.979924, 40.686762000932887 ], [ -73.98003, 40.686779000932894 ], [ -73.980134, 40.686800000932891 ], [ -73.980236, 40.68682300093289 ], [ -73.980336, 40.686851000932883 ], [ -73.980738, 40.686969000932855 ], [ -73.980774, 40.686977000932899 ], [ -73.98081, 40.686986000932883 ], [ -73.980847, 40.686995000932853 ], [ -73.980884, 40.687004000932887 ], [ -73.980921, 40.687014000932869 ], [ -73.980958, 40.687025000932884 ], [ -73.980996, 40.687036000932885 ], [ -73.981034, 40.68704800093289 ], [ -73.981072, 40.68706000093286 ], [ -73.98111, 40.687073000932891 ], [ -73.981149, 40.687086000932908 ], [ -73.981188, 40.687100000932901 ], [ -73.981227, 40.687114000932915 ], [ -73.981266, 40.687129000932863 ], [ -73.981306, 40.687144000932904 ], [ -73.981883, 40.687350000932881 ], [ -73.981953, 40.687376000932879 ], [ -73.982022, 40.68740300093291 ], [ -73.982091, 40.687429000932902 ], [ -73.98216, 40.687455000932921 ], [ -73.982229, 40.687480000932887 ], [ -73.982299, 40.68750500093288 ], [ -73.982368, 40.68753100093285 ], [ -73.982438, 40.687555000932882 ], [ -73.982508, 40.687580000932854 ], [ -73.982578, 40.687604000932922 ], [ -73.982648, 40.687629000932901 ], [ -73.982718, 40.687653000932912 ], [ -73.982789, 40.687676000932917 ], [ -73.982859, 40.6877000009329 ], [ -73.98293, 40.687723000932898 ], [ -73.983005, 40.687747000932916 ], [ -73.98308, 40.687771000932912 ], [ -73.983155, 40.687795000932908 ], [ -73.983229, 40.687820000932881 ], [ -73.983304, 40.687845000932874 ], [ -73.983379, 40.687870000932868 ], [ -73.983454, 40.687896000932909 ], [ -73.983528, 40.687922000932907 ], [ -73.983603, 40.68794800093292 ], [ -73.983678, 40.687975000932937 ], [ -73.983752, 40.68800200093289 ], [ -73.983827, 40.688029000932865 ], [ -73.983901, 40.688056000932924 ], [ -73.983976, 40.688084000932911 ], [ -73.98405, 40.688112000932882 ], [ -73.985001, 40.688484000932917 ], [ -73.987376, 40.689409000932919 ], [ -73.987486, 40.689472000932938 ], [ -73.987586, 40.689540000932929 ], [ -73.987672, 40.689610000932902 ], [ -73.987747, 40.689684000932886 ], [ -73.987809, 40.689761000932883 ], [ -73.987858, 40.689841000932908 ], [ -73.987895, 40.689924000932919 ], [ -73.98792, 40.690011000932891 ], [ -73.987932, 40.690100000932887 ], [ -73.987931, 40.690192000932882 ], [ -73.987918, 40.690288000932924 ], [ -73.987892, 40.690387000932894 ], [ -73.987854, 40.690489000932942 ], [ -73.987803, 40.69059400093289 ], [ -73.987738, 40.690701000932904 ], [ -73.987582, 40.690945000932906 ], [ -73.987556, 40.690993000932899 ], [ -73.987532, 40.691041000932891 ], [ -73.987509, 40.691089000932884 ], [ -73.987488, 40.691138000932945 ], [ -73.987469, 40.691187000932928 ], [ -73.987452, 40.691236000932903 ], [ -73.987437, 40.691286000932898 ], [ -73.987423, 40.691336000932885 ], [ -73.987412, 40.691386000932937 ], [ -73.987402, 40.691437000932929 ], [ -73.987394, 40.691488000932921 ], [ -73.987387, 40.69153900093287 ], [ -73.987383, 40.691591000932924 ], [ -73.98738, 40.691643000932913 ], [ -73.987379, 40.691695000932889 ], [ -73.987343, 40.692332000932943 ], [ -73.987342, 40.692338000932914 ], [ -73.987343, 40.692346000932893 ], [ -73.987277, 40.693682000932952 ], [ -73.987276, 40.693715000932926 ], [ -73.987273, 40.693748000932899 ], [ -73.987271, 40.693782000932927 ], [ -73.987268, 40.693816000932905 ], [ -73.987265, 40.693850000932919 ], [ -73.987262, 40.693884000932904 ], [ -73.987259, 40.693919000932915 ], [ -73.987255, 40.69395300093295 ], [ -73.987252, 40.693988000932912 ], [ -73.987248, 40.69402400093292 ], [ -73.987244, 40.694059000932903 ], [ -73.98724, 40.694095000932926 ], [ -73.987235, 40.694131000932899 ], [ -73.987231, 40.694167000932921 ], [ -73.987226, 40.694204000932928 ], [ -73.987211, 40.694334000932905 ], [ -73.987206, 40.694364000932957 ], [ -73.987202, 40.694394000932903 ], [ -73.987198, 40.694424000932891 ], [ -73.987194, 40.69445500093294 ], [ -73.987191, 40.694487000932909 ], [ -73.987187, 40.694519000932949 ], [ -73.987184, 40.694551000932904 ], [ -73.987182, 40.694585000932939 ], [ -73.987179, 40.69461800093292 ], [ -73.987177, 40.694652000932948 ], [ -73.987175, 40.694687000932909 ], [ -73.987173, 40.694722000932934 ], [ -73.987172, 40.694758000932922 ], [ -73.987171, 40.694794000932944 ], [ -73.98717, 40.694832000932948 ], [ -73.98705130899998, 40.697102192932938 ] ] ] } },
    { "type": "Feature", "properties": { "Division": "BMT", "Line": "4th Avenue", "route_id": "D", "color": "#FF6319" }, "geometry": { "type": "MultiLineString", "coordinates": [ [ [ -74.003596062999975, 40.655098768932767 ], [ -74.003549, 40.655144000932751 ], [ -73.998091, 40.66039700093274 ], [ -73.992872, 40.665414000932785 ], [ -73.992838, 40.665448000932756 ], [ -73.992804, 40.665483000932781 ], [ -73.992772, 40.665517000932809 ], [ -73.992739, 40.665552000932777 ], [ -73.992707, 40.665586000932805 ], [ -73.992675, 40.665620000932783 ], [ -73.992644, 40.665655000932809 ], [ -73.992612, 40.665689000932765 ], [ -73.992582, 40.665724000932784 ], [ -73.992551, 40.665758000932769 ], [ -73.992521, 40.665792000932797 ], [ -73.992491, 40.665827000932765 ], [ -73.992462, 40.6658610009328 ], [ -73.992433, 40.665896000932754 ], [ -73.992403, 40.665930000932775 ], [ -73.988302, 40.670847000932824 ], [ -73.984193, 40.675775000932845 ], [ -73.984147, 40.675831000932853 ], [ -73.984102, 40.675887000932825 ], [ -73.984059, 40.675942000932849 ], [ -73.984016, 40.675997000932831 ], [ -73.983975, 40.676050000932811 ], [ -73.983934, 40.676104000932853 ], [ -73.983895, 40.676156000932821 ], [ -73.983857, 40.67620800093281 ], [ -73.98382, 40.676259000932859 ], [ -73.983785, 40.676309000932861 ], [ -73.98375, 40.676359000932834 ], [ -73.983717, 40.676408000932817 ], [ -73.983684, 40.676457000932807 ], [ -73.983653, 40.676505000932877 ], [ -73.983623, 40.676552000932844 ], [ -73.98311, 40.677316000932855 ], [ -73.97881, 40.683666000932902 ], [ -73.978198, 40.684598000932873 ], [ -73.978169, 40.684641000932885 ], [ -73.978143, 40.684683000932878 ], [ -73.978118, 40.684726000932891 ], [ -73.978096, 40.684769000932896 ], [ -73.978075, 40.684811000932832 ], [ -73.978057, 40.684854000932852 ], [ -73.97804, 40.684897000932885 ], [ -73.978026, 40.684939000932872 ], [ -73.978014, 40.684982000932877 ], [ -73.978003, 40.685024000932877 ], [ -73.977995, 40.685067000932882 ], [ -73.977988, 40.685110000932902 ], [ -73.977984, 40.685152000932902 ], [ -73.977981, 40.685195000932914 ], [ -73.97798, 40.685237000932851 ], [ -73.978304, 40.687446000932916 ], [ -73.978312, 40.687496000932896 ], [ -73.978323, 40.687545000932886 ], [ -73.978338, 40.68759400093289 ], [ -73.978357, 40.68764000093288 ], [ -73.97838, 40.687686000932878 ], [ -73.978406, 40.687730000932874 ], [ -73.978436, 40.687773000932879 ], [ -73.978469, 40.687815000932908 ], [ -73.978506, 40.687855000932892 ], [ -73.978547, 40.687894000932864 ], [ -73.978592, 40.687931000932892 ], [ -73.97864, 40.6879670009329 ], [ -73.978691, 40.688002000932897 ], [ -73.978747, 40.688036000932883 ], [ -73.978805, 40.688068000932894 ], [ -73.980474, 40.688730000932921 ], [ -73.980545, 40.688760000932909 ], [ -73.980613, 40.688792000932857 ], [ -73.980678, 40.688827000932903 ], [ -73.98074, 40.688863000932862 ], [ -73.980798, 40.688902000932885 ], [ -73.980853, 40.688943000932888 ], [ -73.980905, 40.688986000932907 ], [ -73.980954, 40.6890310009329 ], [ -73.980999, 40.689078000932895 ], [ -73.981042, 40.689127000932878 ], [ -73.981081, 40.68917800093287 ], [ -73.981117, 40.689232000932904 ], [ -73.981149, 40.689287000932872 ], [ -73.981179, 40.68934500093291 ], [ -73.981205, 40.689405000932936 ], [ -73.981824, 40.690635000932879 ], [ -73.982304, 40.691559000932891 ], [ -73.983428, 40.693829000932922 ], [ -73.983492781999985, 40.693996589932922 ] ] ] } },
    { "type": "Feature", "properties": { "Division": "BMT", "Line": "West End", "route_id": "D", "color": "#FF6319" }, "geometry": { "type": "MultiLineString", "coordinates": [ [ [ -73.981233, 40.577422000932359 ], [ -73.981401, 40.57830900093235 ], [ -73.981405, 40.578339000932324 ], [ -73.981409, 40.578370000932374 ], [ -73.981412, 40.578400000932348 ], [ -73.981414, 40.578429000932324 ], [ -73.981415, 40.578459000932362 ], [ -73.981416, 40.578488000932367 ], [ -73.981415, 40.57851800093232 ], [ -73.981414, 40.578546000932342 ], [ -73.981413, 40.578575000932346 ], [ -73.98141, 40.578604000932366 ], [ -73.981407, 40.57863200093233 ], [ -73.981403, 40.578660000932381 ], [ -73.981398, 40.578688000932367 ], [ -73.981392, 40.578716000932332 ], [ -73.981386, 40.578743000932313 ], [ -73.981382, 40.578767000932324 ], [ -73.981379, 40.578792000932346 ], [ -73.981376, 40.578816000932399 ], [ -73.981373, 40.578841000932364 ], [ -73.981371, 40.578866000932372 ], [ -73.98137, 40.578891000932352 ], [ -73.981368, 40.57891600093236 ], [ -73.981368, 40.578942000932351 ], [ -73.981367, 40.578968000932321 ], [ -73.981367, 40.578993000932321 ], [ -73.981368, 40.57902000093236 ], [ -73.981369, 40.579046000932365 ], [ -73.98137, 40.579072000932371 ], [ -73.981372, 40.579099000932338 ], [ -73.981373, 40.579126000932327 ], [ -73.98146, 40.580445000932379 ], [ -73.98146, 40.580478000932324 ], [ -73.98146, 40.580511000932361 ], [ -73.981458, 40.580544000932328 ], [ -73.981456, 40.580576000932403 ], [ -73.981453, 40.58060900093237 ], [ -73.981448, 40.580641000932381 ], [ -73.981443, 40.580672000932374 ], [ -73.981437, 40.580704000932322 ], [ -73.981429, 40.580735000932378 ], [ -73.981421, 40.580765000932367 ], [ -73.981412, 40.580796000932381 ], [ -73.981401, 40.580826000932383 ], [ -73.98139, 40.580855000932345 ], [ -73.981377, 40.580885000932398 ], [ -73.981364, 40.580914000932367 ], [ -73.981208, 40.581268000932404 ], [ -73.98118, 40.581347000932354 ], [ -73.981153, 40.581426000932403 ], [ -73.981127, 40.581506000932357 ], [ -73.981102, 40.581586000932383 ], [ -73.981079, 40.581666000932366 ], [ -73.981057, 40.581747000932381 ], [ -73.981036, 40.58182700093235 ], [ -73.981016, 40.58190900093237 ], [ -73.980998, 40.581990000932379 ], [ -73.98098, 40.582072000932364 ], [ -73.980964, 40.582154000932377 ], [ -73.980949, 40.58223600093239 ], [ -73.980936, 40.58231900093238 ], [ -73.980923, 40.582402000932383 ], [ -73.980912, 40.582485000932408 ], [ -73.980814, 40.583361000932371 ], [ -73.980811, 40.58339800093237 ], [ -73.980808, 40.583434000932378 ], [ -73.980806, 40.583471000932363 ], [ -73.980805, 40.583509000932359 ], [ -73.980804, 40.583546000932373 ], [ -73.980805, 40.583583000932336 ], [ -73.980805, 40.583621000932389 ], [ -73.980807, 40.583659000932393 ], [ -73.980809, 40.583697000932347 ], [ -73.980812, 40.583735000932407 ], [ -73.980815, 40.583774000932365 ], [ -73.980819, 40.583812000932397 ], [ -73.980824, 40.583851000932363 ], [ -73.98083, 40.583890000932385 ], [ -73.980836, 40.583929000932379 ], [ -73.980891, 40.584227000932387 ], [ -73.980899, 40.584267000932385 ], [ -73.980909, 40.584306000932351 ], [ -73.980919, 40.584345000932366 ], [ -73.98093, 40.58438400093236 ], [ -73.980941, 40.584423000932418 ], [ -73.980954, 40.584461000932365 ], [ -73.980968, 40.584500000932366 ], [ -73.980982, 40.584538000932397 ], [ -73.980998, 40.584576000932344 ], [ -73.981014, 40.584614000932383 ], [ -73.981031, 40.584652000932401 ], [ -73.981049, 40.58468900093235 ], [ -73.981068, 40.584727000932368 ], [ -73.981088, 40.584764000932402 ], [ -73.981109, 40.584801000932359 ], [ -73.981289, 40.585098000932391 ], [ -73.981556, 40.585497000932378 ], [ -73.981625, 40.585595000932408 ], [ -73.981696, 40.585687000932403 ], [ -73.981767, 40.585776000932412 ], [ -73.981837, 40.585862000932401 ], [ -73.981908, 40.585943000932396 ], [ -73.981979, 40.586020000932429 ], [ -73.98205, 40.586094000932405 ], [ -73.98212, 40.586163000932409 ], [ -73.982191, 40.586229000932406 ], [ -73.982263, 40.586291000932398 ], [ -73.982334, 40.586349000932387 ], [ -73.982405, 40.586403000932421 ], [ -73.982476, 40.586454000932399 ], [ -73.982548, 40.586500000932418 ], [ -73.98262, 40.586543000932409 ], [ -73.982945, 40.586717000932417 ], [ -73.983004, 40.586751000932402 ], [ -73.983059, 40.58678500093243 ], [ -73.983111, 40.586819000932394 ], [ -73.98316, 40.586854000932419 ], [ -73.983204, 40.586889000932374 ], [ -73.983246, 40.586923000932408 ], [ -73.983283, 40.586958000932377 ], [ -73.983318, 40.586994000932421 ], [ -73.983348, 40.587029000932368 ], [ -73.983376, 40.587065000932377 ], [ -73.983399, 40.587100000932395 ], [ -73.98342, 40.587136000932361 ], [ -73.983436, 40.587172000932412 ], [ -73.983449, 40.587209000932383 ], [ -73.983459, 40.587245000932398 ], [ -73.983765, 40.588841000932412 ], [ -73.985196, 40.596359000932431 ], [ -73.985204, 40.596410000932437 ], [ -73.985217, 40.596459000932427 ], [ -73.985232, 40.596507000932412 ], [ -73.985251, 40.596555000932483 ], [ -73.985274, 40.596601000932466 ], [ -73.985299, 40.596646000932466 ], [ -73.985328, 40.596689000932408 ], [ -73.985359, 40.59673200093242 ], [ -73.985394, 40.596774000932442 ], [ -73.985433, 40.596814000932469 ], [ -73.985474, 40.596854000932439 ], [ -73.985519, 40.596892000932435 ], [ -73.985567, 40.596929000932434 ], [ -73.985618, 40.596965000932457 ], [ -73.985672, 40.597000000932418 ], [ -73.986829, 40.597704000932488 ], [ -73.993728, 40.60187500093248 ], [ -73.998168, 40.604556000932476 ], [ -74.00101, 40.606273000932482 ], [ -74.001077, 40.606317000932492 ], [ -74.001141, 40.606362000932492 ], [ -74.001201, 40.606409000932487 ], [ -74.001258, 40.60645800093247 ], [ -74.00131, 40.606508000932536 ], [ -74.001359, 40.606559000932499 ], [ -74.001405, 40.606612000932479 ], [ -74.001446, 40.606666000932513 ], [ -74.001484, 40.606722000932486 ], [ -74.001518, 40.606780000932517 ], [ -74.001549, 40.606839000932482 ], [ -74.001576, 40.606899000932493 ], [ -74.001599, 40.606961000932522 ], [ -74.001618, 40.607025000932509 ], [ -74.001634, 40.607090000932466 ], [ -74.001736, 40.607954000932509 ], [ -74.00184, 40.608860000932516 ], [ -74.001842, 40.608900000932508 ], [ -74.001843, 40.608941000932532 ], [ -74.001842, 40.608981000932488 ], [ -74.001841, 40.609022000932484 ], [ -74.001839, 40.609062000932504 ], [ -74.001836, 40.609103000932507 ], [ -74.001831, 40.609144000932531 ], [ -74.001826, 40.609184000932494 ], [ -74.00182, 40.609225000932476 ], [ -74.001813, 40.6092660009325 ], [ -74.001805, 40.609307000932517 ], [ -74.001796, 40.609348000932542 ], [ -74.001785, 40.609389000932552 ], [ -74.001774, 40.609431000932481 ], [ -74.001762, 40.609472000932477 ], [ -74.00061, 40.61350100093253 ], [ -73.998864, 40.619589000932592 ], [ -73.996895, 40.626472000932573 ], [ -73.995476, 40.631435000932626 ], [ -73.995461, 40.631491000932598 ], [ -73.995446, 40.631548000932632 ], [ -73.995431, 40.631605000932595 ], [ -73.995417, 40.631663000932619 ], [ -73.995403, 40.631721000932593 ], [ -73.99539, 40.631779000932617 ], [ -73.995377, 40.631838000932632 ], [ -73.995365, 40.631898000932608 ], [ -73.995353, 40.631958000932606 ], [ -73.995341, 40.632018000932646 ], [ -73.99533, 40.632079000932592 ], [ -73.99532, 40.63214100093262 ], [ -73.99531, 40.63220300093262 ], [ -73.9953, 40.632265000932641 ], [ -73.995292, 40.632328000932588 ], [ -73.994791, 40.636260000932637 ], [ -73.994373, 40.639520000932677 ], [ -73.994367, 40.639569000932653 ], [ -73.994362, 40.639618000932643 ], [ -73.994357, 40.63966600093265 ], [ -73.994352, 40.639712000932647 ], [ -73.994348, 40.639758000932652 ], [ -73.994344, 40.639803000932623 ], [ -73.99434, 40.63984700093264 ], [ -73.994336, 40.63989000093266 ], [ -73.994333, 40.639933000932643 ], [ -73.99433, 40.639974000932654 ], [ -73.994327, 40.640014000932652 ], [ -73.994325, 40.640054000932707 ], [ -73.994323, 40.64009300093263 ], [ -73.994321, 40.640130000932658 ], [ -73.99432, 40.640167000932678 ], [ -73.994304, 40.640914000932682 ], [ -73.994266, 40.643022000932653 ], [ -73.994263, 40.6430710009327 ], [ -73.994257, 40.643119000932671 ], [ -73.994248, 40.643166000932673 ], [ -73.994237, 40.643213000932668 ], [ -73.994223, 40.643258000932697 ], [ -73.994206, 40.643303000932683 ], [ -73.994186, 40.643347000932692 ], [ -73.994163, 40.64339000093269 ], [ -73.994138, 40.643433000932703 ], [ -73.99411, 40.643474000932656 ], [ -73.994079, 40.643515000932652 ], [ -73.994046, 40.643555000932643 ], [ -73.994009, 40.643594000932673 ], [ -73.99397, 40.643633000932702 ], [ -73.993928, 40.64367000093268 ], [ -73.993035, 40.644487000932656 ], [ -73.992967, 40.644565000932694 ], [ -73.99291, 40.644643000932646 ], [ -73.992865, 40.644720000932686 ], [ -73.992832, 40.644798000932674 ], [ -73.992811, 40.644875000932693 ], [ -73.992801, 40.644952000932683 ], [ -73.992803, 40.645029000932702 ], [ -73.992816, 40.645105000932695 ], [ -73.992841, 40.645182000932664 ], [ -73.992878, 40.645258000932699 ], [ -73.992927, 40.645334000932671 ], [ -73.992987, 40.645410000932671 ], [ -73.993058, 40.645485000932695 ], [ -73.993142, 40.645561000932666 ], [ -73.993237, 40.645636000932662 ], [ -73.994324, 40.646292000932704 ], [ -73.998756, 40.648984000932693 ], [ -73.99877, 40.648992000932729 ], [ -73.998784, 40.649001000932707 ], [ -73.998798, 40.649009000932686 ], [ -73.998813, 40.649017000932723 ], [ -73.998827, 40.64902500093271 ], [ -73.998842, 40.649033000932675 ], [ -73.998857, 40.649041000932712 ], [ -73.998873, 40.649049000932678 ], [ -73.998888, 40.649057000932679 ], [ -73.998904, 40.649064000932711 ], [ -73.99892, 40.649072000932705 ], [ -73.998936, 40.649080000932692 ], [ -73.998952, 40.649087000932703 ], [ -73.998968, 40.649095000932697 ], [ -73.998985, 40.649102000932672 ], [ -73.999251, 40.649221000932727 ], [ -73.999267, 40.649228000932695 ], [ -73.999282, 40.64923500093267 ], [ -73.999298, 40.649243000932707 ], [ -73.999314, 40.649250000932696 ], [ -73.99933, 40.649258000932676 ], [ -73.999346, 40.649266000932712 ], [ -73.999362, 40.649275000932711 ], [ -73.999378, 40.64928300093267 ], [ -73.999395, 40.649292000932711 ], [ -73.999411, 40.649301000932674 ], [ -73.999428, 40.649310000932722 ], [ -73.999444, 40.649320000932697 ], [ -73.999461, 40.649329000932745 ], [ -73.999478, 40.649339000932706 ], [ -73.999495, 40.649349000932681 ], [ -74.005152, 40.652741000932707 ], [ -74.005211, 40.652782000932739 ], [ -74.005261, 40.652825000932737 ], [ -74.005303, 40.65287000093273 ], [ -74.005337, 40.652917000932717 ], [ -74.005364, 40.652966000932736 ], [ -74.005382, 40.653017000932707 ], [ -74.005393, 40.653070000932736 ], [ -74.005395, 40.653125000932725 ], [ -74.00539, 40.65318100093274 ], [ -74.005377, 40.653240000932712 ], [ -74.005356, 40.653300000932731 ], [ -74.005328, 40.653363000932735 ], [ -74.005291, 40.653427000932737 ], [ -74.005246, 40.65349400093276 ], [ -74.005194, 40.653563000932735 ], [ -74.003596062999975, 40.655098768932767 ] ] ] } },
    { "type": "Feature", "properties": { "Division": "IND", "Line": "6th Avenue", "route_id": "D", "color": "#FF6319" }, "geometry": { "type": "MultiLineString", "coordinates": [ [ [ -73.983492781999985, 40.693996589932922 ], [ -73.983934, 40.695138000932921 ], [ -73.985242, 40.697839000932909 ], [ -73.994713, 40.71489700093305 ], [ -73.994765, 40.714991000933018 ], [ -73.99481, 40.715087000933011 ], [ -73.994847, 40.715184000933057 ], [ -73.994877, 40.715281000933032 ], [ -73.9949, 40.715379000933019 ], [ -73.994915, 40.715478000933054 ], [ -73.994923, 40.715578000933029 ], [ -73.994923, 40.715678000933011 ], [ -73.994916, 40.715779000933004 ], [ -73.994901, 40.715881000932995 ], [ -73.994879, 40.715984000933013 ], [ -73.994849, 40.716087000933037 ], [ -73.994812, 40.716191000933023 ], [ -73.994767, 40.716296000933035 ], [ -73.994714, 40.716401000933061 ], [ -73.993753, 40.718267000933004 ], [ -73.992025, 40.721655000933055 ], [ -73.99201, 40.72168400093306 ], [ -73.991995, 40.721713000933086 ], [ -73.991981, 40.721742000933091 ], [ -73.991967, 40.72177000093307 ], [ -73.991954, 40.721799000933025 ], [ -73.991942, 40.721827000933082 ], [ -73.991931, 40.721856000933037 ], [ -73.99192, 40.721884000933059 ], [ -73.991909, 40.721912000933038 ], [ -73.9919, 40.721941000933072 ], [ -73.991891, 40.721969000933072 ], [ -73.991883, 40.72199700093303 ], [ -73.991875, 40.722024000933033 ], [ -73.991868, 40.722052000933083 ], [ -73.991861, 40.722080000933062 ], [ -73.991709, 40.722918000933063 ], [ -73.991693, 40.723036000933057 ], [ -73.991687, 40.723147000933047 ], [ -73.991691, 40.723253000933077 ], [ -73.991706, 40.723355000933061 ], [ -73.991731, 40.723453000933098 ], [ -73.991767, 40.723546000933091 ], [ -73.991812, 40.723635000933065 ], [ -73.991868, 40.723720000933085 ], [ -73.991935, 40.723800000933032 ], [ -73.992011, 40.723875000933099 ], [ -73.992098, 40.723946000933076 ], [ -73.992196, 40.724013000933112 ], [ -73.992304, 40.724075000933027 ], [ -73.992422, 40.724133000933065 ], [ -73.99255, 40.724185000933048 ], [ -73.996204, 40.725297000933104 ], [ -73.996641, 40.72543700093307 ], [ -73.99675, 40.725475000933095 ], [ -73.996858, 40.725513000933063 ], [ -73.996964, 40.725552000933064 ], [ -73.997069, 40.725591000933079 ], [ -73.997172, 40.725631000933092 ], [ -73.997273, 40.725670000933071 ], [ -73.997373, 40.725711000933075 ], [ -73.997471, 40.725751000933094 ], [ -73.997568, 40.725792000933119 ], [ -73.997663, 40.725834000933091 ], [ -73.997756, 40.725876000933049 ], [ -73.997848, 40.725918000933042 ], [ -73.997938, 40.725961000933054 ], [ -73.998027, 40.726004000933088 ], [ -73.998114, 40.726047000933079 ], [ -74.001901, 40.727913000933093 ], [ -74.002019, 40.727970000933063 ], [ -74.002126, 40.728032000933069 ], [ -74.00222, 40.728099000933064 ], [ -74.002301, 40.728170000933055 ], [ -74.002371, 40.728247000933081 ], [ -74.002428, 40.728328000933061 ], [ -74.002473, 40.7284140009331 ], [ -74.002506, 40.728505000933069 ], [ -74.002526, 40.728601000933075 ], [ -74.002535, 40.728702000933104 ], [ -74.002531, 40.728808000933107 ], [ -74.002515, 40.728918000933106 ], [ -74.002486, 40.72903400093309 ], [ -74.002446, 40.729154000933079 ], [ -74.002395, 40.729279000933111 ], [ -74.001552, 40.730820000933129 ], [ -74.001539, 40.730845000933073 ], [ -74.001525, 40.730871000933078 ], [ -74.001511, 40.730897000933098 ], [ -74.001497, 40.730922000933134 ], [ -74.001482, 40.730948000933118 ], [ -74.001467, 40.730975000933078 ], [ -74.001451, 40.731001000933112 ], [ -74.001435, 40.731027000933089 ], [ -74.001419, 40.731054000933085 ], [ -74.001402, 40.73108000093314 ], [ -74.001385, 40.731107000933136 ], [ -74.001367, 40.731134000933103 ], [ -74.001349, 40.731161000933099 ], [ -74.001331, 40.731189000933092 ], [ -74.001312, 40.731216000933117 ], [ -74.000515, 40.732312000933071 ], [ -74.000495, 40.732338000933083 ], [ -74.000477, 40.732362000933144 ], [ -73.999777, 40.733324000933088 ], [ -73.996209, 40.738228000933134 ], [ -73.992821, 40.742878000933182 ], [ -73.987823, 40.749719000933176 ], [ -73.984569, 40.754222000933183 ], [ -73.981329, 40.758663000933254 ], [ -73.979701, 40.760893000933258 ], [ -73.97963, 40.761008000933252 ], [ -73.979576, 40.761120000933246 ], [ -73.979536, 40.761228000933286 ], [ -73.97951, 40.76133200093323 ], [ -73.9795, 40.761434000933257 ], [ -73.979505, 40.761532000933251 ], [ -73.979524, 40.761626000933241 ], [ -73.979558, 40.761717000933231 ], [ -73.979607, 40.761805000933229 ], [ -73.97967, 40.761889000933266 ], [ -73.979749, 40.761969000933263 ], [ -73.979842, 40.762047000933272 ], [ -73.97995, 40.762121000933227 ], [ -73.980073, 40.762191000933214 ], [ -73.980199760999938, 40.762253012933229 ] ] ] } },
    { "type": "Feature", "properties": { "Division": "IND", "Line": "8th Avenue", "route_id": "D", "color": "#FF6319" }, "geometry": { "type": "MultiLineString", "coordinates": [ [ [ -73.983772205999969, 40.763773117933233 ], [ -73.983809, 40.763794000933281 ], [ -73.98391, 40.763861000933289 ], [ -73.983999, 40.763931000933283 ], [ -73.984077, 40.764003000933286 ], [ -73.984142, 40.764078000933246 ], [ -73.984195, 40.764157000933274 ], [ -73.984237, 40.76423700093325 ], [ -73.984266, 40.764321000933272 ], [ -73.984284, 40.764408000933273 ], [ -73.984289, 40.764497000933261 ], [ -73.984283, 40.76458900093327 ], [ -73.984265, 40.764684000933258 ], [ -73.984234, 40.764782000933231 ], [ -73.984192, 40.764883000933267 ], [ -73.984138, 40.764986000933298 ], [ -73.981736, 40.768296000933304 ], [ -73.97641, 40.775594000933317 ], [ -73.972143, 40.781433000933347 ], [ -73.968916, 40.78586800093337 ], [ -73.964696, 40.791642000933351 ], [ -73.961454, 40.796092000933399 ], [ -73.958161, 40.800603000933478 ], [ -73.954882, 40.805085000933495 ], [ -73.953288, 40.80726700093345 ], [ -73.953236, 40.80733000093344 ], [ -73.95319, 40.807392000933461 ], [ -73.953148, 40.80745500093348 ], [ -73.95311, 40.807519000933475 ], [ -73.953075, 40.807583000933512 ], [ -73.953045, 40.807647000933443 ], [ -73.953018, 40.807711000933466 ], [ -73.952995, 40.807777000933456 ], [ -73.952976, 40.807842000933462 ], [ -73.952961, 40.807908000933473 ], [ -73.95295, 40.807975000933496 ], [ -73.952942, 40.808042000933483 ], [ -73.952939, 40.808109000933463 ], [ -73.952939, 40.808177000933476 ], [ -73.952941, 40.808245000933475 ], [ -73.95303, 40.809638000933489 ], [ -73.953033, 40.809699000933485 ], [ -73.953034, 40.809757000933459 ], [ -73.953033, 40.809815000933497 ], [ -73.95303, 40.809872000933474 ], [ -73.953025, 40.809927000933499 ], [ -73.953017, 40.809981000933476 ], [ -73.953007, 40.810035000933468 ], [ -73.952995, 40.8100870009335 ], [ -73.95298, 40.810138000933485 ], [ -73.952963, 40.810188000933444 ], [ -73.952943, 40.810237000933462 ], [ -73.952922, 40.810285000933519 ], [ -73.952898, 40.810332000933492 ], [ -73.952872, 40.810377000933507 ], [ -73.952842, 40.810422000933507 ], [ -73.952343, 40.811109000933484 ], [ -73.9523, 40.811167000933501 ], [ -73.952256, 40.811223000933452 ], [ -73.95221, 40.811279000933503 ], [ -73.952164, 40.811335000933454 ], [ -73.952117, 40.811390000933514 ], [ -73.952068, 40.811445000933503 ], [ -73.952019, 40.811500000933506 ], [ -73.951969, 40.811554000933484 ], [ -73.951917, 40.811608000933468 ], [ -73.951865, 40.811661000933505 ], [ -73.951811, 40.811714000933506 ], [ -73.951757, 40.811767000933465 ], [ -73.951701, 40.811819000933511 ], [ -73.951645, 40.811871000933493 ], [ -73.951586, 40.811923000933454 ], [ -73.950604, 40.812906000933488 ], [ -73.950568, 40.812938000933478 ], [ -73.950533, 40.812971000933501 ], [ -73.950498, 40.813004000933489 ], [ -73.950464, 40.81303800093351 ], [ -73.95043, 40.813073000933471 ], [ -73.950397, 40.813109000933487 ], [ -73.950363, 40.813145000933517 ], [ -73.950331, 40.813181000933483 ], [ -73.950298, 40.813219000933486 ], [ -73.950266, 40.813257000933518 ], [ -73.950234, 40.81329600093347 ], [ -73.950203, 40.813335000933506 ], [ -73.950172, 40.813376000933502 ], [ -73.950141, 40.813416000933536 ], [ -73.950112, 40.813459000933513 ], [ -73.949202, 40.814704000933503 ], [ -73.949174, 40.814741000933481 ], [ -73.949147, 40.814778000933501 ], [ -73.949121, 40.814815000933528 ], [ -73.949095, 40.814853000933482 ], [ -73.94907, 40.814892000933504 ], [ -73.949046, 40.814930000933522 ], [ -73.949023, 40.814969000933523 ], [ -73.949, 40.815009000933486 ], [ -73.948977, 40.815049000933492 ], [ -73.948956, 40.815089000933519 ], [ -73.948935, 40.815130000933522 ], [ -73.948914, 40.815171000933532 ], [ -73.948895, 40.815212000933499 ], [ -73.948875, 40.8152540009335 ], [ -73.948857, 40.815297000933491 ], [ -73.947649, 40.817894000933528 ], [ -73.944947, 40.823696000933538 ], [ -73.944926, 40.823739000933521 ], [ -73.944904, 40.823781000933558 ], [ -73.944882, 40.823822000933568 ], [ -73.94486, 40.823862000933573 ], [ -73.944837, 40.823902000933536 ], [ -73.944814, 40.823941000933523 ], [ -73.944791, 40.82398000093356 ], [ -73.944767, 40.824018000933563 ], [ -73.944743, 40.824055000933519 ], [ -73.944719, 40.824092000933533 ], [ -73.944694, 40.824127000933522 ], [ -73.944669, 40.824163000933538 ], [ -73.944643, 40.824197000933516 ], [ -73.944617, 40.824231000933544 ], [ -73.944591, 40.824264000933525 ], [ -73.944223110999985, 40.82477315893351 ] ] ] } },
    { "type": "Feature", "properties": { "Division": "IND", "Line": "Concourse", "route_id": "D", "color": "#FF6319" }, "geometry": { "type": "MultiLineString", "coordinates": [ [ [ -73.944223110999985, 40.82477315893351 ], [ -73.944216, 40.824783000933515 ], [ -73.944148, 40.824882000933549 ], [ -73.943403, 40.825903000933529 ], [ -73.942486, 40.827054000933529 ], [ -73.942468, 40.827073000933559 ], [ -73.942453, 40.827090000933566 ], [ -73.942438, 40.827108000933578 ], [ -73.942424, 40.827126000933603 ], [ -73.94241, 40.827143000933567 ], [ -73.942397, 40.827161000933536 ], [ -73.942384, 40.827178000933557 ], [ -73.942371, 40.827196000933583 ], [ -73.942358, 40.827213000933561 ], [ -73.942346, 40.827231000933551 ], [ -73.942334, 40.827248000933558 ], [ -73.942322, 40.827266000933577 ], [ -73.942311, 40.827283000933583 ], [ -73.9423, 40.827301000933531 ], [ -73.942289, 40.827318000933559 ], [ -73.941032, 40.829263000933551 ], [ -73.940953, 40.829358000933581 ], [ -73.940866, 40.829448000933596 ], [ -73.940772, 40.829533000933544 ], [ -73.940673, 40.829612000933565 ], [ -73.940567, 40.829685000933573 ], [ -73.940455, 40.82975300093355 ], [ -73.940336, 40.829815000933571 ], [ -73.940211, 40.829871000933551 ], [ -73.940079, 40.829922000933578 ], [ -73.939941, 40.829967000933586 ], [ -73.939797, 40.830007000933612 ], [ -73.939646, 40.830041000933576 ], [ -73.939489, 40.830069000933563 ], [ -73.939326, 40.830091000933571 ], [ -73.939156, 40.830108000933578 ], [ -73.939092, 40.830111000933577 ], [ -73.939028, 40.830115000933546 ], [ -73.938965, 40.830118000933545 ], [ -73.938902, 40.830120000933597 ], [ -73.938839, 40.830123000933597 ], [ -73.938776, 40.830125000933606 ], [ -73.938713, 40.830127000933587 ], [ -73.93865, 40.830129000933582 ], [ -73.938587, 40.830130000933586 ], [ -73.938524, 40.830132000933574 ], [ -73.938461, 40.830133000933586 ], [ -73.938398, 40.830134000933548 ], [ -73.938335, 40.830134000933562 ], [ -73.938273, 40.830135000933566 ], [ -73.938209, 40.830135000933566 ], [ -73.936658, 40.830093000933559 ], [ -73.931071, 40.829985000933604 ], [ -73.930905, 40.82997500093358 ], [ -73.930743, 40.829961000933523 ], [ -73.930586, 40.829945000933584 ], [ -73.930434, 40.829926000933575 ], [ -73.930285, 40.829904000933574 ], [ -73.930142, 40.829878000933583 ], [ -73.930003, 40.829850000933604 ], [ -73.929868, 40.829819000933561 ], [ -73.929738, 40.829785000933605 ], [ -73.929613, 40.829748000933563 ], [ -73.929492, 40.829708000933536 ], [ -73.929375, 40.829664000933548 ], [ -73.929263, 40.829618000933564 ], [ -73.929156, 40.829569000933574 ], [ -73.929053, 40.8295140009336 ], [ -73.927482, 40.828599000933572 ], [ -73.927369, 40.828544000933611 ], [ -73.927254, 40.82849100093356 ], [ -73.927138, 40.828440000933576 ], [ -73.927021, 40.828390000933574 ], [ -73.926902, 40.828341000933605 ], [ -73.926783, 40.828292000933558 ], [ -73.926662, 40.828245000933528 ], [ -73.92654, 40.828199000933573 ], [ -73.926417, 40.828154000933544 ], [ -73.926292, 40.828110000933549 ], [ -73.926166, 40.82806700093353 ], [ -73.92604, 40.828025000933543 ], [ -73.925912, 40.82798400093359 ], [ -73.925782, 40.827944000933563 ], [ -73.925651, 40.827905000933569 ], [ -73.924598, 40.827601000933576 ], [ -73.924298, 40.827504000933523 ], [ -73.924013, 40.827429000933577 ], [ -73.923742, 40.827378000933592 ], [ -73.923486, 40.827348000933512 ], [ -73.923244, 40.827342000933569 ], [ -73.923016, 40.82735800093355 ], [ -73.922802, 40.827397000933587 ], [ -73.922603, 40.82745900093353 ], [ -73.922419, 40.827543000933552 ], [ -73.922248, 40.827650000933581 ], [ -73.922092, 40.827779000933589 ], [ -73.921951, 40.827931000933546 ], [ -73.921823, 40.828106000933545 ], [ -73.921711, 40.828304000933578 ], [ -73.921612, 40.828524000933569 ], [ -73.920523, 40.830814000933565 ], [ -73.9204, 40.831044000933602 ], [ -73.920275, 40.831270000933607 ], [ -73.920148, 40.831491000933539 ], [ -73.920018, 40.831707000933577 ], [ -73.919886, 40.831918000933562 ], [ -73.919751, 40.832124000933611 ], [ -73.919614, 40.83232600093362 ], [ -73.919475, 40.832523000933577 ], [ -73.919334, 40.832715000933604 ], [ -73.91919, 40.832902000933593 ], [ -73.919043, 40.833085000933586 ], [ -73.918895, 40.833263000933592 ], [ -73.918744, 40.833436000933595 ], [ -73.918591, 40.83360400093359 ], [ -73.91844, 40.833771000933602 ], [ -73.914603, 40.837691000933631 ], [ -73.914503, 40.837801000933609 ], [ -73.914405, 40.837912000933635 ], [ -73.91431, 40.838023000933639 ], [ -73.914218, 40.838133000933603 ], [ -73.914129, 40.838242000933604 ], [ -73.914043, 40.838351000933606 ], [ -73.91396, 40.838459000933632 ], [ -73.913879, 40.838567000933629 ], [ -73.913802, 40.83867400093358 ], [ -73.913728, 40.838781000933594 ], [ -73.913656, 40.838887000933617 ], [ -73.913588, 40.838992000933636 ], [ -73.913522, 40.839097000933599 ], [ -73.91346, 40.839202000933632 ], [ -73.9134, 40.839306000933647 ], [ -73.913362, 40.839370000933592 ], [ -73.913326, 40.839436000933588 ], [ -73.913289, 40.839503000933604 ], [ -73.913253, 40.8395720009336 ], [ -73.913216, 40.839644000933639 ], [ -73.91318, 40.839717000933632 ], [ -73.913143, 40.839793000933604 ], [ -73.913107, 40.839870000933644 ], [ -73.91307, 40.839949000933636 ], [ -73.913034, 40.840031000933635 ], [ -73.912997, 40.840115000933594 ], [ -73.912961, 40.840200000933621 ], [ -73.912924, 40.840288000933597 ], [ -73.912888, 40.840377000933614 ], [ -73.91285, 40.840469000933609 ], [ -73.91164, 40.844055000933615 ], [ -73.911575, 40.844201000933666 ], [ -73.911505, 40.844343000933634 ], [ -73.91143, 40.844482000933603 ], [ -73.911351, 40.844618000933622 ], [ -73.911266, 40.84475100093362 ], [ -73.911176, 40.844880000933621 ], [ -73.91108, 40.84500600093368 ], [ -73.91098, 40.845129000933632 ], [ -73.910875, 40.845249000933684 ], [ -73.910765, 40.845365000933676 ], [ -73.91065, 40.84547800093366 ], [ -73.910529, 40.845588000933667 ], [ -73.910404, 40.845695000933631 ], [ -73.910273, 40.845799000933638 ], [ -73.910136, 40.845900000933618 ], [ -73.908755, 40.84686800093364 ], [ -73.908535, 40.847028000933669 ], [ -73.908324, 40.84718700093368 ], [ -73.908121, 40.847343000933691 ], [ -73.907926, 40.847497000933636 ], [ -73.907739, 40.84764900093365 ], [ -73.90756, 40.847799000933684 ], [ -73.907389, 40.847947000933644 ], [ -73.907227, 40.848093000933694 ], [ -73.907072, 40.848236000933653 ], [ -73.906925, 40.848378000933657 ], [ -73.906787, 40.848518000933694 ], [ -73.906656, 40.848656000933694 ], [ -73.906534, 40.84879100093368 ], [ -73.906419, 40.848925000933676 ], [ -73.906311, 40.849058000933695 ], [ -73.905227, 40.850410000933671 ], [ -73.901532, 40.854996000933674 ], [ -73.901476, 40.855064000933687 ], [ -73.90142, 40.855133000933719 ], [ -73.901365, 40.855203000933699 ], [ -73.90131, 40.855273000933693 ], [ -73.901256, 40.855344000933705 ], [ -73.901202, 40.85541600093368 ], [ -73.901148, 40.85548800093369 ], [ -73.901096, 40.855562000933716 ], [ -73.901043, 40.855636000933707 ], [ -73.900992, 40.855710000933691 ], [ -73.90094, 40.855786000933719 ], [ -73.90089, 40.855862000933712 ], [ -73.90084, 40.855938000933662 ], [ -73.90079, 40.8560160009337 ], [ -73.900741, 40.856093000933697 ], [ -73.899078, 40.858881000933728 ], [ -73.899037, 40.858948000933722 ], [ -73.898997, 40.85901400093374 ], [ -73.898957, 40.859081000933742 ], [ -73.898918, 40.859147000933724 ], [ -73.89888, 40.859213000933735 ], [ -73.898842, 40.859280000933744 ], [ -73.898804, 40.859346000933748 ], [ -73.898768, 40.859412000933752 ], [ -73.898731, 40.85947800093367 ], [ -73.898695, 40.859544000933695 ], [ -73.89866, 40.859610000933692 ], [ -73.898625, 40.859676000933703 ], [ -73.898591, 40.859742000933714 ], [ -73.898557, 40.859807000933699 ], [ -73.898523, 40.859873000933717 ], [ -73.897749, 40.861296000933706 ], [ -73.897337, 40.862073000933734 ], [ -73.897292, 40.862151000933736 ], [ -73.897247, 40.862227000933743 ], [ -73.897202, 40.862303000933714 ], [ -73.897157, 40.862377000933712 ], [ -73.897111, 40.862450000933734 ], [ -73.897064, 40.862521000933754 ], [ -73.897017, 40.862591000933726 ], [ -73.89697, 40.862660000933737 ], [ -73.896923, 40.862728000933735 ], [ -73.896875, 40.862795000933737 ], [ -73.896827, 40.86286000093375 ], [ -73.896779, 40.862924000933752 ], [ -73.89673, 40.862986000933702 ], [ -73.896681, 40.863048000933716 ], [ -73.896631, 40.863108000933742 ], [ -73.894164, 40.866103000933769 ], [ -73.893509, 40.86697800093377 ], [ -73.891998, 40.86894900093376 ], [ -73.891891, 40.869074000933779 ], [ -73.891781, 40.86919500093375 ], [ -73.891671, 40.869312000933746 ], [ -73.89156, 40.869424000933734 ], [ -73.891448, 40.869533000933728 ], [ -73.891336, 40.86963900093378 ], [ -73.891223, 40.869740000933746 ], [ -73.891109, 40.869837000933764 ], [ -73.890995, 40.869931000933768 ], [ -73.89088, 40.870020000933771 ], [ -73.890765, 40.870106000933788 ], [ -73.890649, 40.870188000933751 ], [ -73.890532, 40.870266000933775 ], [ -73.890415, 40.870341000933742 ], [ -73.890297, 40.870411000933757 ], [ -73.889495, 40.870901000933777 ], [ -73.889396, 40.870952000933762 ], [ -73.889299, 40.871006000933818 ], [ -73.889205, 40.871061000933778 ], [ -73.889113, 40.871118000933819 ], [ -73.889024, 40.871175000933768 ], [ -73.888938, 40.871233000933778 ], [ -73.888854, 40.871292000933757 ], [ -73.888773, 40.871352000933769 ], [ -73.888695, 40.871413000933799 ], [ -73.888619, 40.871475000933756 ], [ -73.888546, 40.871539000933772 ], [ -73.888476, 40.871603000933767 ], [ -73.888408, 40.871668000933788 ], [ -73.888343, 40.871734000933785 ], [ -73.888279, 40.871801000933779 ], [ -73.887138, 40.873244000933774 ], [ -73.887104, 40.873289000933788 ], [ -73.887068, 40.873335000933778 ], [ -73.887033, 40.873382000933773 ], [ -73.886998, 40.873430000933759 ], [ -73.886964, 40.873479000933763 ], [ -73.88693, 40.873529000933821 ], [ -73.886897, 40.873580000933792 ], [ -73.886865, 40.873632000933746 ], [ -73.886833, 40.873685000933818 ], [ -73.886802, 40.873740000933793 ], [ -73.886771, 40.873795000933747 ], [ -73.88674, 40.873852000933773 ], [ -73.886711, 40.873909000933757 ], [ -73.886682, 40.873967000933789 ], [ -73.886653, 40.874027000933779 ], [ -73.885853, 40.875843000933749 ], [ -73.885744, 40.876060000933784 ], [ -73.885623, 40.876254000933827 ], [ -73.885491, 40.876425000933786 ], [ -73.885348, 40.876573000933796 ], [ -73.885193, 40.876698000933757 ], [ -73.885028, 40.876801000933789 ], [ -73.884851, 40.876881000933771 ], [ -73.884662, 40.876938000933812 ], [ -73.884463, 40.876972000933833 ], [ -73.884252, 40.876983000933777 ], [ -73.88403, 40.876972000933833 ], [ -73.883797, 40.876938000933777 ], [ -73.883553, 40.876881000933743 ], [ -73.883297, 40.876801000933789 ], [ -73.883029, 40.87669900093379 ], [ -73.878855, 40.874811000933825 ] ] ] } },
    { "type": "Feature", "properties": { "Division": "IND", "Line": "Queens", "route_id": "D", "color": "#FF6319" }, "geometry": { "type": "MultiLineString", "coordinates": [ [ [ -73.980199760999938, 40.762253012933229 ], [ -73.980212, 40.762259000933241 ], [ -73.981637, 40.762862000933247 ], [ -73.981663, 40.762874000933287 ], [ -73.983698, 40.763731000933262 ], [ -73.983772205999969, 40.763773117933233 ] ] ] } },
    { "type": "Feature", "properties": { "Division": "IND", "Line": "8th Avenue", "route_id": "E", "color": "#0062CF" }, "geometry": { "type": "MultiLineString", "coordinates": [ [ [ -74.009781, 40.712582000933011 ], [ -74.00549, 40.71803700093303 ], [ -74.005444, 40.718105000933022 ], [ -74.005401, 40.718172000933031 ], [ -74.005361, 40.718240000933037 ], [ -74.005325, 40.718309000933033 ], [ -74.005293, 40.718377000933017 ], [ -74.005264, 40.718447000933033 ], [ -74.005238, 40.718517000933048 ], [ -74.005217, 40.718587000933063 ], [ -74.005198, 40.718658000933047 ], [ -74.005183, 40.71873000093305 ], [ -74.005172, 40.718802000933039 ], [ -74.005165, 40.718874000933006 ], [ -74.005161, 40.718947000933063 ], [ -74.005161, 40.719021000933054 ], [ -74.005163, 40.719096000933021 ], [ -74.005224, 40.720785000933027 ], [ -74.005229, 40.720824000933042 ], [ -74.005294, 40.721758000933086 ], [ -74.005299, 40.721824000933012 ], [ -74.005302, 40.721889000933032 ], [ -74.005304, 40.721953000933048 ], [ -74.005304, 40.72201600093306 ], [ -74.005302, 40.722078000933067 ], [ -74.005299, 40.722140000933038 ], [ -74.005293, 40.722201000933062 ], [ -74.005286, 40.722261000933067 ], [ -74.005278, 40.722320000933031 ], [ -74.005267, 40.72237900093306 ], [ -74.005255, 40.722436000933094 ], [ -74.005241, 40.722493000933028 ], [ -74.005225, 40.722549000933071 ], [ -74.005208, 40.722605000933051 ], [ -74.005189, 40.722659000933085 ], [ -74.003739, 40.726227000933072 ], [ -74.00272, 40.728583000933114 ], [ -74.002705, 40.72862100093306 ], [ -74.002689, 40.728661000933094 ], [ -74.002673, 40.728702000933104 ], [ -74.002655, 40.728744000933084 ], [ -74.002637, 40.72878700093311 ], [ -74.002617, 40.72883100093312 ], [ -74.002597, 40.728876000933106 ], [ -74.002575, 40.72892200093311 ], [ -74.002552, 40.728970000933103 ], [ -74.002529, 40.729019000933093 ], [ -74.002504, 40.729068000933076 ], [ -74.002478, 40.729119000933075 ], [ -74.002452, 40.729171000933093 ], [ -74.002424, 40.729225000933084 ], [ -74.002395, 40.729279000933111 ], [ -74.001552, 40.730820000933129 ], [ -74.001539, 40.730845000933073 ], [ -74.001525, 40.730871000933078 ], [ -74.001511, 40.730897000933098 ], [ -74.001497, 40.730922000933134 ], [ -74.001482, 40.730948000933118 ], [ -74.001467, 40.730975000933078 ], [ -74.001451, 40.731001000933112 ], [ -74.001435, 40.731027000933089 ], [ -74.001419, 40.731054000933085 ], [ -74.001402, 40.73108000093314 ], [ -74.001385, 40.731107000933136 ], [ -74.001367, 40.731134000933103 ], [ -74.001349, 40.731161000933099 ], [ -74.001331, 40.731189000933092 ], [ -74.001312, 40.731216000933117 ], [ -74.000515, 40.732312000933071 ], [ -74.000495, 40.732338000933083 ], [ -74.000477, 40.732362000933144 ], [ -73.999777, 40.733324000933088 ], [ -73.999736, 40.733391000933111 ], [ -73.999702, 40.733459000933095 ], [ -73.999674, 40.73352700093313 ], [ -73.999652, 40.733596000933083 ], [ -73.999636, 40.733666000933091 ], [ -73.999626, 40.733736000933142 ], [ -73.999621, 40.73380700093314 ], [ -73.999622, 40.733878000933103 ], [ -73.999629, 40.733949000933109 ], [ -73.999642, 40.734021000933119 ], [ -73.99966, 40.734094000933098 ], [ -73.999685, 40.734167000933127 ], [ -73.999715, 40.734240000933141 ], [ -73.99975, 40.734314000933104 ], [ -73.999792, 40.734389000933149 ], [ -74.002433, 40.738807000933157 ], [ -74.002477, 40.738885000933131 ], [ -74.002514, 40.738964000933166 ], [ -74.002544, 40.739043000933108 ], [ -74.002567, 40.73912100093316 ], [ -74.002583, 40.739200000933124 ], [ -74.002592, 40.739278000933155 ], [ -74.002594, 40.739356000933093 ], [ -74.00259, 40.739434000933173 ], [ -74.002578, 40.739512000933146 ], [ -74.00256, 40.739589000933172 ], [ -74.002535, 40.739666000933163 ], [ -74.002502, 40.739744000933108 ], [ -74.002463, 40.739821000933155 ], [ -74.002417, 40.739897000933134 ], [ -74.002363, 40.739974000933167 ], [ -74.00169, 40.740893000933134 ], [ -73.998041, 40.745906000933182 ], [ -73.993391, 40.752287000933229 ], [ -73.989735, 40.757308000933257 ], [ -73.985984, 40.762456000933241 ], [ -73.985322, 40.763365000933291 ], [ -73.98531031899995, 40.763378141933252 ] ] ] } },
    { "type": "Feature", "properties": { "Division": "IND", "Line": "Archer Avenue", "route_id": "E", "color": "#0062CF" }, "geometry": { "type": "MultiLineString", "coordinates": [ [ [ -73.818314879999946, 40.705463736932998 ], [ -73.818311, 40.705458000932985 ], [ -73.818247, 40.705361000932953 ], [ -73.818186, 40.705268000932968 ], [ -73.818129, 40.705180000932984 ], [ -73.818077, 40.705097000933002 ], [ -73.818028, 40.705019000932978 ], [ -73.817983, 40.704945000932995 ], [ -73.817942, 40.704876000932991 ], [ -73.817905, 40.704812000932975 ], [ -73.817872, 40.704753000932989 ], [ -73.817843, 40.704698000932979 ], [ -73.817818, 40.704648000932991 ], [ -73.817797, 40.70460300093297 ], [ -73.817779, 40.704563000932971 ], [ -73.817765, 40.704526000932965 ], [ -73.816859, 40.702566000932961 ], [ -73.816187, 40.70127200093296 ], [ -73.816129, 40.701153000932933 ], [ -73.816062, 40.701042000932922 ], [ -73.815991, 40.700935000932972 ], [ -73.815914, 40.70083300093296 ], [ -73.815832, 40.70073500093298 ], [ -73.815746, 40.70064100093299 ], [ -73.815655, 40.700553000932963 ], [ -73.815558, 40.70046800093295 ], [ -73.815457, 40.700389000932937 ], [ -73.815351, 40.700313000932965 ], [ -73.81524, 40.700243000932943 ], [ -73.815124, 40.700177000932953 ], [ -73.815003, 40.700115000932918 ], [ -73.814878, 40.700058000932955 ], [ -73.814744, 40.700003000932917 ], [ -73.81265, 40.699436000932941 ], [ -73.812545, 40.699417000932939 ], [ -73.812438, 40.699399000932921 ], [ -73.812331, 40.699384000932966 ], [ -73.812225, 40.699373000932944 ], [ -73.81212, 40.699364000932931 ], [ -73.812016, 40.699359000932965 ], [ -73.811912, 40.699358000932982 ], [ -73.811808, 40.699359000932951 ], [ -73.811706, 40.699364000932952 ], [ -73.811604, 40.699372000932932 ], [ -73.811503, 40.699383000932947 ], [ -73.811402, 40.699398000932902 ], [ -73.811303, 40.699416000932935 ], [ -73.811203, 40.699437000932946 ], [ -73.811105, 40.699458000932935 ], [ -73.809735, 40.699845000932932 ], [ -73.809673, 40.699863000932957 ], [ -73.809612, 40.699881000932962 ], [ -73.809551, 40.699899000932959 ], [ -73.80949, 40.699919000932994 ], [ -73.809429, 40.699939000932936 ], [ -73.809369, 40.699959000932942 ], [ -73.809309, 40.699980000932932 ], [ -73.809249, 40.700002000932919 ], [ -73.809189, 40.700024000932956 ], [ -73.80913, 40.70004700093294 ], [ -73.809071, 40.700071000932951 ], [ -73.809012, 40.700095000932926 ], [ -73.808953, 40.700120000932927 ], [ -73.808895, 40.70014500093297 ], [ -73.808838, 40.700171000932968 ], [ -73.808782, 40.700197000932953 ], [ -73.808726, 40.700222000932953 ], [ -73.80867, 40.700246000932935 ], [ -73.808613, 40.700269000932956 ], [ -73.808556, 40.700292000932969 ], [ -73.808499, 40.700315000932932 ], [ -73.808442, 40.70033600093295 ], [ -73.808384, 40.700357000932968 ], [ -73.808326, 40.70037800093295 ], [ -73.808267, 40.700397000932966 ], [ -73.808209, 40.700416000932968 ], [ -73.808149, 40.70043500093292 ], [ -73.80809, 40.700453000932953 ], [ -73.80803, 40.700470000932967 ], [ -73.807969, 40.700486000932969 ], [ -73.806654, 40.700823000932978 ], [ -73.804039, 40.701487000932957 ], [ -73.803989, 40.701499000932991 ], [ -73.803939, 40.701511000932953 ], [ -73.803891, 40.701523000932973 ], [ -73.803844, 40.701534000932952 ], [ -73.803798, 40.70154500093296 ], [ -73.803752, 40.701555000932942 ], [ -73.803708, 40.701565000932987 ], [ -73.803664, 40.701575000932955 ], [ -73.803622, 40.701584000932925 ], [ -73.803581, 40.701593000932952 ], [ -73.80354, 40.70160200093293 ], [ -73.803501, 40.701610000932973 ], [ -73.803462, 40.70161800093296 ], [ -73.803425, 40.701626000932961 ], [ -73.803388, 40.701633000932958 ], [ -73.801109, 40.702147000932925 ] ] ] } },
    { "type": "Feature", "properties": { "Division": "IND", "Line": "Queens", "route_id": "E", "color": "#0062CF" }, "geometry": { "type": "MultiLineString", "coordinates": [ [ [ -73.934288576657877, 40.751282764864996 ], [ -73.934122, 40.751380000933189 ], [ -73.933905, 40.751491000933193 ], [ -73.933682, 40.751591000933232 ], [ -73.933451, 40.751680000933227 ], [ -73.933212, 40.751758000933194 ], [ -73.932966, 40.751824000933219 ], [ -73.932713, 40.751880000933177 ], [ -73.932452, 40.751924000933172 ], [ -73.932184, 40.75195700093321 ], [ -73.931908, 40.751979000933211 ], [ -73.931627, 40.751990000933162 ], [ -73.928781, 40.752039000933195 ], [ -73.926563, 40.752074000933206 ], [ -73.92645, 40.752078000933182 ], [ -73.926339, 40.752083000933183 ], [ -73.926229, 40.752090000933222 ], [ -73.92612, 40.752098000933202 ], [ -73.926011, 40.752108000933241 ], [ -73.925903, 40.752119000933199 ], [ -73.925796, 40.752132000933223 ], [ -73.92569, 40.752146000933188 ], [ -73.925585, 40.752162000933197 ], [ -73.92548, 40.752179000933211 ], [ -73.925376, 40.752197000933236 ], [ -73.925273, 40.752217000933193 ], [ -73.925171, 40.752239000933173 ], [ -73.92507, 40.752262000933158 ], [ -73.924968, 40.752285000933178 ], [ -73.918734, 40.75365100093321 ], [ -73.918511, 40.753697000933194 ], [ -73.918288, 40.753737000933242 ], [ -73.918064, 40.753771000933206 ], [ -73.91784, 40.753799000933228 ], [ -73.917614, 40.753821000933243 ], [ -73.917388, 40.753837000933189 ], [ -73.91716, 40.753847000933249 ], [ -73.916932, 40.753852000933215 ], [ -73.916702, 40.753850000933227 ], [ -73.916472, 40.753843000933244 ], [ -73.916241, 40.753830000933227 ], [ -73.916009, 40.753811000933197 ], [ -73.915776, 40.753786000933204 ], [ -73.915542, 40.753755000933225 ], [ -73.915309, 40.753719000933209 ], [ -73.911537, 40.753079000933212 ], [ -73.91142, 40.75306600093321 ], [ -73.911304, 40.75305400093324 ], [ -73.911187, 40.753044000933194 ], [ -73.911072, 40.753035000933224 ], [ -73.910957, 40.753027000933194 ], [ -73.910844, 40.753022000933207 ], [ -73.91073, 40.753017000933205 ], [ -73.910618, 40.753015000933203 ], [ -73.910506, 40.753014000933234 ], [ -73.910395, 40.753014000933213 ], [ -73.910285, 40.753017000933205 ], [ -73.910175, 40.753020000933198 ], [ -73.910066, 40.753026000933197 ], [ -73.909958, 40.753033000933243 ], [ -73.909852, 40.753041000933223 ], [ -73.908257, 40.753208000933213 ], [ -73.908092, 40.753220000933226 ], [ -73.907928, 40.753226000933189 ], [ -73.907767, 40.753228000933184 ], [ -73.907609, 40.753225000933199 ], [ -73.907452, 40.753218000933209 ], [ -73.907298, 40.753205000933178 ], [ -73.907145, 40.753188000933243 ], [ -73.906995, 40.753167000933239 ], [ -73.906847, 40.753140000933207 ], [ -73.906702, 40.753109000933208 ], [ -73.906558, 40.753074000933189 ], [ -73.906417, 40.753033000933243 ], [ -73.906278, 40.752988000933229 ], [ -73.906141, 40.752938000933192 ], [ -73.906006, 40.752885000933198 ], [ -73.898453, 40.749669000933174 ], [ -73.891338, 40.746644000933188 ], [ -73.885149, 40.744006000933176 ], [ -73.885104, 40.743987000933174 ], [ -73.885059, 40.743967000933175 ], [ -73.885015, 40.743948000933166 ], [ -73.884971, 40.743928000933167 ], [ -73.884928, 40.743909000933179 ], [ -73.884885, 40.743890000933192 ], [ -73.884843, 40.74387100093319 ], [ -73.884801, 40.743851000933169 ], [ -73.88476, 40.743832000933168 ], [ -73.884719, 40.743813000933173 ], [ -73.884679, 40.743794000933136 ], [ -73.884639, 40.743775000933134 ], [ -73.8846, 40.743756000933196 ], [ -73.884561, 40.743737000933187 ], [ -73.884523, 40.743718000933164 ], [ -73.882917, 40.742933000933164 ], [ -73.882846, 40.742897000933134 ], [ -73.882775, 40.742862000933187 ], [ -73.882706, 40.742827000933154 ], [ -73.882639, 40.742792000933157 ], [ -73.882574, 40.742759000933134 ], [ -73.88251, 40.742726000933153 ], [ -73.882448, 40.742693000933137 ], [ -73.882388, 40.742661000933154 ], [ -73.88233, 40.742630000933168 ], [ -73.882273, 40.742599000933147 ], [ -73.882218, 40.742569000933166 ], [ -73.882165, 40.742539000933199 ], [ -73.882114, 40.742510000933152 ], [ -73.882064, 40.742482000933151 ], [ -73.882017, 40.742454000933179 ], [ -73.881945, 40.742415000933164 ], [ -73.881874, 40.742376000933113 ], [ -73.881803, 40.742337000933176 ], [ -73.881732, 40.742296000933173 ], [ -73.881662, 40.742256000933168 ], [ -73.881592, 40.742215000933157 ], [ -73.881523, 40.742173000933143 ], [ -73.881453, 40.742131000933142 ], [ -73.881384, 40.742088000933187 ], [ -73.881316, 40.742045000933174 ], [ -73.881247, 40.742001000933179 ], [ -73.881179, 40.741957000933176 ], [ -73.881112, 40.74191300093316 ], [ -73.881044, 40.74186800093316 ], [ -73.880977, 40.741822000933162 ], [ -73.879422, 40.740665000933149 ], [ -73.879357, 40.740614000933135 ], [ -73.879295, 40.74056100093317 ], [ -73.879235, 40.740506000933131 ], [ -73.879175, 40.740449000933154 ], [ -73.879117, 40.740389000933142 ], [ -73.87906, 40.740326000933123 ], [ -73.879004, 40.740261000933124 ], [ -73.87895, 40.74019400093313 ], [ -73.878897, 40.740124000933129 ], [ -73.878845, 40.74005200093314 ], [ -73.878794, 40.739977000933145 ], [ -73.878744, 40.739900000933126 ], [ -73.878696, 40.739821000933148 ], [ -73.878649, 40.73973900093312 ], [ -73.878602, 40.739655000933105 ], [ -73.877223, 40.737015000933141 ], [ -73.877055, 40.736710000933144 ], [ -73.876951, 40.736514000933113 ], [ -73.876834, 40.736327000933137 ], [ -73.876705, 40.736148000933149 ], [ -73.876562, 40.735976000933121 ], [ -73.876405, 40.735812000933137 ], [ -73.876236, 40.735655000933136 ], [ -73.876054, 40.735507000933126 ], [ -73.875859, 40.735365000933129 ], [ -73.87565, 40.735232000933145 ], [ -73.875429, 40.735106000933094 ], [ -73.875194, 40.734988000933107 ], [ -73.874947, 40.734877000933125 ], [ -73.874686, 40.734775000933141 ], [ -73.874412, 40.734679000933099 ], [ -73.874126, 40.734593000933131 ], [ -73.870923, 40.733648000933123 ], [ -73.870805, 40.733614000933102 ], [ -73.870688, 40.733579000933155 ], [ -73.870571, 40.733544000933108 ], [ -73.870454, 40.733509000933076 ], [ -73.870339, 40.733473000933124 ], [ -73.870224, 40.733437000933087 ], [ -73.870111, 40.733401000933128 ], [ -73.869998, 40.733365000933127 ], [ -73.869885, 40.733328000933106 ], [ -73.869774, 40.733292000933133 ], [ -73.869663, 40.733255000933113 ], [ -73.869554, 40.733218000933135 ], [ -73.869445, 40.733181000933129 ], [ -73.869336, 40.733144000933095 ], [ -73.869229, 40.733106000933134 ], [ -73.869062, 40.73304100093312 ], [ -73.868898, 40.732975000933116 ], [ -73.868737, 40.73290900093312 ], [ -73.868579, 40.732842000933125 ], [ -73.868425, 40.732774000933112 ], [ -73.868274, 40.732706000933106 ], [ -73.868127, 40.732638000933129 ], [ -73.867984, 40.732568000933128 ], [ -73.867843, 40.732499000933117 ], [ -73.867707, 40.732429000933067 ], [ -73.867573, 40.73235800093309 ], [ -73.867444, 40.732287000933091 ], [ -73.867317, 40.73221500093311 ], [ -73.867194, 40.732143000933121 ], [ -73.867073, 40.732070000933142 ], [ -73.866945, 40.731991000933121 ], [ -73.866812, 40.731914000933124 ], [ -73.866676, 40.731838000933102 ], [ -73.866535, 40.731763000933128 ], [ -73.86639, 40.73168800093314 ], [ -73.866241, 40.731614000933085 ], [ -73.866087, 40.731541000933099 ], [ -73.86593, 40.73146900093311 ], [ -73.865768, 40.731397000933107 ], [ -73.865602, 40.731327000933135 ], [ -73.865431, 40.73125700093307 ], [ -73.865257, 40.731187000933076 ], [ -73.865078, 40.731119000933084 ], [ -73.864895, 40.731051000933086 ], [ -73.86471, 40.730985000933089 ], [ -73.861604, 40.729846000933108 ], [ -73.854378, 40.72721600093309 ], [ -73.854282, 40.727179000933077 ], [ -73.854184, 40.727142000933114 ], [ -73.854085, 40.72710300093307 ], [ -73.853983, 40.727062000933074 ], [ -73.853879, 40.727021000933064 ], [ -73.853773, 40.726977000933061 ], [ -73.853665, 40.726933000933059 ], [ -73.853554, 40.726887000933061 ], [ -73.853442, 40.72683900093309 ], [ -73.853327, 40.726790000933079 ], [ -73.85321, 40.726740000933091 ], [ -73.853091, 40.726688000933066 ], [ -73.852969, 40.726635000933072 ], [ -73.852846, 40.726580000933083 ], [ -73.852719, 40.726523000933078 ], [ -73.852538, 40.726443000933095 ], [ -73.852359, 40.726358000933082 ], [ -73.852185, 40.726271000933082 ], [ -73.852015, 40.726181000933082 ], [ -73.851849, 40.726090000933084 ], [ -73.851688, 40.725995000933111 ], [ -73.85153, 40.725899000933047 ], [ -73.851377, 40.72580000093307 ], [ -73.851228, 40.725699000933098 ], [ -73.851083, 40.725596000933074 ], [ -73.850942, 40.725490000933071 ], [ -73.850805, 40.725382000933038 ], [ -73.850673, 40.72527200093311 ], [ -73.850544, 40.725159000933083 ], [ -73.850418, 40.725045000933115 ], [ -73.850252, 40.724889000933089 ], [ -73.850084, 40.724735000933087 ], [ -73.849912, 40.724584000933071 ], [ -73.849736, 40.724436000933053 ], [ -73.849556, 40.724292000933069 ], [ -73.849372, 40.724151000933077 ], [ -73.849184, 40.724013000933084 ], [ -73.848993, 40.723878000933084 ], [ -73.848797, 40.723747000933081 ], [ -73.848598, 40.723618000933051 ], [ -73.848394, 40.723493000933082 ], [ -73.848187, 40.723371000933071 ], [ -73.847975, 40.723253000933077 ], [ -73.84776, 40.723137000933079 ], [ -73.847541, 40.723026000933089 ], [ -73.844521, 40.721691000933077 ], [ -73.841421, 40.720314000933008 ], [ -73.841329, 40.720274000933095 ], [ -73.841237, 40.72023400093304 ], [ -73.841146, 40.720194000933034 ], [ -73.841055, 40.720153000933031 ], [ -73.840965, 40.720112000933021 ], [ -73.840875, 40.720070000933084 ], [ -73.840786, 40.720028000933056 ], [ -73.840697, 40.719986000933062 ], [ -73.840608, 40.719943000933064 ], [ -73.84052, 40.719900000933059 ], [ -73.840432, 40.719857000933061 ], [ -73.840345, 40.719813000933058 ], [ -73.840258, 40.719769000933034 ], [ -73.840171, 40.719725000933018 ], [ -73.840085, 40.719680000933025 ], [ -73.837324, 40.718331000933013 ], [ -73.835753, 40.717531000933022 ], [ -73.835607, 40.717453000933006 ], [ -73.835462, 40.717374000933049 ], [ -73.835318, 40.717294000933016 ], [ -73.835176, 40.717213000933036 ], [ -73.835035, 40.717130000933039 ], [ -73.834895, 40.717046000933038 ], [ -73.834756, 40.716961000932997 ], [ -73.834618, 40.716875000933058 ], [ -73.834482, 40.716787000933031 ], [ -73.834347, 40.716698000933064 ], [ -73.834213, 40.716608000933064 ], [ -73.834081, 40.716517000933038 ], [ -73.83395, 40.716425000933057 ], [ -73.83382, 40.716331000933017 ], [ -73.833689, 40.716237000933013 ], [ -73.833446, 40.716050000933031 ], [ -73.833291, 40.715936000933027 ], [ -73.833138, 40.715821000933055 ], [ -73.832983, 40.715708000933034 ], [ -73.832827, 40.715596000933026 ], [ -73.832669, 40.715485000933029 ], [ -73.83251, 40.715375000933037 ], [ -73.832349, 40.715267000933032 ], [ -73.832187, 40.715159000933021 ], [ -73.832023, 40.71505300093304 ], [ -73.831858, 40.714948000933028 ], [ -73.831691, 40.714844000932999 ], [ -73.831523, 40.71474100093306 ], [ -73.831353, 40.714639000933005 ], [ -73.831182, 40.714539000933023 ], [ -73.831008, 40.714441000933057 ], [ -73.828344, 40.71312900093298 ], [ -73.828269, 40.713093000933029 ], [ -73.828191, 40.713058000933025 ], [ -73.828113, 40.713023000933049 ], [ -73.828033, 40.712988000933002 ], [ -73.827953, 40.712953000932991 ], [ -73.827871, 40.712918000933023 ], [ -73.827788, 40.712884000932981 ], [ -73.827704, 40.712850000933017 ], [ -73.827619, 40.71281600093301 ], [ -73.827532, 40.712782000933039 ], [ -73.827445, 40.712749000932995 ], [ -73.827356, 40.712716000933007 ], [ -73.827267, 40.712682000932979 ], [ -73.827176, 40.712650000932989 ], [ -73.827083, 40.712617000933029 ], [ -73.822473, 40.710847000932993 ], [ -73.822318, 40.710787000932982 ], [ -73.822167, 40.710724000932984 ], [ -73.822024, 40.710658000933037 ], [ -73.821887, 40.710588000932958 ], [ -73.821757, 40.710516000932977 ], [ -73.821634, 40.710440000933019 ], [ -73.821518, 40.710362000932967 ], [ -73.821408, 40.71028000093299 ], [ -73.821305, 40.710195000933005 ], [ -73.82121, 40.710107000933021 ], [ -73.821121, 40.710015000933005 ], [ -73.821039, 40.709921000933001 ], [ -73.820963, 40.709823000932978 ], [ -73.820895, 40.709723000933018 ], [ -73.820832, 40.70961900093296 ], [ -73.820574, 40.70917900093302 ], [ -73.819479, 40.707304000933021 ], [ -73.81838, 40.705560000932955 ], [ -73.818314879999946, 40.705463736932998 ] ] ] } },
    { "type": "Feature", "properties": { "Division": "BMT", "Line": "Coney Island", "route_id": "F", "color": "#FF6319" }, "geometry": { "type": "MultiLineString", "coordinates": [ [ [ -73.981233, 40.577422000932359 ], [ -73.981083, 40.576635000932363 ], [ -73.981069, 40.576575000932323 ], [ -73.981047, 40.576518000932367 ], [ -73.981018, 40.576463000932328 ], [ -73.980982, 40.576412000932372 ], [ -73.980938, 40.576363000932353 ], [ -73.980887, 40.576318000932368 ], [ -73.980828, 40.576275000932363 ], [ -73.980762, 40.576235000932343 ], [ -73.980689, 40.576199000932334 ], [ -73.980608, 40.576165000932356 ], [ -73.98052, 40.576134000932313 ], [ -73.980425, 40.57610600093232 ], [ -73.980322, 40.576081000932319 ], [ -73.980212, 40.576058000932342 ], [ -73.980094, 40.576039000932333 ], [ -73.978088, 40.575771000932313 ], [ -73.977991, 40.575762000932315 ], [ -73.977895, 40.575756000932358 ], [ -73.977798, 40.575753000932366 ], [ -73.9777, 40.575752000932354 ], [ -73.977603, 40.575754000932363 ], [ -73.977506, 40.575758000932339 ], [ -73.977408, 40.575765000932336 ], [ -73.97731, 40.575774000932363 ], [ -73.977212, 40.575786000932318 ], [ -73.977114, 40.575801000932358 ], [ -73.977015, 40.575818000932315 ], [ -73.976917, 40.575837000932296 ], [ -73.976818, 40.575860000932302 ], [ -73.976719, 40.575885000932317 ], [ -73.97662, 40.575912000932355 ], [ -73.975939, 40.576127000932324 ], [ -73.974984, 40.576429000932379 ], [ -73.974919, 40.576454000932344 ], [ -73.974903943999948, 40.57646091193233 ] ] ] } },
    { "type": "Feature", "properties": { "Division": "IND", "Line": "Queens", "route_id": "M", "color": "#FF6319" }, "geometry": { "type": "MultiLineString", "coordinates": [ [ [ -73.934307109437768, 40.751271945736583 ], [ -73.934122000001992, 40.751380000006492 ], [ -73.933905000001914, 40.751491000006425 ], [ -73.933682000001895, 40.751591000006499 ], [ -73.933451000001867, 40.751680000006353 ], [ -73.933212000001916, 40.751758000006504 ], [ -73.932966000001855, 40.751824000006394 ], [ -73.932713000001854, 40.751880000006459 ], [ -73.932452000001987, 40.751924000006532 ], [ -73.932184000001968, 40.751957000006492 ], [ -73.931908000002011, 40.751979000006457 ], [ -73.931627000001981, 40.75199000000628 ], [ -73.928781000002047, 40.752039000006384 ], [ -73.926563000001849, 40.752074000006367 ], [ -73.926450000001935, 40.75207800000647 ], [ -73.926339000002002, 40.752083000006358 ], [ -73.926229000001982, 40.752090000006483 ], [ -73.926120000001902, 40.752098000006349 ], [ -73.926011000001978, 40.752108000006544 ], [ -73.925903000001895, 40.752119000006267 ], [ -73.925796000001981, 40.752132000006505 ], [ -73.925690000002007, 40.752146000006462 ], [ -73.92558500000186, 40.752162000006336 ], [ -73.92548000000204, 40.752179000006514 ], [ -73.925376000001904, 40.752197000006397 ], [ -73.92527300000198, 40.752217000006496 ], [ -73.925171000001924, 40.752239000006433 ], [ -73.925070000001909, 40.752262000006475 ], [ -73.924968000002025, 40.752285000006381 ], [ -73.924861000001869, 40.752311000006415 ], [ -73.924757000002018, 40.752340000006505 ], [ -73.924657000002028, 40.752373000006422 ], [ -73.924560000001975, 40.75241100000634 ], [ -73.924467000001997, 40.752452000006286 ], [ -73.924377000002011, 40.752497000006372 ], [ -73.924291000001972, 40.752545000006442 ], [ -73.924208000001912, 40.752598000006344 ], [ -73.924129000001898, 40.752654000006402 ], [ -73.92405400000203, 40.752714000006307 ], [ -73.923982000001928, 40.752778000006273 ], [ -73.923913000001917, 40.752846000006436 ], [ -73.923848000001897, 40.752918000006296 ], [ -73.923787000001795, 40.752994000006403 ], [ -73.923728000001816, 40.75307200000632 ], [ -73.921565000001792, 40.75585400000643 ], [ -73.921555000002073, 40.755867000006475 ], [ -73.921546000001896, 40.755879000006395 ], [ -73.921535000001896, 40.755893000006544 ], [ -73.921525000001864, 40.755906000006334 ], [ -73.921515000001889, 40.755920000006448 ], [ -73.921504000002002, 40.755934000006555 ], [ -73.921493000001732, 40.755948000006427 ], [ -73.921481000001876, 40.755962000006534 ], [ -73.921470000001818, 40.755977000006524 ], [ -73.921458000001792, 40.755992000006302 ], [ -73.921446000001993, 40.756007000006491 ], [ -73.921433000001855, 40.756023000006422 ], [ -73.921421000001885, 40.756039000006453 ], [ -73.921408000001946, 40.756055000006356 ], [ -73.921395000001908, 40.756071000006422 ], [ -73.920740000002056, 40.75687900000657 ], [ -73.919850000001901, 40.757972000006411 ], [ -73.919713000001863, 40.758107000006319 ], [ -73.919568000001945, 40.758213000006421 ], [ -73.919417000001886, 40.758303000006414 ], [ -73.919262000002007, 40.75837800000631 ], [ -73.919101000002016, 40.758437000006452 ], [ -73.918936000001921, 40.758481000006348 ], [ -73.918765000001997, 40.758510000006517 ], [ -73.91859000000197, 40.758523000006242 ], [ -73.91840900000193, 40.758520000006335 ], [ -73.918224000001985, 40.75850200000653 ], [ -73.918033000001813, 40.758469000006521 ], [ -73.917838000002035, 40.758420000006495 ], [ -73.917638000001929, 40.758356000006316 ], [ -73.917432000001966, 40.75827600000644 ], [ -73.9172220000019, 40.75818200000635 ], [ -73.914834000001846, 40.757023000006399 ], [ -73.914798000001852, 40.757005000006437 ], [ -73.914762000001886, 40.756987000006454 ], [ -73.914726000001949, 40.756969000006514 ], [ -73.914691000001909, 40.756951000006381 ], [ -73.914655000001957, 40.756933000006356 ], [ -73.914619000001935, 40.756915000006501 ], [ -73.914583000001869, 40.756898000006387 ], [ -73.914547000001946, 40.756880000006475 ], [ -73.914511000001923, 40.756863000006483 ], [ -73.914475000002014, 40.75684600000649 ], [ -73.914439000002076, 40.756829000006469 ], [ -73.91440400000188, 40.756812000006306 ], [ -73.914368000001872, 40.756795000006484 ], [ -73.914332000001934, 40.756779000006425 ], [ -73.914295000001985, 40.756762000006468 ], [ -73.913333000001742, 40.756312000006339 ], [ -73.908935000001918, 40.754245000006485 ], [ -73.906786000001915, 40.753221000006377 ], [ -73.906006000001753, 40.752885000006451 ], [ -73.898453000001879, 40.749669000006477 ], [ -73.89133800000198, 40.746644000006533 ], [ -73.885149000001931, 40.7440060000065 ], [ -73.885104000001903, 40.743987000006435 ], [ -73.885059000001931, 40.743967000006499 ], [ -73.885015000002028, 40.743948000006334 ], [ -73.884971000001912, 40.74392800000647 ], [ -73.884928000001906, 40.743909000006447 ], [ -73.884885000001916, 40.743890000006544 ], [ -73.884843000001808, 40.743871000006358 ], [ -73.8848010000019, 40.743851000006472 ], [ -73.884760000001918, 40.7438320000063 ], [ -73.884719000002022, 40.743813000006369 ], [ -73.884679000001952, 40.743794000006453 ], [ -73.884639000002011, 40.743775000006394 ], [ -73.88460000000191, 40.743756000006442 ], [ -73.884561000001924, 40.743737000006419 ], [ -73.884523000001849, 40.74371800000651 ], [ -73.882917000001996, 40.742933000006403 ], [ -73.882846000001933, 40.742897000006373 ], [ -73.882775000001956, 40.742862000006362 ], [ -73.882706000001889, 40.742827000006287 ], [ -73.882639000001902, 40.742792000006418 ], [ -73.882574000001995, 40.742759000006295 ], [ -73.882510000002043, 40.742726000006506 ], [ -73.882448000001943, 40.742693000006355 ], [ -73.882388000001868, 40.7426610000064 ], [ -73.8823300000019, 40.742630000006365 ], [ -73.882273000001817, 40.742599000006493 ], [ -73.88221800000187, 40.742569000006391 ], [ -73.882165000001919, 40.742539000006474 ], [ -73.882114000001991, 40.742510000006376 ], [ -73.882064000001932, 40.742482000006376 ], [ -73.882017000001923, 40.742454000006347 ], [ -73.881945000001949, 40.742415000006389 ], [ -73.881874000001972, 40.742376000006473 ], [ -73.881803000001923, 40.74233700000643 ], [ -73.881732000001847, 40.742296000006391 ], [ -73.881662000001981, 40.742256000006492 ], [ -73.881592000001973, 40.742215000006439 ], [ -73.881523000001948, 40.742173000006368 ], [ -73.881453000001898, 40.742131000006445 ], [ -73.881384000001901, 40.742088000006412 ], [ -73.881316000001945, 40.742045000006478 ], [ -73.881247000001977, 40.742001000006354 ], [ -73.881179000001865, 40.741957000006416 ], [ -73.88111200000202, 40.74191300000642 ], [ -73.88104400000185, 40.741868000006356 ], [ -73.880977000001778, 40.741822000006458 ], [ -73.879422000001867, 40.740665000006537 ], [ -73.879357000001889, 40.740614000006339 ], [ -73.87929500000196, 40.740561000006359 ], [ -73.879235000001913, 40.740506000006448 ], [ -73.879175000002022, 40.740449000006365 ], [ -73.879117000001983, 40.740389000006388 ], [ -73.879060000001942, 40.740326000006306 ], [ -73.879004000001956, 40.740261000006484 ], [ -73.878950000001964, 40.740194000006454 ], [ -73.878897000001913, 40.740124000006446 ], [ -73.878845000001931, 40.740052000006386 ], [ -73.878794000001818, 40.739977000006434 ], [ -73.878744000001959, 40.739900000006386 ], [ -73.878696000001909, 40.739821000006437 ], [ -73.878649000001971, 40.739739000006416 ], [ -73.878602000001877, 40.739655000006344 ], [ -73.877223000001834, 40.737015000006444 ], [ -73.87705500000186, 40.736710000006411 ], [ -73.87695100000191, 40.736514000006359 ], [ -73.876834000001992, 40.736327000006433 ], [ -73.876705000002019, 40.73614800000648 ], [ -73.876562000001826, 40.735976000006495 ], [ -73.876405000001881, 40.735812000006405 ], [ -73.876236000001782, 40.735655000006396 ], [ -73.876054000001943, 40.735507000006379 ], [ -73.875859000001938, 40.735365000006396 ], [ -73.875650000001926, 40.735232000006363 ], [ -73.875429000001887, 40.735106000006375 ], [ -73.875194000001954, 40.734988000006403 ], [ -73.874947000001896, 40.73487700000652 ], [ -73.87468600000193, 40.734775000006429 ], [ -73.874412000002025, 40.734679000006416 ], [ -73.874126000001979, 40.734593000006477 ], [ -73.870923000002023, 40.733648000006369 ], [ -73.870805000002093, 40.733614000006426 ], [ -73.870688000001792, 40.733579000006436 ], [ -73.870571000002002, 40.733544000006304 ], [ -73.870454000001985, 40.733509000006492 ], [ -73.870339000001991, 40.733473000006562 ], [ -73.87022400000194, 40.733437000006326 ], [ -73.87011100000187, 40.733401000006388 ], [ -73.8699980000019, 40.733365000006408 ], [ -73.869885000001887, 40.733328000006416 ], [ -73.869774000001769, 40.733292000006429 ], [ -73.869663000002035, 40.733255000006423 ], [ -73.869554000001841, 40.733218000006346 ], [ -73.869445000001917, 40.733181000006496 ], [ -73.869336000001951, 40.733144000006497 ], [ -73.86922900000188, 40.733106000006458 ], [ -73.869062000001861, 40.733041000006487 ], [ -73.868898000001863, 40.732975000006491 ], [ -73.868737000001829, 40.732909000006394 ], [ -73.868579000001972, 40.732842000006514 ], [ -73.868425000001906, 40.732774000006351 ], [ -73.868274000001833, 40.732706000006452 ], [ -73.868127000002033, 40.732638000006546 ], [ -73.867984000001854, 40.732568000006367 ], [ -73.867843000001983, 40.732499000006392 ], [ -73.867707000002014, 40.732429000006412 ], [ -73.867573000001926, 40.732358000006386 ], [ -73.86744400000201, 40.732287000006416 ], [ -73.867317000001933, 40.73221500000647 ], [ -73.867194000001916, 40.732143000006417 ], [ -73.867073000001909, 40.732070000006367 ], [ -73.866945000001877, 40.731991000006403 ], [ -73.866812000001914, 40.731914000006469 ], [ -73.866676000001988, 40.731838000006398 ], [ -73.866535000001861, 40.731763000006438 ], [ -73.8663900000019, 40.731688000006422 ], [ -73.866241000001963, 40.73161400000636 ], [ -73.866087000001926, 40.731541000006338 ], [ -73.865930000001882, 40.731469000006456 ], [ -73.865768000001879, 40.731397000006552 ], [ -73.865602000001871, 40.731327000006367 ], [ -73.865431000001863, 40.731257000006487 ], [ -73.865257000001975, 40.731187000006393 ], [ -73.865078000001873, 40.731119000006409 ], [ -73.864895000001908, 40.731051000006403 ], [ -73.864710000001836, 40.730985000006385 ], [ -73.861604000001876, 40.72984600000639 ], [ -73.854378000001986, 40.727216000006429 ], [ -73.854282000001859, 40.727179000006338 ], [ -73.85418400000195, 40.727142000006509 ], [ -73.854085000001845, 40.727103000006466 ], [ -73.853983000001904, 40.727062000006434 ], [ -73.85387900000201, 40.727021000006523 ], [ -73.853773000001922, 40.726977000006372 ], [ -73.853665000001968, 40.726933000006447 ], [ -73.853554000002035, 40.726887000006364 ], [ -73.853442000001834, 40.726839000006464 ], [ -73.853327000001883, 40.726790000006375 ], [ -73.853210000002051, 40.726740000006444 ], [ -73.853091000001939, 40.726688000006469 ], [ -73.85296900000192, 40.726635000006475 ], [ -73.852846000001847, 40.726580000006386 ], [ -73.852719000002011, 40.726523000006431 ], [ -73.852538000001914, 40.726443000006356 ], [ -73.852359000001911, 40.726358000006478 ], [ -73.852185000001953, 40.726271000006399 ], [ -73.85201500000197, 40.726181000006427 ], [ -73.851849000001934, 40.72609000000633 ], [ -73.851688000001843, 40.725995000006421 ], [ -73.85153000000183, 40.7258990000065 ], [ -73.851377000001918, 40.725800000006494 ], [ -73.851228000001882, 40.725699000006557 ], [ -73.851083000002021, 40.725596000006462 ], [ -73.850942000001922, 40.725490000006381 ], [ -73.850805000001998, 40.725382000006427 ], [ -73.850673000001933, 40.725272000006505 ], [ -73.850544000002003, 40.725159000006357 ], [ -73.850418000001937, 40.725045000006382 ], [ -73.850252000001902, 40.724889000006449 ], [ -73.850084000002013, 40.724735000006504 ], [ -73.849912000001808, 40.724584000006452 ], [ -73.849736000001869, 40.724436000006506 ], [ -73.849556000001968, 40.724292000006422 ], [ -73.849372000001935, 40.724151000006415 ], [ -73.849184000001856, 40.724013000006487 ], [ -73.848993000001897, 40.723878000006415 ], [ -73.848797000001952, 40.723747000006412 ], [ -73.848598000001928, 40.723618000006454 ], [ -73.848394000001832, 40.723493000006357 ], [ -73.848187000002, 40.723371000006424 ], [ -73.847975000001867, 40.723253000006459 ], [ -73.84776000000187, 40.723137000006481 ], [ -73.847541000001954, 40.723026000006534 ], [ -73.844521000001734, 40.721691000006523 ] ], [ [ -73.979700282522884, 40.760893982386243 ], [ -73.977450000002008, 40.763972000939617 ], [ -73.977447039000907, 40.763976059936489 ], [ -73.97563699999985, 40.766457000933343 ], [ -73.975434, 40.766660000933271 ], [ -73.975214, 40.766834000933287 ], [ -73.974983, 40.766982000933311 ], [ -73.97474, 40.76710600093331 ], [ -73.974487, 40.767205000933295 ], [ -73.974221999999813, 40.767280000933319 ], [ -73.973944999999816, 40.767329000933323 ], [ -73.973658, 40.767353000933326 ], [ -73.973359, 40.767352000933336 ], [ -73.973049, 40.767327000933314 ], [ -73.972726999999864, 40.767276000933315 ], [ -73.972394, 40.767201000933312 ], [ -73.97205, 40.767100000933276 ], [ -73.971695, 40.76697500093335 ], [ -73.971329999999838, 40.766827000933283 ], [ -73.966112999999865, 40.764629000933319 ], [ -73.964558, 40.763973000933333 ], [ -73.957706999999843, 40.761088000933249 ], [ -73.957666, 40.761071000933299 ], [ -73.957624999999823, 40.761053000933259 ], [ -73.957584999999895, 40.761036000933252 ], [ -73.957545, 40.761019000933224 ], [ -73.957506, 40.761003000933236 ], [ -73.957468, 40.760986000933286 ], [ -73.957431, 40.76097000093327 ], [ -73.957393999999866, 40.760954000933225 ], [ -73.957357, 40.760938000933322 ], [ -73.957321999999863, 40.760922000933263 ], [ -73.957286999999837, 40.760907000933294 ], [ -73.957252999999866, 40.760892000933296 ], [ -73.957218999999867, 40.760877000933277 ], [ -73.957186, 40.760862000933216 ], [ -73.957153999999861, 40.76084700093331 ], [ -73.953259999999887, 40.759145000933266 ], [ -73.947784, 40.756723000933235 ], [ -73.947737999999887, 40.756703000933236 ], [ -73.947690999999892, 40.756682000933296 ], [ -73.947645, 40.756661000933235 ], [ -73.9476, 40.756640000933245 ], [ -73.94755399999984, 40.75661800093323 ], [ -73.947509, 40.756597000933219 ], [ -73.947464, 40.756575000933289 ], [ -73.947419, 40.75655300093328 ], [ -73.947374, 40.756531000933236 ], [ -73.947328999999812, 40.756508000933259 ], [ -73.947285, 40.756485000933239 ], [ -73.94724, 40.756462000933261 ], [ -73.947195999999892, 40.756439000933256 ], [ -73.947153, 40.756416000933271 ], [ -73.947109, 40.756392000933232 ], [ -73.942835999999843, 40.754203000933281 ], [ -73.941823999999897, 40.753681000933177 ], [ -73.941768, 40.753653000933205 ], [ -73.941711999999882, 40.753624000933272 ], [ -73.941655999999853, 40.753594000933241 ], [ -73.9416, 40.753565000933179 ], [ -73.941543999999851, 40.753535000933205 ], [ -73.941487999999865, 40.753506000933221 ], [ -73.941431999999836, 40.753476000933205 ], [ -73.941376, 40.753446000933188 ], [ -73.94132, 40.753416000933221 ], [ -73.941265, 40.753386000933268 ], [ -73.941209, 40.753355000933254 ], [ -73.941154, 40.753325000933224 ], [ -73.941099, 40.753294000933224 ], [ -73.941043, 40.753264000933235 ], [ -73.940987999999891, 40.753234000933247 ], [ -73.93669, 40.750946000933205 ], [ -73.936548, 40.750871000933209 ], [ -73.936404999999894, 40.750809000933238 ], [ -73.936262, 40.750759000933215 ], [ -73.936119, 40.750722000933202 ], [ -73.935974999999885, 40.750697000933194 ], [ -73.93583199999982, 40.750684000933227 ], [ -73.935687999999814, 40.750684000933205 ], [ -73.935544, 40.750696000933218 ], [ -73.9354, 40.750720000933178 ], [ -73.935255, 40.750757000933234 ], [ -73.935111, 40.75080600093326 ], [ -73.934966, 40.750867000933212 ], [ -73.934820999999886, 40.750941000933267 ], [ -73.934676, 40.751027000933234 ], [ -73.934532, 40.751125000933229 ], [ -73.934331, 40.751258000933234 ], [ -73.934308309999949, 40.75127124593326 ] ] ] } },
    { "type": "Feature", "properties": { "Division": "IND", "Line": "6th Avenue", "route_id": "F", "color": "#FF6319" }, "geometry": { "type": "MultiLineString", "coordinates": [ [ [ -73.988752202001976, 40.689202112939192 ], [ -73.987738000001997, 40.690701000939178 ], [ -73.987582000001979, 40.690945000939216 ], [ -73.987556000002016, 40.690993000939216 ], [ -73.98753200000202, 40.691041000939208 ], [ -73.987509000001992, 40.691089000939236 ], [ -73.987488000001974, 40.69113800093924 ], [ -73.987469000001994, 40.691187000939252 ], [ -73.98745200000198, 40.691236000939213 ], [ -73.987437000001961, 40.691286000939236 ], [ -73.987423000001982, 40.691336000939174 ], [ -73.987412000001953, 40.691386000939247 ], [ -73.987402000001993, 40.69143700093926 ], [ -73.987394000001942, 40.691488000939238 ], [ -73.987387000001988, 40.691539000939194 ], [ -73.987383000001984, 40.691591000939226 ], [ -73.98738000000202, 40.691643000939244 ], [ -73.987379000001994, 40.69169500093922 ], [ -73.987343000001957, 40.692332000939267 ], [ -73.987342000001973, 40.692338000939237 ], [ -73.987343000001971, 40.692346000939217 ], [ -73.987277000001953, 40.693682000939269 ], [ -73.987276000002012, 40.693715000939235 ], [ -73.987273000001963, 40.693748000939259 ], [ -73.987271000001968, 40.693782000939258 ], [ -73.98726800000199, 40.693816000939208 ], [ -73.987265000001983, 40.693850000939264 ], [ -73.987262000002005, 40.693884000939235 ], [ -73.987259000001941, 40.693919000939232 ], [ -73.98725500000198, 40.693953000939253 ], [ -73.987252000001988, 40.693988000939243 ], [ -73.987248000001969, 40.694024000939251 ], [ -73.987244000001965, 40.694059000939212 ], [ -73.987240000002018, 40.694095000939228 ], [ -73.987235000001974, 40.694131000939201 ], [ -73.987231000001984, 40.694167000939245 ], [ -73.987226000001982, 40.694204000939258 ], [ -73.987211000001977, 40.694334000939236 ], [ -73.98720600000199, 40.694364000939281 ], [ -73.987202000001986, 40.694394000939191 ], [ -73.987198000001982, 40.694424000939179 ], [ -73.987194000002006, 40.694455000939278 ], [ -73.987191000001957, 40.69448700093924 ], [ -73.987187000001953, 40.694519000939295 ], [ -73.987184000002003, 40.694551000939221 ], [ -73.98718200000198, 40.694585000939284 ], [ -73.987179000001987, 40.694618000939251 ], [ -73.987177000001978, 40.694652000939257 ], [ -73.987175000001997, 40.694687000939211 ], [ -73.987173000001988, 40.69472200093923 ], [ -73.987172000002019, 40.694758000939224 ], [ -73.987171000002007, 40.694794000939289 ], [ -73.987170000001939, 40.6948320009393 ], [ -73.987036000001993, 40.697395000939238 ], [ -73.98688500000199, 40.699743000939272 ], [ -73.98658700000199, 40.704099000939266 ], [ -73.986579000001967, 40.704345000939291 ], [ -73.986585000001952, 40.70459100093926 ], [ -73.986604000001961, 40.704836000939316 ], [ -73.986636000002008, 40.705079000939335 ], [ -73.986682000001991, 40.705322000939312 ], [ -73.986741000001956, 40.705563000939321 ], [ -73.986813000001987, 40.70580300093927 ], [ -73.986898000001943, 40.70604200093922 ], [ -73.986997000001978, 40.706280000939294 ], [ -73.987109000001993, 40.706517000939314 ], [ -73.987234000001962, 40.706752000939289 ], [ -73.987372000001955, 40.706987000939279 ], [ -73.987524000001969, 40.707220000939316 ], [ -73.987689000002007, 40.70745200093927 ], [ -73.98786700000197, 40.707683000939276 ], [ -73.988681000002003, 40.708766000939292 ], [ -73.988791000001967, 40.708915000939292 ], [ -73.988899000001965, 40.709071000939296 ], [ -73.989002000002003, 40.70923200093933 ], [ -73.989100000001969, 40.709397000939362 ], [ -73.989193000001961, 40.709566000939283 ], [ -73.989281000001981, 40.709740000939362 ], [ -73.989365000001968, 40.709918000939389 ], [ -73.989444000001953, 40.710101000939339 ], [ -73.989518000002008, 40.710288000939336 ], [ -73.989587000001976, 40.710479000939344 ], [ -73.989652000001996, 40.710675000939304 ], [ -73.989712000001958, 40.710875000939339 ], [ -73.98976700000199, 40.711079000939314 ], [ -73.989817000001977, 40.711288000939298 ], [ -73.989866000001996, 40.711503000939324 ], [ -73.99007000000195, 40.712816000939327 ], [ -73.990080000001996, 40.712885000939316 ], [ -73.990091000001996, 40.712953000939301 ], [ -73.990101000001999, 40.713020000939274 ], [ -73.990110000001962, 40.713086000939292 ], [ -73.99011900000194, 40.713150000939301 ], [ -73.990127000001976, 40.713212000939329 ], [ -73.990134000001987, 40.713274000939336 ], [ -73.990141000001927, 40.713334000939334 ], [ -73.990148000001994, 40.713392000939287 ], [ -73.990154000001979, 40.713450000939346 ], [ -73.990159000001981, 40.713506000939297 ], [ -73.990164000001954, 40.71356000093931 ], [ -73.990168000001972, 40.713613000939318 ], [ -73.990171000001993, 40.713665000939315 ], [ -73.990173000002002, 40.713715000939281 ], [ -73.990177000001964, 40.713758000939336 ], [ -73.990181000002011, 40.713802000939367 ], [ -73.99018400000196, 40.713846000939341 ], [ -73.990187000001967, 40.713889000939332 ], [ -73.990188000002021, 40.713931000939304 ], [ -73.99018900000199, 40.713973000939383 ], [ -73.990190000002002, 40.714014000939372 ], [ -73.990190000002031, 40.714055000939311 ], [ -73.990189000002005, 40.714096000939364 ], [ -73.990188000002021, 40.714136000939341 ], [ -73.990186000001941, 40.714176000939396 ], [ -73.990183000001963, 40.714215000939326 ], [ -73.990180000001985, 40.714253000939316 ], [ -73.990176000001995, 40.714291000939347 ], [ -73.990171000001993, 40.714330000939363 ], [ -73.990161000001962, 40.714390000939332 ], [ -73.990152000001984, 40.714448000939349 ], [ -73.990141000001955, 40.714506000939366 ], [ -73.990127000001976, 40.714566000939328 ], [ -73.990112000001957, 40.714625000939357 ], [ -73.990095000001986, 40.714685000939348 ], [ -73.990076000002006, 40.714746000939357 ], [ -73.990055000002002, 40.714807000939345 ], [ -73.990033000001986, 40.71486800093939 ], [ -73.990008000001993, 40.714930000939347 ], [ -73.989981000001976, 40.71499200093934 ], [ -73.989953000001961, 40.715055000939323 ], [ -73.989922000001997, 40.715118000939356 ], [ -73.989890000001964, 40.715182000939365 ], [ -73.989854000001998, 40.715245000939333 ], [ -73.988114000001929, 40.718611000939362 ], [ -73.986929000002007, 40.720922000939332 ], [ -73.98684800000197, 40.721101000939356 ], [ -73.98678600000197, 40.721272000939358 ], [ -73.986746000001986, 40.72143600093937 ], [ -73.986727000001991, 40.721592000939332 ], [ -73.986729000002001, 40.721741000939325 ], [ -73.986752000001985, 40.721881000939369 ], [ -73.986797000002014, 40.72201400093941 ], [ -73.986863000002003, 40.722138000939367 ], [ -73.986950000001983, 40.72225500093937 ], [ -73.987058000001937, 40.722365000939341 ], [ -73.987188000001964, 40.722466000939384 ], [ -73.987339000001967, 40.72255900093937 ], [ -73.987511000001987, 40.722645000939409 ], [ -73.987704000001997, 40.722723000939325 ], [ -73.987919000002023, 40.722792000939322 ], [ -73.989938000001942, 40.723402000939373 ], [ -73.992550000001941, 40.724185000939379 ], [ -73.99620400000201, 40.72529700093942 ], [ -73.996641000001972, 40.725437000939401 ], [ -73.996750000001967, 40.725475000939412 ], [ -73.996858000001993, 40.725513000939337 ], [ -73.996964000001924, 40.725552000939388 ], [ -73.997069000001972, 40.725591000939424 ], [ -73.99717200000201, 40.725631000939423 ], [ -73.997273000001954, 40.725670000939353 ], [ -73.997373000002, 40.72571100093937 ], [ -73.997471000001994, 40.725751000939397 ], [ -73.997568000001948, 40.72579200093945 ], [ -73.997663000001992, 40.7258340009394 ], [ -73.997756000001999, 40.725876000939401 ], [ -73.997848000001994, 40.725918000939394 ], [ -73.99793800000198, 40.725961000939421 ], [ -73.998027000001983, 40.726004000939405 ], [ -73.998114000002005, 40.726047000939417 ], [ -74.001901000002007, 40.727913000939388 ], [ -74.002019000001994, 40.727970000939379 ], [ -74.002126000001994, 40.728032000939415 ], [ -74.002220000001984, 40.728099000939416 ], [ -74.002301000002007, 40.728170000939365 ], [ -74.002371000002, 40.728247000939412 ], [ -74.002428000001998, 40.728328000939356 ], [ -74.00247300000197, 40.728414000939431 ], [ -74.002506000002015, 40.728505000939371 ], [ -74.002526000002007, 40.728601000939399 ], [ -74.00253500000197, 40.728702000939435 ], [ -74.002531000001966, 40.728808000939438 ], [ -74.002515000001978, 40.728918000939387 ], [ -74.00248600000198, 40.7290340009394 ], [ -74.002446000001981, 40.729154000939424 ], [ -74.002395000001997, 40.729279000939457 ], [ -74.001552000001965, 40.730820000939467 ], [ -74.001539000001998, 40.730845000939411 ], [ -74.00152500000199, 40.730871000939423 ], [ -74.00151100000194, 40.730897000939422 ], [ -74.00149700000199, 40.730922000939465 ], [ -74.001482000001957, 40.730948000939435 ], [ -74.001467000001952, 40.730975000939395 ], [ -74.001451000001992, 40.731001000939386 ], [ -74.001435000001976, 40.731027000939406 ], [ -74.001419000001945, 40.73105400093943 ], [ -74.001402000002017, 40.731080000939457 ], [ -74.001385000001974, 40.731107000939438 ], [ -74.001367000001977, 40.731134000939399 ], [ -74.00134900000198, 40.731161000939409 ], [ -74.00133100000194, 40.73118900093943 ], [ -74.001312000002017, 40.731216000939469 ], [ -74.000515000001968, 40.732312000939388 ], [ -74.000495000001962, 40.732338000939421 ], [ -74.000477000001993, 40.732362000939496 ], [ -73.999777000001956, 40.733324000939419 ], [ -73.996209000001997, 40.738228000939444 ], [ -73.992821000001953, 40.742878000939541 ], [ -73.987823000001953, 40.74971900093945 ], [ -73.984569000001983, 40.754222000939535 ], [ -73.981329000001978, 40.758663000939556 ], [ -73.979701000001995, 40.76089300093961 ], [ -73.979700282522955, 40.760893982386243 ] ] ] } },
    { "type": "Feature", "properties": { "Division": "IND", "Line": "Culver", "route_id": "F", "color": "#FF6319" }, "geometry": { "type": "MultiLineString", "coordinates": [ [ [ -73.974903943999948, 40.57646091193233 ], [ -73.974858, 40.576482000932351 ], [ -73.974803, 40.576512000932333 ], [ -73.974753, 40.576545000932349 ], [ -73.974707, 40.576581000932315 ], [ -73.974667, 40.576620000932316 ], [ -73.974632, 40.576661000932354 ], [ -73.974602, 40.57670500093235 ], [ -73.974576, 40.576752000932345 ], [ -73.974556, 40.576802000932325 ], [ -73.974541, 40.576854000932293 ], [ -73.974531, 40.576909000932346 ], [ -73.974526, 40.576967000932321 ], [ -73.974526, 40.577028000932337 ], [ -73.974531, 40.577091000932356 ], [ -73.974701, 40.578467000932349 ], [ -73.974704, 40.578509000932364 ], [ -73.974708, 40.578550000932367 ], [ -73.974711, 40.57859100093237 ], [ -73.974714, 40.578632000932338 ], [ -73.974716, 40.578673000932319 ], [ -73.974718, 40.578714000932344 ], [ -73.974719, 40.578755000932347 ], [ -73.974719, 40.578795000932388 ], [ -73.974719, 40.578836000932377 ], [ -73.974718, 40.57887700093233 ], [ -73.974717, 40.578918000932333 ], [ -73.974716, 40.578958000932346 ], [ -73.974713, 40.57899900093237 ], [ -73.97471, 40.579039000932383 ], [ -73.974707, 40.579080000932329 ], [ -73.974574, 40.581011000932357 ], [ -73.974516, 40.581844000932371 ], [ -73.974515, 40.58186900093235 ], [ -73.974514, 40.581895000932327 ], [ -73.974514, 40.581920000932335 ], [ -73.974514, 40.581946000932383 ], [ -73.974514, 40.581973000932365 ], [ -73.974515, 40.581999000932385 ], [ -73.974516, 40.582026000932345 ], [ -73.974518, 40.582054000932359 ], [ -73.97452, 40.582081000932412 ], [ -73.974522, 40.58210900093237 ], [ -73.974525, 40.58213800093236 ], [ -73.974528, 40.582166000932354 ], [ -73.974532, 40.582195000932373 ], [ -73.974536, 40.582224000932399 ], [ -73.97454, 40.582254000932359 ], [ -73.974601, 40.582752000932352 ], [ -73.974606, 40.58278500093239 ], [ -73.97461, 40.582819000932332 ], [ -73.974614, 40.582853000932374 ], [ -73.974617, 40.582887000932338 ], [ -73.97462, 40.582922000932392 ], [ -73.974623, 40.5829580009324 ], [ -73.974625, 40.582994000932366 ], [ -73.974627, 40.583030000932389 ], [ -73.974628, 40.583067000932346 ], [ -73.97463, 40.583105000932356 ], [ -73.97463, 40.583143000932381 ], [ -73.974631, 40.583181000932335 ], [ -73.974631, 40.583220000932386 ], [ -73.974631, 40.583259000932379 ], [ -73.97463, 40.583299000932399 ], [ -73.974328, 40.58850700093241 ], [ -73.974325, 40.588569000932402 ], [ -73.974322, 40.588633000932411 ], [ -73.974319, 40.588699000932436 ], [ -73.974315, 40.588767000932393 ], [ -73.974311, 40.588837000932408 ], [ -73.974307, 40.588908000932427 ], [ -73.974302, 40.588980000932395 ], [ -73.974297, 40.589054000932379 ], [ -73.974292, 40.589130000932428 ], [ -73.974286, 40.589208000932395 ], [ -73.97428, 40.58928700093243 ], [ -73.974273, 40.589367000932398 ], [ -73.974266, 40.589450000932423 ], [ -73.974259, 40.589533000932441 ], [ -73.97425, 40.589620000932392 ], [ -73.97424, 40.58972000093241 ], [ -73.974228, 40.589820000932384 ], [ -73.974216, 40.589918000932428 ], [ -73.974204, 40.590016000932422 ], [ -73.974192, 40.5901120009324 ], [ -73.97418, 40.590208000932421 ], [ -73.974168, 40.590302000932411 ], [ -73.974156, 40.590396000932408 ], [ -73.974143, 40.59048800093241 ], [ -73.974131, 40.590580000932405 ], [ -73.974118, 40.590670000932413 ], [ -73.974105, 40.590760000932413 ], [ -73.974092, 40.590848000932411 ], [ -73.974079, 40.590936000932395 ], [ -73.974067, 40.591023000932424 ], [ -73.973357, 40.596063000932453 ], [ -73.972361, 40.603217000932439 ], [ -73.972247, 40.604053000932495 ], [ -73.972239, 40.604117000932455 ], [ -73.972234, 40.604183000932451 ], [ -73.97223, 40.60425000093246 ], [ -73.972227, 40.604318000932466 ], [ -73.972226, 40.604387000932469 ], [ -73.972226, 40.604457000932449 ], [ -73.972228, 40.604529000932494 ], [ -73.972232, 40.60460100093249 ], [ -73.972237, 40.60467500093246 ], [ -73.972243, 40.604750000932526 ], [ -73.972251, 40.604827000932488 ], [ -73.972261, 40.60490400093245 ], [ -73.972272, 40.604982000932495 ], [ -73.972284, 40.605062000932463 ], [ -73.972299, 40.605143000932507 ], [ -73.973022, 40.608944000932532 ], [ -73.974197, 40.615140000932534 ], [ -73.975264, 40.620769000932569 ], [ -73.976127, 40.62532200093257 ], [ -73.976971, 40.629755000932605 ], [ -73.978172, 40.636119000932659 ], [ -73.978249, 40.636526000932655 ], [ -73.978262, 40.636596000932634 ], [ -73.978277, 40.636669000932628 ], [ -73.978294, 40.636745000932656 ], [ -73.978312, 40.636824000932627 ], [ -73.978331, 40.636906000932655 ], [ -73.978351, 40.636991000932689 ], [ -73.978373, 40.63707900093263 ], [ -73.978396, 40.637170000932628 ], [ -73.97842, 40.637264000932682 ], [ -73.978445, 40.637361000932664 ], [ -73.978471, 40.637462000932622 ], [ -73.978499, 40.637565000932625 ], [ -73.978528, 40.637671000932656 ], [ -73.978558, 40.637781000932684 ], [ -73.978591, 40.637892000932681 ], [ -73.978605, 40.63794500093266 ], [ -73.978619, 40.637997000932643 ], [ -73.978632, 40.638050000932679 ], [ -73.978645, 40.638101000932664 ], [ -73.978657, 40.63815300093264 ], [ -73.97867, 40.638203000932641 ], [ -73.978681, 40.63825400093269 ], [ -73.978693, 40.638304000932649 ], [ -73.978704, 40.63835400093263 ], [ -73.978714, 40.638403000932641 ], [ -73.978724, 40.638452000932624 ], [ -73.978734, 40.638500000932659 ], [ -73.978743, 40.638548000932644 ], [ -73.978752, 40.638596000932665 ], [ -73.978761, 40.638643000932646 ], [ -73.979056, 40.640186000932644 ], [ -73.979064, 40.640223000932657 ], [ -73.979072, 40.640261000932682 ], [ -73.979079, 40.640299000932643 ], [ -73.979086, 40.640339000932627 ], [ -73.979093, 40.640379000932668 ], [ -73.9791, 40.640420000932671 ], [ -73.979106, 40.640461000932675 ], [ -73.979112, 40.640503000932718 ], [ -73.979118, 40.64054600093263 ], [ -73.979123, 40.640590000932626 ], [ -73.979129, 40.640634000932629 ], [ -73.979134, 40.640679000932636 ], [ -73.979138, 40.640725000932633 ], [ -73.979143, 40.640772000932621 ], [ -73.979147, 40.640819000932687 ], [ -73.979204, 40.641369000932663 ], [ -73.979208, 40.641416000932672 ], [ -73.979213, 40.641463000932674 ], [ -73.979218, 40.641510000932662 ], [ -73.979224, 40.641558000932619 ], [ -73.97923, 40.641607000932673 ], [ -73.979236, 40.641656000932677 ], [ -73.979243, 40.641705000932653 ], [ -73.979251, 40.641755000932662 ], [ -73.979259, 40.641806000932633 ], [ -73.979267, 40.641857000932674 ], [ -73.979276, 40.641908000932666 ], [ -73.979285, 40.641960000932656 ], [ -73.979294, 40.6420130009327 ], [ -73.979304, 40.642066000932687 ], [ -73.979314, 40.642120000932636 ], [ -73.979666631999976, 40.643981007932666 ] ] ] } },
    { "type": "Feature", "properties": { "Division": "IND", "Line": "Prospect Park", "route_id": "F", "color": "#FF6319" }, "geometry": { "type": "MultiLineString", "coordinates": [ [ [ -73.979666631999976, 40.643981007932666 ], [ -73.979678, 40.644041000932681 ], [ -73.979931, 40.645397000932697 ], [ -73.979966, 40.645613000932656 ], [ -73.979985, 40.645822000932696 ], [ -73.979986, 40.646022000932724 ], [ -73.979969, 40.646215000932678 ], [ -73.979936, 40.646400000932665 ], [ -73.979886, 40.64657700093268 ], [ -73.979818, 40.646746000932687 ], [ -73.979733, 40.6469070009327 ], [ -73.979632, 40.647060000932719 ], [ -73.979513, 40.647205000932672 ], [ -73.979376, 40.647342000932646 ], [ -73.979223, 40.647471000932697 ], [ -73.979052, 40.647593000932673 ], [ -73.978865, 40.647706000932658 ], [ -73.97866, 40.6478130009327 ], [ -73.977306, 40.64834900093269 ], [ -73.977113, 40.648437000932717 ], [ -73.976933, 40.648536000932694 ], [ -73.976767, 40.648646000932693 ], [ -73.976613, 40.648766000932717 ], [ -73.976473, 40.648897000932664 ], [ -73.976345, 40.649038000932713 ], [ -73.976231, 40.649190000932691 ], [ -73.976129, 40.64935200093273 ], [ -73.97604, 40.649525000932691 ], [ -73.975964, 40.649708000932677 ], [ -73.975901, 40.649902000932698 ], [ -73.975851, 40.650106000932702 ], [ -73.975814, 40.650320000932716 ], [ -73.975789, 40.650546000932742 ], [ -73.975776, 40.650782000932701 ], [ -73.97578, 40.650865000932704 ], [ -73.975785, 40.650950000932752 ], [ -73.97579, 40.651038000932687 ], [ -73.975797, 40.651128000932701 ], [ -73.975806, 40.651221000932729 ], [ -73.975815, 40.651317000932728 ], [ -73.975825, 40.651415000932701 ], [ -73.975837, 40.651516000932723 ], [ -73.97585, 40.651619000932691 ], [ -73.975863, 40.651724000932752 ], [ -73.975878, 40.651833000932726 ], [ -73.975894, 40.651943000932718 ], [ -73.975911, 40.652057000932736 ], [ -73.97593, 40.65217300093272 ], [ -73.975951, 40.652292000932718 ], [ -73.976441, 40.654895000932754 ], [ -73.976464, 40.655008000932732 ], [ -73.976491, 40.655117000932741 ], [ -73.976525, 40.65522200093271 ], [ -73.976565, 40.655324000932744 ], [ -73.976611, 40.655422000932717 ], [ -73.976664, 40.655517000932704 ], [ -73.976722, 40.655609000932706 ], [ -73.976787, 40.655696000932714 ], [ -73.976858, 40.655781000932727 ], [ -73.976935, 40.655862000932778 ], [ -73.977018, 40.655939000932747 ], [ -73.977108, 40.656013000932724 ], [ -73.977203, 40.656084000932758 ], [ -73.977305, 40.656151000932773 ], [ -73.977414, 40.656215000932711 ], [ -73.979648, 40.65752300093272 ], [ -73.979786, 40.657608000932733 ], [ -73.979912, 40.657695000932733 ], [ -73.980024, 40.657784000932736 ], [ -73.980122, 40.657876000932731 ], [ -73.980208, 40.657970000932735 ], [ -73.980281, 40.658066000932784 ], [ -73.98034, 40.658165000932748 ], [ -73.980386, 40.658266000932691 ], [ -73.98042, 40.65836900093273 ], [ -73.98044, 40.658475000932782 ], [ -73.980446, 40.658583000932772 ], [ -73.98044, 40.658693000932729 ], [ -73.98042, 40.658806000932728 ], [ -73.980388, 40.658921000932779 ], [ -73.980342, 40.659039000932758 ], [ -73.980298, 40.659124000932771 ], [ -73.980252, 40.659210000932724 ], [ -73.980204, 40.659296000932706 ], [ -73.980155, 40.659382000932752 ], [ -73.980104, 40.659469000932738 ], [ -73.980051, 40.659557000932757 ], [ -73.979996, 40.659645000932763 ], [ -73.97994, 40.659733000932789 ], [ -73.979881, 40.659822000932785 ], [ -73.979821, 40.659912000932792 ], [ -73.97976, 40.660002000932792 ], [ -73.979696, 40.660092000932778 ], [ -73.979631, 40.660183000932804 ], [ -73.979564, 40.660274000932795 ], [ -73.979493, 40.660365000932778 ], [ -73.977329, 40.663046000932788 ], [ -73.977197, 40.663205000932791 ], [ -73.977094, 40.663364000932773 ], [ -73.977015, 40.66351900093278 ], [ -73.976959, 40.663671000932794 ], [ -73.976928, 40.663820000932745 ], [ -73.976921, 40.663966000932803 ], [ -73.976938, 40.664108000932785 ], [ -73.976978, 40.664247000932761 ], [ -73.977043, 40.66438300093278 ], [ -73.977132, 40.664515000932766 ], [ -73.977245, 40.664645000932786 ], [ -73.977382, 40.664771000932753 ], [ -73.977544, 40.664893000932807 ], [ -73.977729, 40.665013000932781 ], [ -73.977941, 40.665130000932749 ], [ -73.980305, 40.666271000932795 ], [ -73.982712, 40.667436000932788 ], [ -73.982761, 40.667459000932794 ], [ -73.982809, 40.6674820009328 ], [ -73.982856, 40.667505000932806 ], [ -73.982902, 40.6675270009328 ], [ -73.982948, 40.667549000932802 ], [ -73.982993, 40.667571000932789 ], [ -73.983037, 40.667593000932811 ], [ -73.983081, 40.667615000932813 ], [ -73.983123, 40.667636000932823 ], [ -73.983166, 40.66765700093282 ], [ -73.983207, 40.667678000932817 ], [ -73.983248, 40.667699000932764 ], [ -73.983287, 40.667720000932768 ], [ -73.983327, 40.667740000932774 ], [ -73.983365, 40.667760000932759 ], [ -73.985354, 40.66876600093282 ], [ -73.985451, 40.668808000932827 ], [ -73.985549, 40.668847000932779 ], [ -73.985647, 40.668884000932792 ], [ -73.985745, 40.668919000932796 ], [ -73.985843, 40.668952000932784 ], [ -73.985942, 40.668982000932779 ], [ -73.986041, 40.669011000932827 ], [ -73.986139, 40.669037000932803 ], [ -73.986238, 40.669061000932807 ], [ -73.986338, 40.669083000932794 ], [ -73.986437, 40.66910200093281 ], [ -73.986537, 40.669120000932836 ], [ -73.986636, 40.669135000932798 ], [ -73.986736, 40.669148000932807 ], [ -73.986836, 40.669160000932798 ], [ -73.986944, 40.669177000932791 ], [ -73.987053, 40.669197000932797 ], [ -73.987162, 40.669218000932787 ], [ -73.987271, 40.669242000932783 ], [ -73.98738, 40.669268000932803 ], [ -73.987489, 40.669295000932784 ], [ -73.987598, 40.66932500093283 ], [ -73.987708, 40.669357000932806 ], [ -73.987817, 40.669391000932819 ], [ -73.987926, 40.669427000932778 ], [ -73.988035, 40.6694660009328 ], [ -73.988144, 40.669506000932827 ], [ -73.988253, 40.669548000932849 ], [ -73.988362, 40.669593000932835 ], [ -73.98847, 40.669639000932818 ], [ -73.989779, 40.670272000932812 ], [ -73.992891, 40.671773000932781 ], [ -73.992925, 40.671791000932785 ], [ -73.992958, 40.671808000932813 ], [ -73.992991, 40.671826000932825 ], [ -73.993023, 40.671843000932853 ], [ -73.993056, 40.671860000932789 ], [ -73.993087, 40.671877000932803 ], [ -73.993119, 40.671894000932831 ], [ -73.993149, 40.671910000932805 ], [ -73.99318, 40.671927000932797 ], [ -73.99321, 40.671943000932806 ], [ -73.99324, 40.67195900093283 ], [ -73.993269, 40.671976000932787 ], [ -73.993298, 40.671992000932818 ], [ -73.993326, 40.67200700093283 ], [ -73.993354, 40.672023000932775 ], [ -73.995224, 40.673105000932843 ], [ -73.995278, 40.673136000932821 ], [ -73.995331, 40.673167000932814 ], [ -73.995383, 40.673198000932842 ], [ -73.995434, 40.673229000932835 ], [ -73.995485, 40.673260000932807 ], [ -73.995536, 40.673292000932825 ], [ -73.995585, 40.673323000932818 ], [ -73.995634, 40.673355000932858 ], [ -73.995683, 40.673387000932813 ], [ -73.99573, 40.673418000932791 ], [ -73.995777, 40.673450000932824 ], [ -73.995824, 40.673482000932815 ], [ -73.99587, 40.673514000932819 ], [ -73.995915, 40.6735470009328 ], [ -73.995959, 40.673580000932851 ], [ -73.996031, 40.673631000932829 ], [ -73.996103, 40.673684000932781 ], [ -73.996176, 40.673738000932858 ], [ -73.996248, 40.673793000932804 ], [ -73.99632, 40.673849000932861 ], [ -73.996391, 40.673906000932803 ], [ -73.996462, 40.673964000932841 ], [ -73.996533, 40.67402400093281 ], [ -73.996604, 40.674085000932827 ], [ -73.996675, 40.67414700093282 ], [ -73.996745, 40.674210000932852 ], [ -73.996815, 40.674274000932783 ], [ -73.996884, 40.674340000932816 ], [ -73.996954, 40.674406000932798 ], [ -73.997022, 40.674474000932811 ], [ -73.997086, 40.67454700093284 ], [ -73.997146, 40.674622000932828 ], [ -73.9972, 40.674699000932804 ], [ -73.99725, 40.674778000932839 ], [ -73.997294, 40.674859000932805 ], [ -73.997333, 40.674941000932819 ], [ -73.997367, 40.675025000932855 ], [ -73.997396, 40.675111000932844 ], [ -73.997419, 40.675199000932864 ], [ -73.997438, 40.675288000932845 ], [ -73.997451, 40.675379000932857 ], [ -73.997459, 40.675472000932849 ], [ -73.997462, 40.675567000932837 ], [ -73.99746, 40.675663000932822 ], [ -73.997454, 40.675760000932804 ], [ -73.997447, 40.675805000932783 ], [ -73.997437, 40.675850000932776 ], [ -73.997427, 40.675896000932866 ], [ -73.997415, 40.675941000932866 ], [ -73.997403, 40.675986000932852 ], [ -73.997389, 40.676031000932866 ], [ -73.997375, 40.676076000932866 ], [ -73.997359, 40.676122000932857 ], [ -73.997343, 40.676167000932836 ], [ -73.997325, 40.676212000932864 ], [ -73.997306, 40.676257000932857 ], [ -73.997287, 40.676302000932871 ], [ -73.997266, 40.676348000932833 ], [ -73.997245, 40.676393000932862 ], [ -73.997223, 40.676438000932848 ], [ -73.996262, 40.678436000932834 ], [ -73.996182, 40.678593000932842 ], [ -73.9961, 40.678744000932859 ], [ -73.996019, 40.678890000932881 ], [ -73.995937, 40.679032000932857 ], [ -73.995856, 40.679169000932859 ], [ -73.995775, 40.679303000932869 ], [ -73.995694, 40.679431000932873 ], [ -73.995612, 40.679556000932863 ], [ -73.995532, 40.679676000932801 ], [ -73.995451, 40.679791000932852 ], [ -73.99537, 40.679902000932827 ], [ -73.995289, 40.680009000932841 ], [ -73.995209, 40.680111000932868 ], [ -73.995128, 40.680209000932841 ], [ -73.995048, 40.680303000932845 ], [ -73.994454, 40.680903000932879 ], [ -73.994403, 40.680967000932853 ], [ -73.994353, 40.681033000932871 ], [ -73.994302, 40.681099000932889 ], [ -73.994252, 40.68116600093289 ], [ -73.994202, 40.681234000932903 ], [ -73.994151, 40.681302000932895 ], [ -73.994101, 40.681371000932884 ], [ -73.994051, 40.681441000932871 ], [ -73.994001, 40.681511000932865 ], [ -73.993951, 40.681583000932847 ], [ -73.993901, 40.681655000932864 ], [ -73.993851, 40.681727000932888 ], [ -73.993801, 40.681800000932867 ], [ -73.993751, 40.681874000932879 ], [ -73.993701, 40.681949000932839 ], [ -73.990862, 40.686145000932896 ], [ -73.988937, 40.688929000932859 ], [ -73.988752201999944, 40.68920211293289 ] ] ] } },
    { "type": "Feature", "properties": { "Division": "IND", "Line": "Queens", "route_id": "F", "color": "#FF6319" }, "geometry": { "type": "MultiLineString", "coordinates": [ [ [ -73.979681290665752, 40.760915952651047 ], [ -73.97962200000201, 40.76098500000645 ], [ -73.979537000001883, 40.761066000006352 ], [ -73.979448000001923, 40.761138000006518 ], [ -73.979354000001877, 40.761201000006345 ], [ -73.979255000001857, 40.761254000006481 ], [ -73.97915200000196, 40.761297000006408 ], [ -73.979044000001878, 40.761331000006457 ], [ -73.978931000001936, 40.76135600000638 ], [ -73.978814000001918, 40.761371000006392 ], [ -73.978692000001857, 40.761377000006398 ], [ -73.978566000001805, 40.761373000006436 ], [ -73.97843500000188, 40.761360000006391 ], [ -73.978299000001869, 40.761338000006532 ], [ -73.978159000002023, 40.761306000006392 ], [ -73.978014000002048, 40.761264000006378 ], [ -73.976697000001948, 40.760789000006426 ], [ -73.975224000002044, 40.760167000006426 ], [ -73.969055000001973, 40.757552000006449 ], [ -73.962705000001904, 40.754872000006351 ], [ -73.962630000001951, 40.754839000006456 ], [ -73.962555000001998, 40.754803000006355 ], [ -73.962481000001858, 40.754767000006439 ], [ -73.962407000001946, 40.754730000006305 ], [ -73.9623350000019, 40.754693000006341 ], [ -73.962264000001966, 40.754655000006387 ], [ -73.962194000002043, 40.754617000006448 ], [ -73.962124000002035, 40.754577000006492 ], [ -73.962056000002065, 40.754538000006505 ], [ -73.961989000001893, 40.75449700000641 ], [ -73.961923000002031, 40.754456000006471 ], [ -73.961857000001899, 40.754414000006527 ], [ -73.961793000001919, 40.754372000006406 ], [ -73.961729000001853, 40.754329000006393 ], [ -73.961669000002047, 40.754285000006433 ], [ -73.957251000001875, 40.751182000006359 ], [ -73.956916000001911, 40.750975000006385 ], [ -73.956583000001871, 40.750778000006399 ], [ -73.956251000001956, 40.750591000006402 ], [ -73.955920000001854, 40.750413000006361 ], [ -73.95559000000209, 40.750244000006397 ], [ -73.955261000001983, 40.750085000006493 ], [ -73.954933000001873, 40.749935000006445 ], [ -73.954605000002005, 40.749795000006415 ], [ -73.954279000001961, 40.749664000006447 ], [ -73.953954000001943, 40.749543000006348 ], [ -73.953629000001982, 40.749430000006384 ], [ -73.953305000001933, 40.749328000006273 ], [ -73.952983000001879, 40.749234000006339 ], [ -73.952661000001939, 40.749151000006449 ], [ -73.952344000001915, 40.749075000006364 ], [ -73.946000000001902, 40.747846000006426 ], [ -73.943479000002014, 40.747357000006531 ], [ -73.943338000002043, 40.747329000006459 ], [ -73.943199000001997, 40.747306000006361 ], [ -73.943063000001857, 40.747287000006374 ], [ -73.942927000001887, 40.747273000006459 ], [ -73.942794000001868, 40.747264000006453 ], [ -73.942663000001986, 40.747259000006359 ], [ -73.94253300000193, 40.747258000006518 ], [ -73.942405000002026, 40.747263000006349 ], [ -73.942279000001975, 40.747272000006355 ], [ -73.942155000001904, 40.747285000006421 ], [ -73.942033000001985, 40.747303000006454 ], [ -73.941913000001975, 40.747326000006488 ], [ -73.941794000001991, 40.747353000006385 ], [ -73.941678000002042, 40.747385000006489 ], [ -73.941563000001921, 40.747421000006462 ], [ -73.939780000001861, 40.748061000006452 ], [ -73.937243000001786, 40.748973000006458 ], [ -73.937170000001927, 40.748999000006442 ], [ -73.937099000001908, 40.74902500000649 ], [ -73.937030000001855, 40.749054000006375 ], [ -73.936963000002009, 40.749083000006486 ], [ -73.936897000001878, 40.749114000006422 ], [ -73.936834000002008, 40.749146000006391 ], [ -73.936772000001937, 40.749180000006547 ], [ -73.936712000002075, 40.749215000006345 ], [ -73.936655000001906, 40.749251000006346 ], [ -73.936599000002062, 40.749288000006388 ], [ -73.936544000001945, 40.749327000006481 ], [ -73.936492000001962, 40.749367000006409 ], [ -73.936442000001932, 40.749408000006376 ], [ -73.936394000001968, 40.749451000006339 ], [ -73.936347000001902, 40.749495000006384 ], [ -73.935094000001925, 40.75066000000642 ], [ -73.934913000001814, 40.75082600000642 ], [ -73.934726000001945, 40.750981000006512 ], [ -73.934532000001823, 40.75112500000651 ], [ -73.934331000001876, 40.751258000006509 ], [ -73.934308309999949, 40.75127124593326 ], [ -73.934307109437768, 40.751271945736583 ], [ -73.934121999999888, 40.751380000933196 ], [ -73.933904999999811, 40.751491000933171 ], [ -73.933682, 40.751591000933253 ], [ -73.933451, 40.751680000933227 ], [ -73.933212, 40.751758000933258 ], [ -73.932966, 40.751824000933233 ], [ -73.932713, 40.751880000933156 ], [ -73.93245199999987, 40.751924000933215 ], [ -73.932183999999836, 40.751957000933231 ], [ -73.931907999999865, 40.751979000933211 ], [ -73.931626999999835, 40.751990000933169 ], [ -73.928780999999873, 40.75203900093323 ], [ -73.926562999999859, 40.752074000933206 ], [ -73.92645, 40.752078000933174 ], [ -73.926339, 40.75208300093319 ], [ -73.926229, 40.752090000933272 ], [ -73.92612, 40.752098000933231 ], [ -73.926010999999832, 40.752108000933269 ], [ -73.925903, 40.752119000933178 ], [ -73.925796, 40.752132000933223 ], [ -73.925689999999847, 40.75214600093318 ], [ -73.925584999999856, 40.752162000933176 ], [ -73.925479999999823, 40.752179000933211 ], [ -73.925375999999886, 40.752197000933243 ], [ -73.925273, 40.752217000933207 ], [ -73.925171, 40.752239000933173 ], [ -73.92507, 40.752262000933165 ], [ -73.924968, 40.752285000933163 ], [ -73.918733999999844, 40.753651000933232 ], [ -73.918510999999882, 40.753697000933236 ], [ -73.918288, 40.753737000933207 ], [ -73.918064, 40.753771000933185 ], [ -73.91783999999987, 40.753799000933228 ], [ -73.917613999999816, 40.753821000933229 ], [ -73.917387999999832, 40.753837000933203 ], [ -73.91716, 40.753847000933305 ], [ -73.916932, 40.753852000933236 ], [ -73.916701999999887, 40.753850000933227 ], [ -73.916471999999871, 40.75384300093323 ], [ -73.916241, 40.75383000093327 ], [ -73.916008999999875, 40.753811000933247 ], [ -73.915775999999809, 40.75378600093326 ], [ -73.915542, 40.753755000933246 ], [ -73.915309, 40.753719000933231 ], [ -73.911536999999825, 40.753079000933219 ], [ -73.91142, 40.753066000933252 ], [ -73.911304, 40.753054000933247 ], [ -73.911187, 40.753044000933208 ], [ -73.911071999999876, 40.753035000933245 ], [ -73.910956999999897, 40.753027000933223 ], [ -73.910843999999884, 40.753022000933235 ], [ -73.91072999999983, 40.753017000933248 ], [ -73.910617999999886, 40.753015000933203 ], [ -73.910506, 40.753014000933241 ], [ -73.910395, 40.753014000933213 ], [ -73.910284999999874, 40.753017000933205 ], [ -73.910175, 40.753020000933198 ], [ -73.910065999999844, 40.753026000933197 ], [ -73.909957999999889, 40.753033000933257 ], [ -73.909852, 40.753041000933266 ], [ -73.908257, 40.75320800093327 ], [ -73.908091999999812, 40.753220000933261 ], [ -73.907928, 40.753226000933239 ], [ -73.907767, 40.753228000933227 ], [ -73.907608999999894, 40.753225000933213 ], [ -73.907452, 40.753218000933231 ], [ -73.907297999999884, 40.753205000933221 ], [ -73.907145, 40.753188000933257 ], [ -73.906994999999867, 40.753167000933288 ], [ -73.906847, 40.753140000933222 ], [ -73.906702, 40.753109000933215 ], [ -73.906558, 40.753074000933218 ], [ -73.906416999999848, 40.753033000933222 ], [ -73.906278, 40.752988000933264 ], [ -73.906141, 40.752938000933185 ], [ -73.906006, 40.752885000933254 ], [ -73.898452999999876, 40.749669000933174 ], [ -73.891337999999877, 40.746644000933266 ], [ -73.885149, 40.744006000933176 ], [ -73.885104, 40.743987000933217 ], [ -73.885059, 40.743967000933182 ], [ -73.885014999999839, 40.743948000933145 ], [ -73.884971, 40.743928000933224 ], [ -73.884928, 40.743909000933158 ], [ -73.884885, 40.743890000933256 ], [ -73.884843, 40.74387100093319 ], [ -73.884801, 40.743851000933176 ], [ -73.88476, 40.74383200093316 ], [ -73.884719, 40.743813000933208 ], [ -73.884679, 40.743794000933121 ], [ -73.884638999999822, 40.743775000933184 ], [ -73.8846, 40.743756000933224 ], [ -73.884561, 40.743737000933216 ], [ -73.884522999999874, 40.743718000933214 ], [ -73.882917, 40.742933000933199 ], [ -73.882845999999873, 40.742897000933155 ], [ -73.882775, 40.742862000933229 ], [ -73.882705999999885, 40.742827000933168 ], [ -73.882638999999841, 40.742792000933171 ], [ -73.882574, 40.742759000933134 ], [ -73.88251, 40.742726000933203 ], [ -73.882448, 40.742693000933201 ], [ -73.882387999999864, 40.742661000933197 ], [ -73.882329999999882, 40.74263000093319 ], [ -73.882272999999813, 40.742599000933133 ], [ -73.882217999999867, 40.742569000933187 ], [ -73.882165, 40.742539000933192 ], [ -73.882114, 40.742510000933166 ], [ -73.882063999999858, 40.74248200093318 ], [ -73.882017, 40.742454000933193 ], [ -73.881944999999874, 40.742415000933185 ], [ -73.881874, 40.742376000933184 ], [ -73.881803, 40.742337000933226 ], [ -73.881731999999772, 40.742296000933152 ], [ -73.881662, 40.742256000933217 ], [ -73.881592, 40.742215000933143 ], [ -73.881523, 40.742173000933171 ], [ -73.881452999999865, 40.742131000933171 ], [ -73.881383999999855, 40.742088000933215 ], [ -73.881316, 40.742045000933174 ], [ -73.881247, 40.742001000933165 ], [ -73.881179, 40.741957000933212 ], [ -73.881112, 40.741913000933224 ], [ -73.881044, 40.74186800093316 ], [ -73.880977, 40.741822000933212 ], [ -73.879422, 40.740665000933184 ], [ -73.879357, 40.740614000933171 ], [ -73.879295, 40.740561000933234 ], [ -73.879234999999866, 40.740506000933173 ], [ -73.879175, 40.740449000933182 ], [ -73.879117, 40.740389000933142 ], [ -73.879059999999825, 40.740326000933173 ], [ -73.879003999999895, 40.740261000933124 ], [ -73.87895, 40.740194000933172 ], [ -73.878896999999853, 40.74012400093315 ], [ -73.87884499999987, 40.740052000933183 ], [ -73.878794, 40.739977000933131 ], [ -73.878743999999884, 40.739900000933169 ], [ -73.878695999999849, 40.739821000933155 ], [ -73.878648999999896, 40.73973900093312 ], [ -73.878602, 40.739655000933141 ], [ -73.877223, 40.737015000933148 ], [ -73.877055, 40.736710000933122 ], [ -73.876951, 40.73651400093317 ], [ -73.876834, 40.736327000933137 ], [ -73.876705, 40.736148000933127 ], [ -73.876561999999893, 40.735976000933135 ], [ -73.876405, 40.735812000933123 ], [ -73.876235999999892, 40.735655000933193 ], [ -73.876053999999783, 40.735507000933126 ], [ -73.875858999999849, 40.735365000933143 ], [ -73.875649999999823, 40.735232000933117 ], [ -73.875429, 40.735106000933094 ], [ -73.87519399999978, 40.734988000933107 ], [ -73.874947, 40.734877000933132 ], [ -73.874685999999755, 40.734775000933126 ], [ -73.874411999999893, 40.734679000933134 ], [ -73.874125999999833, 40.734593000933124 ], [ -73.870922999999848, 40.733648000933172 ], [ -73.870805, 40.733614000933144 ], [ -73.870688, 40.733579000933148 ], [ -73.870571, 40.733544000933158 ], [ -73.87045399999981, 40.733509000933118 ], [ -73.870339, 40.733473000933174 ], [ -73.870224, 40.733437000933115 ], [ -73.870110999999852, 40.733401000933164 ], [ -73.869997999999882, 40.733365000933162 ], [ -73.869884999999854, 40.733328000933128 ], [ -73.869774, 40.73329200093314 ], [ -73.869662999999846, 40.733255000933148 ], [ -73.869553999999823, 40.733218000933135 ], [ -73.869444999999871, 40.733181000933129 ], [ -73.869336, 40.733144000933116 ], [ -73.869228999999848, 40.733106000933162 ], [ -73.869061999999829, 40.733041000933113 ], [ -73.868897999999831, 40.732975000933131 ], [ -73.868736999999854, 40.732909000933105 ], [ -73.868579, 40.73284200093314 ], [ -73.868425, 40.732774000933141 ], [ -73.868274, 40.732706000933163 ], [ -73.868126999999831, 40.732638000933186 ], [ -73.867983999999865, 40.732568000933121 ], [ -73.867843, 40.732499000933146 ], [ -73.867707, 40.732429000933102 ], [ -73.867573, 40.73235800093309 ], [ -73.867444, 40.732287000933127 ], [ -73.867316999999872, 40.732215000933103 ], [ -73.867193999999856, 40.732143000933128 ], [ -73.867073, 40.732070000933156 ], [ -73.866945, 40.731991000933121 ], [ -73.866811999999896, 40.731914000933131 ], [ -73.866676, 40.731838000933109 ], [ -73.866535, 40.731763000933149 ], [ -73.86639, 40.731688000933133 ], [ -73.866240999999889, 40.731614000933071 ], [ -73.866086999999851, 40.731541000933099 ], [ -73.865929999999807, 40.73146900093316 ], [ -73.865767999999861, 40.731397000933107 ], [ -73.865601999999853, 40.731327000933156 ], [ -73.865430999999788, 40.731257000933105 ], [ -73.865257, 40.731187000933097 ], [ -73.865078, 40.731119000933134 ], [ -73.864894999999805, 40.731051000933114 ], [ -73.86471, 40.73098500093311 ], [ -73.861604, 40.729846000933108 ], [ -73.854378, 40.727216000933083 ], [ -73.854281999999813, 40.727179000933077 ], [ -73.854184, 40.727142000933142 ], [ -73.854084999999813, 40.727103000933091 ], [ -73.853982999999886, 40.72706200093306 ], [ -73.853879, 40.727021000933064 ], [ -73.85377299999989, 40.726977000933118 ], [ -73.853665, 40.726933000933059 ], [ -73.853554, 40.726887000933083 ], [ -73.853441999999788, 40.72683900093309 ], [ -73.853326999999851, 40.726790000933079 ], [ -73.853209999999805, 40.726740000933077 ], [ -73.853090999999893, 40.726688000933102 ], [ -73.852968999999874, 40.726635000933086 ], [ -73.852845999999801, 40.72658000093309 ], [ -73.852719, 40.726523000933064 ], [ -73.852537999999868, 40.726443000933081 ], [ -73.852358999999865, 40.726358000933061 ], [ -73.852184999999892, 40.72627100093311 ], [ -73.852015, 40.726181000933138 ], [ -73.851848999999874, 40.726090000933112 ], [ -73.851688, 40.725995000933139 ], [ -73.85153, 40.725899000933069 ], [ -73.851376999999843, 40.725800000933042 ], [ -73.851227999999807, 40.725699000933098 ], [ -73.851083, 40.725596000933102 ], [ -73.850941999999847, 40.725490000933092 ], [ -73.850805, 40.725382000933038 ], [ -73.850672999999844, 40.725272000933145 ], [ -73.850544, 40.725159000933076 ], [ -73.850417999999848, 40.7250450009331 ], [ -73.850251999999827, 40.724889000933082 ], [ -73.850084, 40.724735000933144 ], [ -73.849912, 40.724584000933071 ], [ -73.84973599999978, 40.724436000933053 ], [ -73.849555999999879, 40.724292000933133 ], [ -73.849371999999832, 40.724151000933077 ], [ -73.849184, 40.724013000933112 ], [ -73.848992999999794, 40.723878000933126 ], [ -73.848796999999848, 40.723747000933116 ], [ -73.848598, 40.723618000933094 ], [ -73.848393999999885, 40.723493000933111 ], [ -73.848186999999896, 40.723371000933049 ], [ -73.847975, 40.723253000933092 ], [ -73.84776, 40.7231370009331 ], [ -73.847541, 40.723026000933096 ], [ -73.844521, 40.721691000933077 ], [ -73.841420999999869, 40.720314000933058 ], [ -73.841329, 40.720274000933088 ], [ -73.841237, 40.720234000933068 ], [ -73.841145999999881, 40.720194000933077 ], [ -73.841054999999869, 40.720153000933024 ], [ -73.840965, 40.720112000933092 ], [ -73.840875, 40.720070000933084 ], [ -73.840786, 40.720028000933056 ], [ -73.840697, 40.719986000933048 ], [ -73.840608, 40.719943000933071 ], [ -73.840519999999856, 40.719900000933073 ], [ -73.840432, 40.719857000933061 ], [ -73.840345, 40.719813000933037 ], [ -73.840258, 40.719769000933027 ], [ -73.840171, 40.719725000933053 ], [ -73.840085, 40.719680000933089 ], [ -73.837324, 40.718331000933013 ], [ -73.835753, 40.717531000933086 ], [ -73.835607, 40.717453000933034 ], [ -73.835461999999893, 40.717374000933113 ], [ -73.835318, 40.717294000933016 ], [ -73.835175999999862, 40.717213000933093 ], [ -73.835034999999792, 40.717130000933039 ], [ -73.834894999999833, 40.717046000933053 ], [ -73.834755999999842, 40.716961000933011 ], [ -73.834618, 40.716875000933108 ], [ -73.834482, 40.716787000933074 ], [ -73.83434699999988, 40.716698000933079 ], [ -73.834213, 40.716608000933043 ], [ -73.834081, 40.716517000933067 ], [ -73.83395, 40.716425000933057 ], [ -73.83382, 40.716331000933003 ], [ -73.83368899999985, 40.71623700093307 ], [ -73.833445999999867, 40.716050000933016 ], [ -73.833291, 40.715936000933063 ], [ -73.833137999999863, 40.715821000933055 ], [ -73.832983, 40.715708000933034 ], [ -73.832827, 40.71559600093304 ], [ -73.832668999999825, 40.71548500093305 ], [ -73.832509999999843, 40.715375000933051 ], [ -73.832349, 40.715267000933075 ], [ -73.832187, 40.71515900093307 ], [ -73.832022999999808, 40.715053000933096 ], [ -73.831858, 40.714948000933028 ], [ -73.831691, 40.714844000933049 ], [ -73.831523, 40.714741000933046 ], [ -73.831353, 40.714639000932991 ], [ -73.831182, 40.714539000933058 ], [ -73.831008, 40.714441000933064 ], [ -73.828344, 40.713129000933009 ], [ -73.82826899999985, 40.71309300093305 ], [ -73.828190999999876, 40.713058000933067 ], [ -73.828112999999874, 40.713023000933028 ], [ -73.828033, 40.712988000933031 ], [ -73.827952999999894, 40.712953000933041 ], [ -73.82787099999986, 40.712918000933037 ], [ -73.82778799999987, 40.712884000933016 ], [ -73.827704, 40.712850000933045 ], [ -73.827619, 40.71281600093306 ], [ -73.827531999999863, 40.712782000933061 ], [ -73.827444999999841, 40.712749000932995 ], [ -73.827356, 40.712716000933042 ], [ -73.827266999999836, 40.712682000932972 ], [ -73.827175999999895, 40.712650000933003 ], [ -73.827082999999845, 40.712617000933051 ], [ -73.822472999999761, 40.710847000933015 ], [ -73.822317999999854, 40.71078700093301 ], [ -73.822167, 40.710724000932984 ], [ -73.822023999999814, 40.710658000933051 ], [ -73.821886999999819, 40.710588000933001 ], [ -73.821757, 40.710516000932977 ], [ -73.821633999999833, 40.710440000933019 ], [ -73.821518, 40.710362000933031 ], [ -73.821408, 40.710280000933047 ], [ -73.821305, 40.710195000933012 ], [ -73.82121, 40.710107000933064 ], [ -73.821121, 40.710015000933019 ], [ -73.821038999999871, 40.709921000933015 ], [ -73.820963, 40.709823000932978 ], [ -73.820894999999865, 40.709723000933039 ], [ -73.820831999999811, 40.709619000932946 ], [ -73.820574, 40.709179000933041 ], [ -73.819478999999887, 40.707304000933071 ], [ -73.81838, 40.705560000933005 ], [ -73.818196, 40.705321000932969 ], [ -73.817996, 40.705107000932976 ], [ -73.817786, 40.704916000932982 ], [ -73.817565, 40.704748000933016 ], [ -73.817333, 40.704603000933005 ], [ -73.817089999999865, 40.704481000932965 ], [ -73.816836, 40.704382000932981 ], [ -73.816570999999897, 40.704306000932959 ], [ -73.816296, 40.70425200093301 ], [ -73.816009, 40.704221000932982 ], [ -73.815712, 40.704214000932964 ], [ -73.815402999999876, 40.704229000933005 ], [ -73.815084, 40.704267000932965 ], [ -73.814753999999837, 40.704327000932963 ], [ -73.814414, 40.704413000933009 ], [ -73.810708, 40.705460000932987 ], [ -73.803325999999842, 40.707564000933004 ], [ -73.79561099999988, 40.709755000933029 ], [ -73.795555999999891, 40.709770000933034 ], [ -73.795499, 40.709786000933029 ], [ -73.795443, 40.709802000933017 ], [ -73.795385999999894, 40.709819000932981 ], [ -73.795328999999882, 40.709836000933024 ], [ -73.795271999999883, 40.709854000933028 ], [ -73.795214999999857, 40.709872000933004 ], [ -73.795156999999833, 40.709890000932994 ], [ -73.795099, 40.709909000932974 ], [ -73.795042, 40.709929000933023 ], [ -73.794982999999831, 40.709949000933022 ], [ -73.794924999999878, 40.709970000932998 ], [ -73.794867, 40.70999100093303 ], [ -73.794808, 40.710012000933034 ], [ -73.79474899999984, 40.710034000933064 ], [ -73.793603999999846, 40.710470000933043 ], [ -73.790827999999863, 40.711493000933061 ], [ -73.790661, 40.711555000933032 ], [ -73.790491, 40.711613000933063 ], [ -73.790316999999817, 40.711666000933029 ], [ -73.790139999999838, 40.711716000933087 ], [ -73.789961, 40.711762000933007 ], [ -73.789777999999842, 40.711803000933052 ], [ -73.789590999999817, 40.71184100093307 ], [ -73.789402, 40.711874000933065 ], [ -73.789208999999857, 40.711904000933075 ], [ -73.789013999999796, 40.711929000932976 ], [ -73.788814999999815, 40.711950000933086 ], [ -73.788611999999858, 40.711967000933029 ], [ -73.788407, 40.711980000933011 ], [ -73.78819899999985, 40.711989000933066 ], [ -73.787989999999795, 40.711994000933053 ], [ -73.786515, 40.712102000933015 ], [ -73.786429, 40.712110000933023 ], [ -73.786343, 40.712119000933029 ], [ -73.786256999999793, 40.71213000093298 ], [ -73.786171999999894, 40.712141000933023 ], [ -73.786087, 40.712152000933024 ], [ -73.786002999999809, 40.712164000933029 ], [ -73.785919, 40.712177000933046 ], [ -73.785834999999764, 40.712191000933061 ], [ -73.785752999999787, 40.712205000932997 ], [ -73.78567, 40.712220000933023 ], [ -73.785587999999862, 40.712236000933075 ], [ -73.785506999999839, 40.712252000932992 ], [ -73.785426, 40.712269000933006 ], [ -73.785345999999862, 40.712287000933074 ], [ -73.785267, 40.712305000933036 ], [ -73.783816999999843, 40.712646000933042 ] ] ] } },
    { "type": "Feature", "properties": { "Division": "BMT", "Line": "Franklin Shuttle", "route_id": "FS", "color": "#7C858C" }, "geometry": { "type": "MultiLineString", "coordinates": [ [ [ -73.962246, 40.661614000932758 ], [ -73.962258, 40.661724000932772 ], [ -73.962265, 40.661837000932763 ], [ -73.962267, 40.661951000932753 ], [ -73.962262, 40.662068000932756 ], [ -73.962251, 40.662187000932803 ], [ -73.962233, 40.662308000932782 ], [ -73.962209, 40.662431000932763 ], [ -73.962179, 40.66255600093276 ], [ -73.962143, 40.662683000932802 ], [ -73.9621, 40.662811000932741 ], [ -73.962051, 40.662942000932759 ], [ -73.961996, 40.663075000932757 ], [ -73.961935, 40.663210000932764 ], [ -73.961867, 40.663347000932788 ], [ -73.961791, 40.663485000932745 ], [ -73.961509, 40.664126000932797 ], [ -73.96114, 40.665142000932775 ], [ -73.959245, 40.670343000932824 ], [ -73.957624, 40.674772000932848 ], [ -73.955943, 40.679434000932851 ], [ -73.955932, 40.679470000932845 ], [ -73.955922, 40.679507000932858 ], [ -73.955913, 40.679543000932902 ], [ -73.955904, 40.679580000932859 ], [ -73.955896, 40.679617000932858 ], [ -73.955888, 40.679654000932835 ], [ -73.955881, 40.679691000932856 ], [ -73.955875, 40.679728000932869 ], [ -73.955869, 40.679765000932846 ], [ -73.955864, 40.679802000932838 ], [ -73.95586, 40.679839000932873 ], [ -73.955856, 40.679876000932836 ], [ -73.955853, 40.679914000932847 ], [ -73.955851, 40.679951000932874 ], [ -73.955849, 40.679989000932828 ], [ -73.955827, 40.680596000932852 ] ] ] } },
    { "type": "Feature", "properties": { "Division": "IND", "Line": "Crosstown", "route_id": "G", "color": "#6CBE45" }, "geometry": { "type": "MultiLineString", "coordinates": [ [ [ -73.988715522999939, 40.689182175932892 ], [ -73.988696, 40.689201000932862 ], [ -73.988607, 40.68927200093291 ], [ -73.988514, 40.689333000932891 ], [ -73.988418, 40.68938400093294 ], [ -73.988318, 40.689426000932883 ], [ -73.988213, 40.689458000932902 ], [ -73.988105, 40.68948000093291 ], [ -73.987993, 40.689492000932873 ], [ -73.987877, 40.689495000932908 ], [ -73.987757, 40.689488000932897 ], [ -73.987633, 40.689471000932869 ], [ -73.987506, 40.689444000932887 ], [ -73.987376, 40.689409000932919 ], [ -73.987310711999953, 40.68938357293289 ], [ -73.985001, 40.688484000932917 ], [ -73.98405, 40.688112000932882 ], [ -73.983976, 40.688084000932911 ], [ -73.983901, 40.688056000932924 ], [ -73.983827, 40.688029000932865 ], [ -73.983752, 40.68800200093289 ], [ -73.983678, 40.687975000932937 ], [ -73.983603, 40.68794800093292 ], [ -73.983528, 40.687922000932907 ], [ -73.983454, 40.687896000932909 ], [ -73.983379, 40.687870000932868 ], [ -73.983304, 40.687845000932874 ], [ -73.983229, 40.687820000932881 ], [ -73.983155, 40.687795000932908 ], [ -73.98308, 40.687771000932912 ], [ -73.983005, 40.687747000932916 ], [ -73.98293, 40.687723000932898 ], [ -73.982859, 40.6877000009329 ], [ -73.982789, 40.687676000932917 ], [ -73.982718, 40.687653000932912 ], [ -73.982648, 40.687629000932901 ], [ -73.982578, 40.687604000932922 ], [ -73.982508, 40.687580000932854 ], [ -73.982438, 40.687555000932882 ], [ -73.982368, 40.68753100093285 ], [ -73.982299, 40.68750500093288 ], [ -73.982229, 40.687480000932887 ], [ -73.98216, 40.687455000932921 ], [ -73.982091, 40.687429000932902 ], [ -73.982022, 40.68740300093291 ], [ -73.981953, 40.687376000932879 ], [ -73.981883, 40.687350000932881 ], [ -73.981306, 40.687144000932904 ], [ -73.981266, 40.687129000932863 ], [ -73.981227, 40.687114000932915 ], [ -73.981188, 40.687100000932901 ], [ -73.981149, 40.687086000932908 ], [ -73.98111, 40.687073000932891 ], [ -73.981072, 40.68706000093286 ], [ -73.981034, 40.68704800093289 ], [ -73.980996, 40.687036000932885 ], [ -73.980958, 40.687025000932884 ], [ -73.980921, 40.687014000932869 ], [ -73.980884, 40.687004000932887 ], [ -73.980847, 40.686995000932853 ], [ -73.98081, 40.686986000932883 ], [ -73.980774, 40.686977000932899 ], [ -73.980738, 40.686969000932855 ], [ -73.980336, 40.686851000932883 ], [ -73.980236, 40.68682300093289 ], [ -73.980134, 40.686800000932891 ], [ -73.98003, 40.686779000932894 ], [ -73.979924, 40.686762000932887 ], [ -73.979816, 40.686747000932868 ], [ -73.979706, 40.686735000932885 ], [ -73.979594, 40.686726000932914 ], [ -73.97948, 40.68672000093288 ], [ -73.979363, 40.686718000932878 ], [ -73.979245, 40.686718000932878 ], [ -73.979124, 40.686721000932849 ], [ -73.979002, 40.686726000932936 ], [ -73.978877, 40.686735000932892 ], [ -73.978751, 40.686747000932854 ], [ -73.978621, 40.686762000932895 ], [ -73.976828, 40.686971000932864 ], [ -73.975375, 40.687119000932896 ], [ -73.966839, 40.688089000932877 ], [ -73.96007, 40.688873000932929 ], [ -73.953522, 40.689627000932873 ], [ -73.949836, 40.690051000932897 ], [ -73.949621, 40.690103000932936 ], [ -73.949423, 40.690164000932889 ], [ -73.949242, 40.690234000932897 ], [ -73.949079, 40.690311000932915 ], [ -73.948934, 40.690397000932933 ], [ -73.948805, 40.690491000932909 ], [ -73.948695, 40.690593000932886 ], [ -73.948602, 40.690703000932913 ], [ -73.948526, 40.690821000932885 ], [ -73.948468, 40.690947000932908 ], [ -73.948427, 40.691081000932918 ], [ -73.948404, 40.691224000932891 ], [ -73.948399, 40.69137400093291 ], [ -73.948411, 40.691533000932907 ], [ -73.94844, 40.691698000932888 ], [ -73.948617, 40.692468000932948 ], [ -73.948627, 40.692511000932889 ], [ -73.948638, 40.692554000932887 ], [ -73.948648, 40.692597000932906 ], [ -73.948658, 40.692640000932911 ], [ -73.948667, 40.692683000932909 ], [ -73.948677, 40.692726000932915 ], [ -73.948686, 40.692769000932927 ], [ -73.948696, 40.692812000932918 ], [ -73.948705, 40.692855000932923 ], [ -73.948714, 40.692898000932949 ], [ -73.948722, 40.692941000932947 ], [ -73.948731, 40.692984000932931 ], [ -73.94874, 40.693027000932886 ], [ -73.948748, 40.693070000932899 ], [ -73.948756, 40.693113000932897 ], [ -73.949046, 40.694568000932939 ], [ -73.950234, 40.700377000932953 ], [ -73.950241, 40.700416000932968 ], [ -73.950247, 40.700455000932948 ], [ -73.950253, 40.700497000932948 ], [ -73.950258, 40.700539000932942 ], [ -73.950263, 40.700583000932951 ], [ -73.950267, 40.700628000932959 ], [ -73.950271, 40.700674000932949 ], [ -73.950275, 40.700722000932927 ], [ -73.950278, 40.700771000932932 ], [ -73.95028, 40.700821000932997 ], [ -73.950283, 40.700873000932958 ], [ -73.950284, 40.700926000932959 ], [ -73.950286, 40.700980000932979 ], [ -73.950287, 40.701035000932961 ], [ -73.950286, 40.701092000932995 ], [ -73.950197, 40.704918000933006 ], [ -73.950195, 40.704979000932944 ], [ -73.950193, 40.705043000932982 ], [ -73.950193, 40.705109000932985 ], [ -73.950194, 40.705177000932956 ], [ -73.950197, 40.705248000932961 ], [ -73.950202, 40.70532100093294 ], [ -73.950207, 40.705397000932997 ], [ -73.950215, 40.705475000932957 ], [ -73.950224, 40.705556000933015 ], [ -73.950234, 40.705639000932997 ], [ -73.950246, 40.705725000932965 ], [ -73.95026, 40.705813000932963 ], [ -73.950275, 40.705903000932963 ], [ -73.950291, 40.705996000932942 ], [ -73.950308, 40.706092000932998 ], [ -73.951418, 40.712792000933007 ], [ -73.952286, 40.718117000933049 ], [ -73.952295, 40.718209000933051 ], [ -73.952301, 40.718300000933034 ], [ -73.952301, 40.718391000933053 ], [ -73.952296, 40.718481000933018 ], [ -73.952285, 40.718570000933063 ], [ -73.952269, 40.718658000933047 ], [ -73.952248, 40.718746000933074 ], [ -73.952221, 40.718834000933079 ], [ -73.952188, 40.718920000933004 ], [ -73.95215, 40.719006000933049 ], [ -73.952107, 40.719091000933048 ], [ -73.952058, 40.719176000933054 ], [ -73.952004, 40.719260000933069 ], [ -73.951944, 40.719343000933044 ], [ -73.951877, 40.719427000933045 ], [ -73.95049, 40.720844000933063 ], [ -73.950385, 40.72094800093307 ], [ -73.950291, 40.721052000933042 ], [ -73.950207, 40.721157000933083 ], [ -73.950134, 40.721262000933024 ], [ -73.950072, 40.721367000933057 ], [ -73.95002, 40.721473000933067 ], [ -73.949979, 40.721580000933088 ], [ -73.949949, 40.721686000933019 ], [ -73.949929, 40.721794000933038 ], [ -73.94992, 40.721902000933056 ], [ -73.949922, 40.722010000933082 ], [ -73.949934, 40.722118000933072 ], [ -73.949957, 40.722227000933046 ], [ -73.949991, 40.722337000933067 ], [ -73.950036, 40.722448000933056 ], [ -73.951277, 40.724635000933048 ], [ -73.953642, 40.728773000933067 ], [ -73.953712, 40.728900000933102 ], [ -73.953779, 40.729031000933126 ], [ -73.953844, 40.729165000933129 ], [ -73.953906, 40.729301000933134 ], [ -73.953964, 40.729439000933112 ], [ -73.95402, 40.729580000933097 ], [ -73.954073, 40.729724000933096 ], [ -73.954122, 40.729870000933104 ], [ -73.954169, 40.730019000933062 ], [ -73.954213, 40.730171000933083 ], [ -73.954254, 40.730325000933085 ], [ -73.954292, 40.730481000933104 ], [ -73.954326, 40.7306400009331 ], [ -73.954358, 40.730802000933089 ], [ -73.954385, 40.73096700093312 ], [ -73.954449, 40.731352000933128 ], [ -73.955369, 40.736961000933128 ], [ -73.955385, 40.737066000933112 ], [ -73.955401, 40.737172000933114 ], [ -73.955415, 40.73727900093315 ], [ -73.955427, 40.737385000933166 ], [ -73.955437, 40.737492000933081 ], [ -73.955445, 40.737598000933126 ], [ -73.95545, 40.73770500093314 ], [ -73.955453, 40.737811000933178 ], [ -73.955454, 40.737918000933099 ], [ -73.955453, 40.738024000933144 ], [ -73.95545, 40.738131000933144 ], [ -73.955445, 40.738237000933104 ], [ -73.955437, 40.738343000933135 ], [ -73.955427, 40.738450000933149 ], [ -73.955415, 40.738556000933173 ], [ -73.95528, 40.739836000933124 ], [ -73.955231, 40.740037000933093 ], [ -73.955171, 40.740232000933148 ], [ -73.955098, 40.740420000933128 ], [ -73.955014, 40.740602000933173 ], [ -73.954918, 40.740778000933147 ], [ -73.95481, 40.740948000933159 ], [ -73.95469, 40.741111000933145 ], [ -73.954559, 40.74126800093314 ], [ -73.954415, 40.741418000933159 ], [ -73.95426, 40.741563000933148 ], [ -73.954093, 40.741701000933148 ], [ -73.953914, 40.741832000933137 ], [ -73.953724, 40.741958000933145 ], [ -73.953521, 40.742077000933143 ], [ -73.95331, 40.742194000933146 ], [ -73.949724, 40.744065000933155 ], [ -73.9496, 40.744129000933164 ], [ -73.949477, 40.744194000933156 ], [ -73.949354, 40.744256000933177 ], [ -73.949232, 40.744318000933191 ], [ -73.94911, 40.744378000933168 ], [ -73.94899, 40.744438000933179 ], [ -73.94887, 40.744496000933161 ], [ -73.94875, 40.744552000933162 ], [ -73.948632, 40.744608000933134 ], [ -73.948514, 40.744662000933168 ], [ -73.948396, 40.744715000933162 ], [ -73.94828, 40.744766000933147 ], [ -73.948164, 40.744817000933196 ], [ -73.948049, 40.744866000933172 ], [ -73.947934, 40.744914000933157 ], [ -73.943832, 40.746554000933187 ] ] ] } },
    { "type": "Feature", "properties": { "Division": "IND", "Line": "Prospect Park", "route_id": "G", "color": "#6CBE45" }, "geometry": { "type": "MultiLineString", "coordinates": [ [ [ -73.979678, 40.644041000932681 ], [ -73.979931, 40.645397000932697 ], [ -73.979966, 40.645613000932656 ], [ -73.979985, 40.645822000932696 ], [ -73.979986, 40.646022000932724 ], [ -73.979969, 40.646215000932678 ], [ -73.979936, 40.646400000932665 ], [ -73.979886, 40.64657700093268 ], [ -73.979818, 40.646746000932687 ], [ -73.979733, 40.6469070009327 ], [ -73.979632, 40.647060000932719 ], [ -73.979513, 40.647205000932672 ], [ -73.979376, 40.647342000932646 ], [ -73.979223, 40.647471000932697 ], [ -73.979052, 40.647593000932673 ], [ -73.978865, 40.647706000932658 ], [ -73.97866, 40.6478130009327 ], [ -73.977306, 40.64834900093269 ], [ -73.977113, 40.648437000932717 ], [ -73.976933, 40.648536000932694 ], [ -73.976767, 40.648646000932693 ], [ -73.976613, 40.648766000932717 ], [ -73.976473, 40.648897000932664 ], [ -73.976345, 40.649038000932713 ], [ -73.976231, 40.649190000932691 ], [ -73.976129, 40.64935200093273 ], [ -73.97604, 40.649525000932691 ], [ -73.975964, 40.649708000932677 ], [ -73.975901, 40.649902000932698 ], [ -73.975851, 40.650106000932702 ], [ -73.975814, 40.650320000932716 ], [ -73.975789, 40.650546000932742 ], [ -73.975776, 40.650782000932701 ], [ -73.97578, 40.650865000932704 ], [ -73.975785, 40.650950000932752 ], [ -73.97579, 40.651038000932687 ], [ -73.975797, 40.651128000932701 ], [ -73.975806, 40.651221000932729 ], [ -73.975815, 40.651317000932728 ], [ -73.975825, 40.651415000932701 ], [ -73.975837, 40.651516000932723 ], [ -73.97585, 40.651619000932691 ], [ -73.975863, 40.651724000932752 ], [ -73.975878, 40.651833000932726 ], [ -73.975894, 40.651943000932718 ], [ -73.975911, 40.652057000932736 ], [ -73.97593, 40.65217300093272 ], [ -73.975951, 40.652292000932718 ], [ -73.976441, 40.654895000932754 ], [ -73.976464, 40.655008000932732 ], [ -73.976491, 40.655117000932741 ], [ -73.976525, 40.65522200093271 ], [ -73.976565, 40.655324000932744 ], [ -73.976611, 40.655422000932717 ], [ -73.976664, 40.655517000932704 ], [ -73.976722, 40.655609000932706 ], [ -73.976787, 40.655696000932714 ], [ -73.976858, 40.655781000932727 ], [ -73.976935, 40.655862000932778 ], [ -73.977018, 40.655939000932747 ], [ -73.977108, 40.656013000932724 ], [ -73.977203, 40.656084000932758 ], [ -73.977305, 40.656151000932773 ], [ -73.977414, 40.656215000932711 ], [ -73.979648, 40.65752300093272 ], [ -73.979786, 40.657608000932733 ], [ -73.979912, 40.657695000932733 ], [ -73.980024, 40.657784000932736 ], [ -73.980122, 40.657876000932731 ], [ -73.980208, 40.657970000932735 ], [ -73.980281, 40.658066000932784 ], [ -73.98034, 40.658165000932748 ], [ -73.980386, 40.658266000932691 ], [ -73.98042, 40.65836900093273 ], [ -73.98044, 40.658475000932782 ], [ -73.980446, 40.658583000932772 ], [ -73.98044, 40.658693000932729 ], [ -73.98042, 40.658806000932728 ], [ -73.980388, 40.658921000932779 ], [ -73.980342, 40.659039000932758 ], [ -73.980298, 40.659124000932771 ], [ -73.980252, 40.659210000932724 ], [ -73.980204, 40.659296000932706 ], [ -73.980155, 40.659382000932752 ], [ -73.980104, 40.659469000932738 ], [ -73.980051, 40.659557000932757 ], [ -73.979996, 40.659645000932763 ], [ -73.97994, 40.659733000932789 ], [ -73.979881, 40.659822000932785 ], [ -73.979821, 40.659912000932792 ], [ -73.97976, 40.660002000932792 ], [ -73.979696, 40.660092000932778 ], [ -73.979631, 40.660183000932804 ], [ -73.979564, 40.660274000932795 ], [ -73.979493, 40.660365000932778 ], [ -73.977329, 40.663046000932788 ], [ -73.977197, 40.663205000932791 ], [ -73.977094, 40.663364000932773 ], [ -73.977015, 40.66351900093278 ], [ -73.976959, 40.663671000932794 ], [ -73.976928, 40.663820000932745 ], [ -73.976921, 40.663966000932803 ], [ -73.976938, 40.664108000932785 ], [ -73.976978, 40.664247000932761 ], [ -73.977043, 40.66438300093278 ], [ -73.977132, 40.664515000932766 ], [ -73.977245, 40.664645000932786 ], [ -73.977382, 40.664771000932753 ], [ -73.977544, 40.664893000932807 ], [ -73.977729, 40.665013000932781 ], [ -73.977941, 40.665130000932749 ], [ -73.980305, 40.666271000932795 ], [ -73.982712, 40.667436000932788 ], [ -73.982761, 40.667459000932794 ], [ -73.982809, 40.6674820009328 ], [ -73.982856, 40.667505000932806 ], [ -73.982902, 40.6675270009328 ], [ -73.982948, 40.667549000932802 ], [ -73.982993, 40.667571000932789 ], [ -73.983037, 40.667593000932811 ], [ -73.983081, 40.667615000932813 ], [ -73.983123, 40.667636000932823 ], [ -73.983166, 40.66765700093282 ], [ -73.983207, 40.667678000932817 ], [ -73.983248, 40.667699000932764 ], [ -73.983287, 40.667720000932768 ], [ -73.983327, 40.667740000932774 ], [ -73.983365, 40.667760000932759 ], [ -73.985354, 40.66876600093282 ], [ -73.985451, 40.668808000932827 ], [ -73.985549, 40.668847000932779 ], [ -73.985647, 40.668884000932792 ], [ -73.985745, 40.668919000932796 ], [ -73.985843, 40.668952000932784 ], [ -73.985942, 40.668982000932779 ], [ -73.986041, 40.669011000932827 ], [ -73.986139, 40.669037000932803 ], [ -73.986238, 40.669061000932807 ], [ -73.986338, 40.669083000932794 ], [ -73.986437, 40.66910200093281 ], [ -73.986537, 40.669120000932836 ], [ -73.986636, 40.669135000932798 ], [ -73.986736, 40.669148000932807 ], [ -73.986836, 40.669160000932798 ], [ -73.986944, 40.669177000932791 ], [ -73.987053, 40.669197000932797 ], [ -73.987162, 40.669218000932787 ], [ -73.987271, 40.669242000932783 ], [ -73.98738, 40.669268000932803 ], [ -73.987489, 40.669295000932784 ], [ -73.987598, 40.66932500093283 ], [ -73.987708, 40.669357000932806 ], [ -73.987817, 40.669391000932819 ], [ -73.987926, 40.669427000932778 ], [ -73.988035, 40.6694660009328 ], [ -73.988144, 40.669506000932827 ], [ -73.988253, 40.669548000932849 ], [ -73.988362, 40.669593000932835 ], [ -73.98847, 40.669639000932818 ], [ -73.989779, 40.670272000932812 ], [ -73.992891, 40.671773000932781 ], [ -73.992925, 40.671791000932785 ], [ -73.992958, 40.671808000932813 ], [ -73.992991, 40.671826000932825 ], [ -73.993023, 40.671843000932853 ], [ -73.993056, 40.671860000932789 ], [ -73.993087, 40.671877000932803 ], [ -73.993119, 40.671894000932831 ], [ -73.993149, 40.671910000932805 ], [ -73.99318, 40.671927000932797 ], [ -73.99321, 40.671943000932806 ], [ -73.99324, 40.67195900093283 ], [ -73.993269, 40.671976000932787 ], [ -73.993298, 40.671992000932818 ], [ -73.993326, 40.67200700093283 ], [ -73.993354, 40.672023000932775 ], [ -73.995224, 40.673105000932843 ], [ -73.995278, 40.673136000932821 ], [ -73.995331, 40.673167000932814 ], [ -73.995383, 40.673198000932842 ], [ -73.995434, 40.673229000932835 ], [ -73.995485, 40.673260000932807 ], [ -73.995536, 40.673292000932825 ], [ -73.995585, 40.673323000932818 ], [ -73.995634, 40.673355000932858 ], [ -73.995683, 40.673387000932813 ], [ -73.99573, 40.673418000932791 ], [ -73.995777, 40.673450000932824 ], [ -73.995824, 40.673482000932815 ], [ -73.99587, 40.673514000932819 ], [ -73.995915, 40.6735470009328 ], [ -73.995959, 40.673580000932851 ], [ -73.996031, 40.673631000932829 ], [ -73.996103, 40.673684000932781 ], [ -73.996176, 40.673738000932858 ], [ -73.996248, 40.673793000932804 ], [ -73.99632, 40.673849000932861 ], [ -73.996391, 40.673906000932803 ], [ -73.996462, 40.673964000932841 ], [ -73.996533, 40.67402400093281 ], [ -73.996604, 40.674085000932827 ], [ -73.996675, 40.67414700093282 ], [ -73.996745, 40.674210000932852 ], [ -73.996815, 40.674274000932783 ], [ -73.996884, 40.674340000932816 ], [ -73.996954, 40.674406000932798 ], [ -73.997022, 40.674474000932811 ], [ -73.997086, 40.67454700093284 ], [ -73.997146, 40.674622000932828 ], [ -73.9972, 40.674699000932804 ], [ -73.99725, 40.674778000932839 ], [ -73.997294, 40.674859000932805 ], [ -73.997333, 40.674941000932819 ], [ -73.997367, 40.675025000932855 ], [ -73.997396, 40.675111000932844 ], [ -73.997419, 40.675199000932864 ], [ -73.997438, 40.675288000932845 ], [ -73.997451, 40.675379000932857 ], [ -73.997459, 40.675472000932849 ], [ -73.997462, 40.675567000932837 ], [ -73.99746, 40.675663000932822 ], [ -73.997454, 40.675760000932804 ], [ -73.997447, 40.675805000932783 ], [ -73.997437, 40.675850000932776 ], [ -73.997427, 40.675896000932866 ], [ -73.997415, 40.675941000932866 ], [ -73.997403, 40.675986000932852 ], [ -73.997389, 40.676031000932866 ], [ -73.997375, 40.676076000932866 ], [ -73.997359, 40.676122000932857 ], [ -73.997343, 40.676167000932836 ], [ -73.997325, 40.676212000932864 ], [ -73.997306, 40.676257000932857 ], [ -73.997287, 40.676302000932871 ], [ -73.997266, 40.676348000932833 ], [ -73.997245, 40.676393000932862 ], [ -73.997223, 40.676438000932848 ], [ -73.996262, 40.678436000932834 ], [ -73.996182, 40.678593000932842 ], [ -73.9961, 40.678744000932859 ], [ -73.996019, 40.678890000932881 ], [ -73.995937, 40.679032000932857 ], [ -73.995856, 40.679169000932859 ], [ -73.995775, 40.679303000932869 ], [ -73.995694, 40.679431000932873 ], [ -73.995612, 40.679556000932863 ], [ -73.995532, 40.679676000932801 ], [ -73.995451, 40.679791000932852 ], [ -73.99537, 40.679902000932827 ], [ -73.995289, 40.680009000932841 ], [ -73.995209, 40.680111000932868 ], [ -73.995128, 40.680209000932841 ], [ -73.995048, 40.680303000932845 ], [ -73.994454, 40.680903000932879 ], [ -73.994403, 40.680967000932853 ], [ -73.994353, 40.681033000932871 ], [ -73.994302, 40.681099000932889 ], [ -73.994252, 40.68116600093289 ], [ -73.994202, 40.681234000932903 ], [ -73.994151, 40.681302000932895 ], [ -73.994101, 40.681371000932884 ], [ -73.994051, 40.681441000932871 ], [ -73.994001, 40.681511000932865 ], [ -73.993951, 40.681583000932847 ], [ -73.993901, 40.681655000932864 ], [ -73.993851, 40.681727000932888 ], [ -73.993801, 40.681800000932867 ], [ -73.993751, 40.681874000932879 ], [ -73.993701, 40.681949000932839 ], [ -73.990862, 40.686145000932896 ], [ -73.988937, 40.688929000932859 ], [ -73.988861, 40.689030000932924 ], [ -73.98878, 40.689120000932903 ], [ -73.988715522999939, 40.689182175932892 ] ] ] } },
    { "type": "Feature", "properties": { "Division": "IRT", "Line": "42nd St Shuttle", "route_id": "GS", "color": "#7C858C" }, "geometry": { "type": "MultiLineString", "coordinates": [ [ [ -73.986229, 40.755983000933256 ], [ -73.986211, 40.755945000933238 ], [ -73.98619, 40.755908000933196 ], [ -73.986167, 40.75587200093323 ], [ -73.986143, 40.755837000933198 ], [ -73.986116, 40.755803000933234 ], [ -73.986087, 40.755770000933204 ], [ -73.986055, 40.755738000933221 ], [ -73.986022, 40.755708000933197 ], [ -73.985987, 40.755678000933216 ], [ -73.985949, 40.755649000933239 ], [ -73.985909, 40.755622000933251 ], [ -73.985867, 40.755595000933191 ], [ -73.985823, 40.755570000933233 ], [ -73.985777, 40.755545000933218 ], [ -73.985728, 40.755522000933205 ], [ -73.979189, 40.752769000933206 ] ] ] } },
    { "type": "Feature", "properties": { "Division": "IND", "Line": "Rockaway", "route_id": "H", "color": "#0062CF" }, "geometry": { "type": "MultiLineString", "coordinates": [ [ [ -73.835592, 40.580903000932345 ], [ -73.83399, 40.581351000932351 ], [ -73.83397, 40.581356000932338 ], [ -73.833951, 40.58136200093238 ], [ -73.833931, 40.58136700093236 ], [ -73.833911, 40.581372000932348 ], [ -73.833891, 40.581377000932356 ], [ -73.83387, 40.581382000932372 ], [ -73.83385, 40.581387000932388 ], [ -73.83383, 40.581392000932375 ], [ -73.833809, 40.581397000932348 ], [ -73.833789, 40.58140200093235 ], [ -73.833768, 40.581407000932373 ], [ -73.833747, 40.581412000932374 ], [ -73.833726, 40.581417000932362 ], [ -73.833705, 40.581421000932352 ], [ -73.833684, 40.581426000932382 ], [ -73.833511, 40.581463000932352 ], [ -73.833494, 40.581467000932335 ], [ -73.833476, 40.581470000932349 ], [ -73.833458, 40.581474000932403 ], [ -73.833441, 40.581478000932393 ], [ -73.833423, 40.581482000932375 ], [ -73.833406, 40.581487000932363 ], [ -73.833388, 40.581491000932338 ], [ -73.83337, 40.581495000932385 ], [ -73.833352, 40.58150000093238 ], [ -73.833335, 40.58150400093237 ], [ -73.833317, 40.581509000932357 ], [ -73.833299, 40.58151400093233 ], [ -73.833281, 40.58151900093241 ], [ -73.833263, 40.581524000932362 ], [ -73.833245, 40.581529000932349 ], [ -73.83058, 40.582272000932356 ], [ -73.830528, 40.582287000932368 ], [ -73.830477, 40.582302000932351 ], [ -73.830425, 40.582317000932363 ], [ -73.830374, 40.582332000932389 ], [ -73.830323, 40.582347000932337 ], [ -73.830271, 40.582362000932363 ], [ -73.83022, 40.582378000932394 ], [ -73.83017, 40.582394000932403 ], [ -73.830119, 40.582410000932363 ], [ -73.830068, 40.582426000932387 ], [ -73.830018, 40.582442000932403 ], [ -73.829967, 40.582459000932346 ], [ -73.829917, 40.582475000932355 ], [ -73.829867, 40.582492000932383 ], [ -73.829817, 40.582509000932404 ], [ -73.829499, 40.582622000932389 ], [ -73.829444, 40.582642000932402 ], [ -73.82939, 40.582662000932366 ], [ -73.829336, 40.582681000932347 ], [ -73.829283, 40.582699000932358 ], [ -73.82923, 40.582718000932374 ], [ -73.829178, 40.582735000932381 ], [ -73.829126, 40.58275300093235 ], [ -73.829074, 40.582769000932352 ], [ -73.829024, 40.582786000932366 ], [ -73.828973, 40.582802000932389 ], [ -73.828923, 40.582817000932359 ], [ -73.828874, 40.582832000932378 ], [ -73.828825, 40.582846000932378 ], [ -73.828777, 40.582860000932378 ], [ -73.82873, 40.582874000932371 ], [ -73.827559, 40.583209000932371 ], [ -73.822788, 40.584540000932392 ], [ -73.82268, 40.584572000932361 ], [ -73.822574, 40.584604000932408 ], [ -73.822469, 40.584635000932373 ], [ -73.822366, 40.584667000932356 ], [ -73.822265, 40.584699000932389 ], [ -73.822164, 40.584731000932351 ], [ -73.822066, 40.584762000932386 ], [ -73.821969, 40.584794000932362 ], [ -73.821873, 40.584825000932426 ], [ -73.821779, 40.584857000932402 ], [ -73.821686, 40.584888000932366 ], [ -73.821595, 40.584920000932392 ], [ -73.821506, 40.584951000932342 ], [ -73.821418, 40.584983000932418 ], [ -73.82133, 40.585014000932382 ], [ -73.820558, 40.585307000932389 ], [ -73.813641, 40.588034000932382 ], [ -73.812143, 40.588627000932384 ], [ -73.812007, 40.588685000932408 ], [ -73.811874, 40.58874500093242 ], [ -73.811744, 40.588807000932356 ], [ -73.811617, 40.588871000932379 ], [ -73.811492, 40.58893800093238 ], [ -73.811371, 40.589008000932381 ], [ -73.811252, 40.589079000932387 ], [ -73.811135, 40.589153000932427 ], [ -73.811021, 40.589230000932403 ], [ -73.81091, 40.589309000932417 ], [ -73.810802, 40.589390000932411 ], [ -73.810697, 40.589474000932391 ], [ -73.810594, 40.589560000932394 ], [ -73.810493, 40.589649000932397 ], [ -73.810395, 40.589741000932406 ], [ -73.810192, 40.589962000932431 ], [ -73.810006, 40.590184000932432 ], [ -73.809841, 40.59040700093238 ], [ -73.809695, 40.5906300009324 ], [ -73.80957, 40.590854000932389 ], [ -73.809464, 40.591079000932389 ], [ -73.809379, 40.591304000932411 ], [ -73.809314, 40.591530000932401 ], [ -73.809269, 40.591756000932392 ], [ -73.809244, 40.591984000932385 ], [ -73.809239, 40.592211000932458 ], [ -73.809254, 40.592440000932442 ], [ -73.80929, 40.592668000932456 ], [ -73.809345, 40.592898000932422 ], [ -73.809421, 40.593127000932412 ], [ -73.815653, 40.607677000932519 ], [ -73.815661, 40.60769800093248 ], [ -73.81567, 40.607719000932477 ], [ -73.815678, 40.607740000932488 ], [ -73.815687, 40.607760000932487 ], [ -73.815696, 40.607781000932498 ], [ -73.815704, 40.607801000932497 ], [ -73.815713, 40.607822000932487 ], [ -73.815721, 40.607842000932507 ], [ -73.81573, 40.607862000932535 ], [ -73.815738, 40.607883000932496 ], [ -73.815746, 40.607903000932531 ], [ -73.815754, 40.607923000932473 ], [ -73.815762, 40.607942000932482 ], [ -73.81577, 40.60796200093251 ], [ -73.815778, 40.607982000932488 ], [ -73.815808, 40.608060000932532 ], [ -73.815838, 40.608140000932487 ], [ -73.815867, 40.608220000932519 ], [ -73.815896, 40.608300000932516 ], [ -73.815925, 40.608382000932522 ] ] ] } },
    { "type": "Feature", "properties": { "Division": "BMT", "Line": "Jamaica", "route_id": "J", "color": "#8E5C33" }, "geometry": { "type": "MultiLineString", "coordinates": [ [ [ -73.987441096999987, 40.718316243933046 ], [ -73.987437, 40.718315000933039 ], [ -73.985982, 40.717861000933027 ], [ -73.985929, 40.717844000933049 ], [ -73.985878, 40.717827000933049 ], [ -73.985827, 40.717811000933033 ], [ -73.985778, 40.717794000933011 ], [ -73.985729, 40.717777000933047 ], [ -73.985681, 40.717761000933052 ], [ -73.985634, 40.717744000933017 ], [ -73.985588, 40.717728000933064 ], [ -73.985543, 40.717711000933058 ], [ -73.985499, 40.717695000933027 ], [ -73.985456, 40.717679000933011 ], [ -73.985414, 40.717663000933051 ], [ -73.985373, 40.717647000933063 ], [ -73.985332, 40.717631000933025 ], [ -73.985293, 40.717615000933073 ], [ -73.985153, 40.717559000933036 ], [ -73.985101, 40.717538000933047 ], [ -73.985049, 40.717517000933036 ], [ -73.984997, 40.717497000933029 ], [ -73.984945, 40.717478000933028 ], [ -73.984893, 40.717458000933064 ], [ -73.984842, 40.717439000933048 ], [ -73.984791, 40.717421000933037 ], [ -73.984739, 40.717403000933018 ], [ -73.984689, 40.717385000933035 ], [ -73.984638, 40.717368000933078 ], [ -73.984587, 40.71735200093304 ], [ -73.984537, 40.717335000933041 ], [ -73.984487, 40.717319000933024 ], [ -73.984437, 40.717304000933055 ], [ -73.984387, 40.717289000933036 ], [ -73.978898, 40.715626000933 ], [ -73.961186, 40.710251000932971 ], [ -73.96115, 40.710239000933015 ], [ -73.961115, 40.710226000932977 ], [ -73.96108, 40.710213000933024 ], [ -73.961046, 40.710199000933017 ], [ -73.961012, 40.710185000933052 ], [ -73.960979, 40.710170000932997 ], [ -73.960947, 40.710154000933009 ], [ -73.960915, 40.710138000932993 ], [ -73.960884, 40.71012100093305 ], [ -73.960853, 40.710103000933003 ], [ -73.960823, 40.710085000932999 ], [ -73.960793, 40.710066000932983 ], [ -73.960764, 40.710047000932974 ], [ -73.960736, 40.710027000932968 ], [ -73.960708, 40.710006000933014 ], [ -73.959507, 40.709033000932976 ], [ -73.95949, 40.709019000933019 ], [ -73.959472, 40.70900600093298 ], [ -73.959454, 40.708992000933023 ], [ -73.959435, 40.708979000932977 ], [ -73.959416, 40.708966000932982 ], [ -73.959396, 40.708954000933005 ], [ -73.959375, 40.708941000932967 ], [ -73.959353, 40.708929000933011 ], [ -73.959331, 40.708917000932978 ], [ -73.959308, 40.708905000933008 ], [ -73.959285, 40.708894000933007 ], [ -73.95926, 40.708882000933023 ], [ -73.959236, 40.708871000932994 ], [ -73.95921, 40.708861000932991 ], [ -73.959184, 40.708850000932962 ], [ -73.957757, 40.70835900093298 ], [ -73.953431, 40.706870000932966 ], [ -73.952081, 40.706406000933001 ], [ -73.952036, 40.706389000932987 ], [ -73.95199, 40.706372000932973 ], [ -73.951945, 40.706354000932976 ], [ -73.9519, 40.706336000933028 ], [ -73.951855, 40.706317000932984 ], [ -73.95181, 40.706298000932996 ], [ -73.951765, 40.70627800093299 ], [ -73.951721, 40.706258000932991 ], [ -73.951676, 40.706237000932973 ], [ -73.951632, 40.706216000932976 ], [ -73.951587, 40.70619400093296 ], [ -73.951543, 40.706172000932959 ], [ -73.951499, 40.706149000932975 ], [ -73.951455, 40.706126000932969 ], [ -73.951411, 40.706102000932965 ], [ -73.947408, 40.703869000932976 ], [ -73.943133, 40.701472000933009 ], [ -73.943092, 40.701448000932942 ], [ -73.943051, 40.701425000932936 ], [ -73.94301, 40.701401000932911 ], [ -73.942969, 40.701377000932958 ], [ -73.942929, 40.701352000932943 ], [ -73.942889, 40.701328000932982 ], [ -73.942849, 40.701303000932974 ], [ -73.942809, 40.701279000932949 ], [ -73.94277, 40.70125400093297 ], [ -73.94273, 40.701229000932955 ], [ -73.942691, 40.701203000932985 ], [ -73.942652, 40.70117800093292 ], [ -73.942614, 40.701153000932933 ], [ -73.942575, 40.701127000932942 ], [ -73.942537, 40.701101000932944 ], [ -73.942497, 40.701075000932967 ], [ -73.942458, 40.701049000932969 ], [ -73.942418, 40.701024000932946 ], [ -73.942379, 40.700998000932948 ], [ -73.942339, 40.700973000932954 ], [ -73.942299, 40.700948000932968 ], [ -73.942259, 40.700922000932962 ], [ -73.942219, 40.700898000932952 ], [ -73.942179, 40.700873000932965 ], [ -73.942139, 40.700848000932979 ], [ -73.942099, 40.700824000932968 ], [ -73.942058, 40.700799000932967 ], [ -73.942018, 40.700775000932985 ], [ -73.941977, 40.700751000932939 ], [ -73.941937, 40.700727000932929 ], [ -73.941126, 40.700260000932978 ], [ -73.935657, 40.697207000932941 ], [ -73.934679, 40.696654000932966 ], [ -73.928814, 40.693342000932901 ], [ -73.92227, 40.689630000932922 ], [ -73.916559, 40.686370000932904 ], [ -73.910456, 40.682893000932843 ], [ -73.904512, 40.679498000932874 ], [ -73.900282, 40.677004000932854 ], [ -73.900236, 40.676978000932884 ], [ -73.900189, 40.676954000932874 ], [ -73.900142, 40.676933000932856 ], [ -73.900095, 40.676914000932861 ], [ -73.900047, 40.676897000932833 ], [ -73.899999, 40.676883000932818 ], [ -73.899951, 40.67687100093287 ], [ -73.899903, 40.676861000932803 ], [ -73.899854, 40.676854000932828 ], [ -73.899806, 40.676849000932854 ], [ -73.899757, 40.676847000932867 ], [ -73.899708, 40.676847000932838 ], [ -73.899658, 40.676849000932854 ], [ -73.899609, 40.67685300093283 ], [ -73.899559, 40.67686000093282 ], [ -73.898654, 40.676992000932835 ], [ -73.891688, 40.678024000932837 ], [ -73.889977, 40.678281000932813 ], [ -73.889953, 40.678284000932884 ], [ -73.88993, 40.678288000932845 ], [ -73.889905, 40.678291000932852 ], [ -73.88988, 40.678296000932846 ], [ -73.889855, 40.678301000932819 ], [ -73.889829, 40.678306000932871 ], [ -73.889802, 40.67831200093287 ], [ -73.889776, 40.678318000932826 ], [ -73.889748, 40.678325000932823 ], [ -73.88972, 40.678332000932848 ], [ -73.889692, 40.678340000932835 ], [ -73.889663, 40.678348000932829 ], [ -73.889634, 40.678356000932872 ], [ -73.889604, 40.67836500093285 ], [ -73.889574, 40.678375000932881 ], [ -73.884639, 40.679947000932835 ], [ -73.880039, 40.681410000932821 ], [ -73.879971, 40.681431000932847 ], [ -73.879904, 40.681451000932867 ], [ -73.879836, 40.681471000932852 ], [ -73.879768, 40.681491000932851 ], [ -73.8797, 40.681511000932865 ], [ -73.879633, 40.681531000932878 ], [ -73.879565, 40.681551000932892 ], [ -73.879497, 40.681571000932891 ], [ -73.879429, 40.681590000932836 ], [ -73.879361, 40.681610000932835 ], [ -73.879294, 40.681629000932865 ], [ -73.879226, 40.68164800093286 ], [ -73.879158, 40.681667000932869 ], [ -73.87909, 40.681686000932885 ], [ -73.879022, 40.681705000932894 ], [ -73.873785, 40.6831940009329 ], [ -73.872721, 40.68349700093286 ], [ -73.872657, 40.683520000932866 ], [ -73.872598, 40.683546000932836 ], [ -73.872544, 40.683574000932907 ], [ -73.872496, 40.6836050009329 ], [ -73.872454, 40.683638000932838 ], [ -73.872417, 40.683674000932875 ], [ -73.872385, 40.6837120009329 ], [ -73.872359, 40.68375300093286 ], [ -73.872338, 40.683796000932851 ], [ -73.872322, 40.683841000932851 ], [ -73.872312, 40.683890000932898 ], [ -73.872307, 40.6839400009329 ], [ -73.872308, 40.683993000932873 ], [ -73.872314, 40.684049000932902 ], [ -73.872326, 40.684107000932862 ], [ -73.873084, 40.686495000932879 ], [ -73.873102, 40.686552000932906 ], [ -73.87312, 40.68660800093285 ], [ -73.873138, 40.68666300093291 ], [ -73.873155, 40.686716000932876 ], [ -73.873172, 40.686769000932856 ], [ -73.873189, 40.686821000932923 ], [ -73.873206, 40.686871000932889 ], [ -73.873222, 40.68692100093287 ], [ -73.873238, 40.686969000932883 ], [ -73.873254, 40.68701600093285 ], [ -73.87327, 40.687062000932841 ], [ -73.873285, 40.687107000932855 ], [ -73.8733, 40.687151000932872 ], [ -73.873315, 40.687194000932891 ], [ -73.87333, 40.687236000932877 ], [ -73.873866, 40.688784000932898 ], [ -73.873889, 40.688847000932903 ], [ -73.873906, 40.688907000932886 ], [ -73.873917, 40.688966000932894 ], [ -73.873922, 40.689022000932923 ], [ -73.873921, 40.689076000932886 ], [ -73.873914, 40.689128000932904 ], [ -73.873901, 40.68917800093287 ], [ -73.873882, 40.689226000932919 ], [ -73.873856, 40.689271000932926 ], [ -73.873825, 40.689315000932915 ], [ -73.873787, 40.689356000932861 ], [ -73.873744, 40.689395000932898 ], [ -73.873694, 40.689432000932904 ], [ -73.873639, 40.689467000932886 ], [ -73.873578, 40.689501000932921 ], [ -73.87255, 40.689941000932883 ], [ -73.872031, 40.690166000932869 ], [ -73.871982, 40.69018600093289 ], [ -73.871932, 40.690206000932903 ], [ -73.87188, 40.690225000932926 ], [ -73.871826, 40.690245000932912 ], [ -73.871772, 40.690264000932913 ], [ -73.871715, 40.690284000932927 ], [ -73.871657, 40.690303000932865 ], [ -73.871598, 40.69032100093289 ], [ -73.871537, 40.690340000932892 ], [ -73.871475, 40.690359000932922 ], [ -73.871412, 40.690377000932912 ], [ -73.871346, 40.690395000932938 ], [ -73.87128, 40.690413000932885 ], [ -73.871212, 40.690431000932897 ], [ -73.871142, 40.690449000932922 ], [ -73.86892, 40.691015000932893 ], [ -73.868871, 40.691026000932936 ], [ -73.868823, 40.691038000932899 ], [ -73.868774, 40.691048000932959 ], [ -73.868726, 40.691059000932903 ], [ -73.868677, 40.691070000932875 ], [ -73.868629, 40.691080000932921 ], [ -73.86858, 40.691090000932874 ], [ -73.868532, 40.691100000932927 ], [ -73.868483, 40.691110000932916 ], [ -73.868435, 40.691119000932943 ], [ -73.868386, 40.691128000932913 ], [ -73.868338, 40.691137000932869 ], [ -73.86829, 40.69114600093291 ], [ -73.868241, 40.691155000932902 ], [ -73.868193, 40.691163000932924 ], [ -73.867139, 40.691324000932923 ], [ -73.866477, 40.691427000932912 ], [ -73.866421, 40.69143500093292 ], [ -73.866365, 40.691444000932897 ], [ -73.86631, 40.691452000932884 ], [ -73.866255, 40.691461000932925 ], [ -73.866202, 40.691470000932888 ], [ -73.866148, 40.691478000932939 ], [ -73.866096, 40.691487000932909 ], [ -73.866044, 40.691495000932882 ], [ -73.865993, 40.691504000932937 ], [ -73.865943, 40.691513000932893 ], [ -73.865893, 40.691521000932937 ], [ -73.865844, 40.691530000932907 ], [ -73.865795, 40.691539000932885 ], [ -73.865747, 40.691547000932914 ], [ -73.8657, 40.691556000932898 ], [ -73.862819, 40.692042000932915 ], [ -73.862763, 40.692052000932911 ], [ -73.862706, 40.692061000932938 ], [ -73.86265, 40.692071000932891 ], [ -73.862594, 40.692080000932876 ], [ -73.862537, 40.692090000932915 ], [ -73.862481, 40.692099000932892 ], [ -73.862424, 40.692108000932926 ], [ -73.862368, 40.692116000932934 ], [ -73.862311, 40.692125000932904 ], [ -73.862254, 40.692134000932931 ], [ -73.862198, 40.692142000932911 ], [ -73.862141, 40.692150000932891 ], [ -73.862084, 40.692158000932935 ], [ -73.862027, 40.6921660009329 ], [ -73.86197, 40.692174000932937 ], [ -73.86001, 40.692435000932917 ], [ -73.859933, 40.692444000932937 ], [ -73.859857, 40.692453000932922 ], [ -73.85978, 40.692461000932916 ], [ -73.859704, 40.692470000932921 ], [ -73.859627, 40.692478000932894 ], [ -73.859551, 40.692485000932884 ], [ -73.859474, 40.69249300093292 ], [ -73.859398, 40.692499000932933 ], [ -73.859321, 40.692506000932916 ], [ -73.859245, 40.692512000932936 ], [ -73.859168, 40.692517000932931 ], [ -73.859092, 40.692523000932908 ], [ -73.859016, 40.692527000932905 ], [ -73.858939, 40.692532000932893 ], [ -73.858862, 40.692537000932937 ], [ -73.855607, 40.692721000932906 ], [ -73.855476, 40.69272800093291 ], [ -73.855345, 40.692738000932941 ], [ -73.855215, 40.692750000932904 ], [ -73.855087, 40.692764000932918 ], [ -73.854961, 40.692780000932899 ], [ -73.854836, 40.692799000932908 ], [ -73.854712, 40.692820000932905 ], [ -73.85459, 40.692843000932903 ], [ -73.85447, 40.692868000932904 ], [ -73.854351, 40.692896000932947 ], [ -73.854233, 40.692926000932914 ], [ -73.854117, 40.692958000932911 ], [ -73.854003, 40.692992000932932 ], [ -73.85389, 40.693029000932952 ], [ -73.853777, 40.693067000932921 ], [ -73.851576, 40.693879000932903 ], [ -73.851471, 40.693919000932915 ], [ -73.851367, 40.693956000932936 ], [ -73.851264, 40.693992000932901 ], [ -73.851162, 40.694026000932958 ], [ -73.851062, 40.694059000932917 ], [ -73.850963, 40.694090000932945 ], [ -73.850865, 40.694120000932955 ], [ -73.850768, 40.694149000932896 ], [ -73.850672, 40.694176000932906 ], [ -73.850578, 40.69420200093294 ], [ -73.850485, 40.694227000932933 ], [ -73.850393, 40.694250000932946 ], [ -73.850302, 40.694271000932936 ], [ -73.850213, 40.694291000932964 ], [ -73.850124, 40.694310000932902 ], [ -73.846226, 40.695067000932944 ], [ -73.84616, 40.695078000932952 ], [ -73.846094, 40.695089000932946 ], [ -73.846026, 40.695099000932913 ], [ -73.845957, 40.695109000932923 ], [ -73.845887, 40.695118000932929 ], [ -73.845815, 40.695126000932952 ], [ -73.845741, 40.695133000932927 ], [ -73.845666, 40.695140000932923 ], [ -73.84559, 40.695147000932934 ], [ -73.845512, 40.695152000932964 ], [ -73.845433, 40.695157000932923 ], [ -73.845353, 40.695161000932899 ], [ -73.84527, 40.695165000932896 ], [ -73.845187, 40.695168000932959 ], [ -73.845102, 40.695170000932947 ], [ -73.84433, 40.695178000932934 ], [ -73.842328, 40.695203000932921 ], [ -73.842222, 40.69520600093292 ], [ -73.842112, 40.695210000932896 ], [ -73.842, 40.695216000932945 ], [ -73.841885, 40.695222000932937 ], [ -73.841767, 40.695230000932931 ], [ -73.841647, 40.695238000932946 ], [ -73.841524, 40.695248000932935 ], [ -73.841398, 40.695258000932952 ], [ -73.841269, 40.695270000932915 ], [ -73.841138, 40.695283000932953 ], [ -73.841004, 40.695297000932946 ], [ -73.840868, 40.69531200093293 ], [ -73.840728, 40.695328000932946 ], [ -73.840587, 40.695345000932903 ], [ -73.840442, 40.695363000932922 ], [ -73.840275, 40.695388000932908 ], [ -73.84011, 40.69541800093296 ], [ -73.839948, 40.69545100093292 ], [ -73.839788, 40.695489000932945 ], [ -73.839631, 40.695530000932948 ], [ -73.839477, 40.695575000932926 ], [ -73.839325, 40.695625000932949 ], [ -73.839176, 40.695678000932908 ], [ -73.839029, 40.695736000932953 ], [ -73.838885, 40.69579700093292 ], [ -73.838743, 40.695862000932919 ], [ -73.838604, 40.695932000932899 ], [ -73.838468, 40.696005000932942 ], [ -73.838334, 40.696083000932923 ], [ -73.838203, 40.696163000932955 ], [ -73.836345, 40.69741800093292 ], [ -73.836294, 40.697450000932946 ], [ -73.836243, 40.697481000932918 ], [ -73.836191, 40.697513000932943 ], [ -73.836138, 40.697545000932962 ], [ -73.836084, 40.697577000932974 ], [ -73.836029, 40.697609000932935 ], [ -73.835974, 40.69764200093293 ], [ -73.835918, 40.697674000932956 ], [ -73.835861, 40.697707000932915 ], [ -73.835803, 40.697740000932981 ], [ -73.835745, 40.697773000932941 ], [ -73.835685, 40.697806000932964 ], [ -73.835625, 40.69783900093293 ], [ -73.835565, 40.697872000932968 ], [ -73.835503, 40.697906000932917 ], [ -73.832747, 40.699404000932965 ], [ -73.832681, 40.699436000932948 ], [ -73.832615, 40.699466000932944 ], [ -73.832549, 40.699496000932974 ], [ -73.832484, 40.699524000932939 ], [ -73.832419, 40.69955200093294 ], [ -73.832355, 40.699578000932931 ], [ -73.832291, 40.699604000932986 ], [ -73.832227, 40.699628000932961 ], [ -73.832164, 40.699651000932974 ], [ -73.832102, 40.699674000932994 ], [ -73.832039, 40.699695000932955 ], [ -73.831978, 40.699715000932926 ], [ -73.831916, 40.699735000932925 ], [ -73.831855, 40.699753000932958 ], [ -73.831794, 40.699771000932962 ], [ -73.830582, 40.700078000932983 ], [ -73.830526, 40.700091000932957 ], [ -73.830468, 40.700105000932965 ], [ -73.83041, 40.700118000932946 ], [ -73.83035, 40.700131000932956 ], [ -73.83029, 40.700145000932956 ], [ -73.830228, 40.700158000932952 ], [ -73.830166, 40.700171000932968 ], [ -73.830102, 40.700185000932933 ], [ -73.830037, 40.70019800093295 ], [ -73.829972, 40.700211000932924 ], [ -73.829905, 40.700225000932932 ], [ -73.829837, 40.700238000932963 ], [ -73.829768, 40.70025100093293 ], [ -73.829698, 40.700265000932966 ], [ -73.829627, 40.700278000932919 ], [ -73.828294, 40.700492000932961 ], [ -73.826227, 40.70083300093296 ], [ -73.826147, 40.700846000932998 ], [ -73.826067, 40.700859000932937 ], [ -73.825988, 40.700873000932965 ], [ -73.825909, 40.700887000933001 ], [ -73.825831, 40.700902000932935 ], [ -73.825754, 40.700918000932951 ], [ -73.825677, 40.700934000932961 ], [ -73.825601, 40.700950000932934 ], [ -73.825526, 40.700967000932955 ], [ -73.825451, 40.700985000932945 ], [ -73.825377, 40.701003000932971 ], [ -73.825303, 40.70102200093298 ], [ -73.82523, 40.701041000932932 ], [ -73.825158, 40.701061000932931 ], [ -73.825086, 40.701081000932923 ], [ -73.824106, 40.701345000932989 ], [ -73.823901, 40.701387000932961 ], [ -73.823699, 40.701418000932961 ], [ -73.823501, 40.701439000932972 ], [ -73.823305, 40.701449000932925 ], [ -73.823113, 40.701448000932956 ], [ -73.822924, 40.701435000932968 ], [ -73.822739, 40.701412000932947 ], [ -73.822556, 40.701377000932943 ], [ -73.822377, 40.701332000932936 ], [ -73.822201, 40.701276000932971 ], [ -73.822028, 40.701208000932944 ], [ -73.821858, 40.701130000932942 ], [ -73.821691, 40.701040000932949 ], [ -73.821528, 40.700940000932988 ], [ -73.821368, 40.700828000932951 ], [ -73.820667, 40.700273000932931 ], [ -73.820218, 40.699943000932983 ], [ -73.81976, 40.699646000932916 ], [ -73.819298, 40.699382000932985 ], [ -73.818832, 40.699151000932929 ], [ -73.818362, 40.698953000932946 ], [ -73.817888, 40.698788000932922 ], [ -73.817409, 40.698656000932928 ], [ -73.816926, 40.698558000932941 ], [ -73.816439, 40.698492000932937 ], [ -73.815947, 40.698460000932954 ], [ -73.815451, 40.698461000932959 ], [ -73.814951, 40.698494000932939 ], [ -73.814447, 40.698561000932919 ], [ -73.813939, 40.698661000932965 ], [ -73.813427, 40.698794000932963 ], [ -73.811134162999963, 40.699449660932927 ] ] ] } },
    { "type": "Feature", "properties": { "Division": "BMT", "Line": "Nassau Loop", "route_id": "J", "color": "#8E5C33" }, "geometry": { "type": "MultiLineString", "coordinates": [ [ [ -74.011056, 40.706476000932987 ], [ -74.010692, 40.707069000932975 ], [ -74.010673, 40.707101000933022 ], [ -74.010653, 40.707133000932977 ], [ -74.010633, 40.70716500093296 ], [ -74.010612, 40.707197000932993 ], [ -74.010591, 40.707228000932972 ], [ -74.01057, 40.707259000933007 ], [ -74.010548, 40.707290000932971 ], [ -74.010526, 40.707320000932967 ], [ -74.010503, 40.707350000933012 ], [ -74.01048, 40.707380000933014 ], [ -74.010457, 40.707410000932988 ], [ -74.010433, 40.707439000933007 ], [ -74.010409, 40.707469000933003 ], [ -74.010385, 40.707497000932989 ], [ -74.01036, 40.707526000932965 ], [ -74.009571, 40.708399000932985 ], [ -74.009545, 40.708428000932969 ], [ -74.009519, 40.708457000932988 ], [ -74.009493, 40.708485000932988 ], [ -74.009468, 40.708512000932998 ], [ -74.009443, 40.708538000932968 ], [ -74.009419, 40.708564000933016 ], [ -74.009394, 40.708590000933015 ], [ -74.00937, 40.708614000932997 ], [ -74.009346, 40.708638000933007 ], [ -74.009323, 40.708661000932999 ], [ -74.009299, 40.70868400093299 ], [ -74.009276, 40.708706000932992 ], [ -74.009254, 40.708727000933017 ], [ -74.009231, 40.708748000933021 ], [ -74.009209, 40.708768000933027 ], [ -74.009043, 40.708913000932995 ], [ -74.009026, 40.708927000933038 ], [ -74.009008, 40.708942000932979 ], [ -74.008989, 40.708958000932988 ], [ -74.00897, 40.708975000933009 ], [ -74.00895, 40.708993000933006 ], [ -74.00893, 40.709011000932968 ], [ -74.008909, 40.709031000932995 ], [ -74.008887, 40.709051000932988 ], [ -74.008865, 40.709072000932984 ], [ -74.008842, 40.70909500093299 ], [ -74.008819, 40.709118000932989 ], [ -74.008795, 40.709141000932995 ], [ -74.008771, 40.709166000932996 ], [ -74.008746, 40.709192000932973 ], [ -74.00872, 40.709218000933006 ], [ -74.007938, 40.710023000932978 ], [ -74.007908, 40.710055000933011 ], [ -74.007878, 40.710085000933013 ], [ -74.00785, 40.71011500093298 ], [ -74.007822, 40.710143000933009 ], [ -74.007795, 40.710170000932997 ], [ -74.00777, 40.710196000933017 ], [ -74.007745, 40.710220000933006 ], [ -74.007721, 40.710244000933002 ], [ -74.007698, 40.71026600093299 ], [ -74.007677, 40.710287000933015 ], [ -74.007656, 40.710307000932993 ], [ -74.007636, 40.710325000933004 ], [ -74.007617, 40.710343000933044 ], [ -74.007599, 40.710359000932968 ], [ -74.007582, 40.710374000933015 ], [ -74.007542, 40.710413000933016 ], [ -74.007504, 40.710449000932996 ], [ -74.007466, 40.710485000933019 ], [ -74.00743, 40.710519000932983 ], [ -74.007395, 40.710551000933009 ], [ -74.007361, 40.710581000933026 ], [ -74.007328, 40.710610000932974 ], [ -74.007296, 40.710637000933019 ], [ -74.007266, 40.710663000933025 ], [ -74.007237, 40.710687000933028 ], [ -74.007209, 40.710710000933013 ], [ -74.007182, 40.710731000933023 ], [ -74.007156, 40.710750000933054 ], [ -74.007131, 40.710768000933008 ], [ -74.007108, 40.710784000933018 ], [ -74.00541, 40.712006000933002 ], [ -74.005368, 40.712029000932972 ], [ -74.005324, 40.712052000932985 ], [ -74.00528, 40.712073000932989 ], [ -74.005235, 40.712093000932988 ], [ -74.00519, 40.712112000933004 ], [ -74.005143, 40.712130000933023 ], [ -74.005095, 40.71214700093303 ], [ -74.005047, 40.712163000932996 ], [ -74.004997, 40.712177000933011 ], [ -74.004947, 40.712191000933018 ], [ -74.004896, 40.712203000933009 ], [ -74.004844, 40.712215000933035 ], [ -74.004791, 40.71222500093301 ], [ -74.004737, 40.712234000933059 ], [ -74.004682, 40.712242000933003 ], [ -74.00445, 40.712274000932993 ], [ -74.004388, 40.712285000933029 ], [ -74.00433, 40.712298000932989 ], [ -74.004273, 40.712313000933023 ], [ -74.00422, 40.712329000933032 ], [ -74.004168, 40.712347000933036 ], [ -74.00412, 40.712367000932979 ], [ -74.004074, 40.712389000932987 ], [ -74.004031, 40.712412000932993 ], [ -74.00399, 40.712437000933036 ], [ -74.003952, 40.712464000933025 ], [ -74.003916, 40.712492000933011 ], [ -74.003883, 40.712522000932985 ], [ -74.003853, 40.712554000933032 ], [ -74.003825, 40.712588000933003 ], [ -74.003802, 40.712622000933031 ], [ -74.003401, 40.713243000932984 ], [ -74.002832, 40.714141000933019 ], [ -74.002811, 40.714176000933037 ], [ -74.00279, 40.714211000932991 ], [ -74.002768, 40.714246000933031 ], [ -74.002746, 40.714281000933006 ], [ -74.002723, 40.714316000933024 ], [ -74.0027, 40.714351000933029 ], [ -74.002677, 40.714386000933004 ], [ -74.002653, 40.714421000933058 ], [ -74.002629, 40.714456000932991 ], [ -74.002604, 40.71449100093303 ], [ -74.002579, 40.714526000932992 ], [ -74.002554, 40.714561000933038 ], [ -74.002528, 40.714596000932993 ], [ -74.002502, 40.714631000933025 ], [ -74.002475, 40.714666000933057 ], [ -74.000686, 40.717100000933058 ], [ -74.000665, 40.717128000933045 ], [ -74.000643, 40.717157000933035 ], [ -74.000621, 40.717186000932998 ], [ -74.000599, 40.717215000933052 ], [ -74.000576, 40.71724500093304 ], [ -74.000552, 40.717276000933019 ], [ -74.000528, 40.717306000933043 ], [ -74.000504, 40.717338000933026 ], [ -74.000479, 40.717370000933059 ], [ -74.000454, 40.717402000933042 ], [ -74.000428, 40.717434000933018 ], [ -74.000402, 40.717468000933025 ], [ -74.000375, 40.717501000933012 ], [ -74.000348, 40.717535000933033 ], [ -74.00032, 40.717570000933065 ], [ -73.999892, 40.718092000933062 ], [ -73.999208, 40.718949000933058 ], [ -73.99919, 40.718971000933045 ], [ -73.999173, 40.718993000933082 ], [ -73.999155, 40.719014000933072 ], [ -73.999137, 40.719036000933066 ], [ -73.99912, 40.719058000933067 ], [ -73.999102, 40.71908000093309 ], [ -73.999084, 40.719101000933072 ], [ -73.999066, 40.719123000933017 ], [ -73.999048, 40.719144000933028 ], [ -73.99903, 40.719166000933022 ], [ -73.999012, 40.719187000933026 ], [ -73.998994, 40.719209000933027 ], [ -73.998976, 40.719230000933031 ], [ -73.998958, 40.719252000933018 ], [ -73.99894, 40.719273000933022 ], [ -73.997534, 40.720941000933024 ], [ -73.99749, 40.720993000933085 ], [ -73.997444, 40.721041000933077 ], [ -73.997396, 40.721083000933071 ], [ -73.997346, 40.721120000933062 ], [ -73.997294, 40.721153000933086 ], [ -73.99724, 40.721180000933046 ], [ -73.997183, 40.721202000933054 ], [ -73.997124, 40.721219000933075 ], [ -73.997064, 40.721231000933045 ], [ -73.997001, 40.721238000933027 ], [ -73.996936, 40.721239000933046 ], [ -73.996869, 40.721236000933047 ], [ -73.9968, 40.721228000933067 ], [ -73.996728, 40.721214000933024 ], [ -73.996655, 40.721196000933084 ], [ -73.993915, 40.720280000933037 ], [ -73.987441096999987, 40.718316243933046 ] ] ] } },
    { "type": "Feature", "properties": { "Division": "IND", "Line": "Archer Avenue", "route_id": "J", "color": "#8E5C33" }, "geometry": { "type": "MultiLineString", "coordinates": [ [ [ -73.811134162999963, 40.699449660932927 ], [ -73.811105, 40.699458000932935 ], [ -73.809735, 40.699845000932932 ], [ -73.809673, 40.699863000932957 ], [ -73.809612, 40.699881000932962 ], [ -73.809551, 40.699899000932959 ], [ -73.80949, 40.699919000932994 ], [ -73.809429, 40.699939000932936 ], [ -73.809369, 40.699959000932942 ], [ -73.809309, 40.699980000932932 ], [ -73.809249, 40.700002000932919 ], [ -73.809189, 40.700024000932956 ], [ -73.80913, 40.70004700093294 ], [ -73.809071, 40.700071000932951 ], [ -73.809012, 40.700095000932926 ], [ -73.808953, 40.700120000932927 ], [ -73.808895, 40.70014500093297 ], [ -73.808838, 40.700171000932968 ], [ -73.808782, 40.700197000932953 ], [ -73.808726, 40.700222000932953 ], [ -73.80867, 40.700246000932935 ], [ -73.808613, 40.700269000932956 ], [ -73.808556, 40.700292000932969 ], [ -73.808499, 40.700315000932932 ], [ -73.808442, 40.70033600093295 ], [ -73.808384, 40.700357000932968 ], [ -73.808326, 40.70037800093295 ], [ -73.808267, 40.700397000932966 ], [ -73.808209, 40.700416000932968 ], [ -73.808149, 40.70043500093292 ], [ -73.80809, 40.700453000932953 ], [ -73.80803, 40.700470000932967 ], [ -73.807969, 40.700486000932969 ], [ -73.806654, 40.700823000932978 ], [ -73.804039, 40.701487000932957 ], [ -73.803989, 40.701499000932991 ], [ -73.803939, 40.701511000932953 ], [ -73.803891, 40.701523000932973 ], [ -73.803844, 40.701534000932952 ], [ -73.803798, 40.70154500093296 ], [ -73.803752, 40.701555000932942 ], [ -73.803708, 40.701565000932987 ], [ -73.803664, 40.701575000932955 ], [ -73.803622, 40.701584000932925 ], [ -73.803581, 40.701593000932952 ], [ -73.80354, 40.70160200093293 ], [ -73.803501, 40.701610000932973 ], [ -73.803462, 40.70161800093296 ], [ -73.803425, 40.701626000932961 ], [ -73.803388, 40.701633000932958 ], [ -73.801109, 40.702147000932925 ] ] ] } },
    { "type": "Feature", "properties": { "Division": "BMT", "Line": "Canarsie", "route_id": "L", "color": "#A7A9AC" }, "geometry": { "type": "MultiLineString", "coordinates": [ [ [ -73.90185, 40.646654000932692 ], [ -73.899485, 40.650573000932731 ], [ -73.898278, 40.652568000932703 ], [ -73.898222, 40.652675000932717 ], [ -73.898172, 40.652781000932748 ], [ -73.898128, 40.652889000932745 ], [ -73.898091, 40.652997000932693 ], [ -73.898059, 40.653106000932702 ], [ -73.898033, 40.65321700093272 ], [ -73.898014, 40.653328000932717 ], [ -73.898, 40.653440000932726 ], [ -73.897992, 40.653553000932732 ], [ -73.897991, 40.653668000932718 ], [ -73.897995, 40.653783000932705 ], [ -73.898006, 40.653899000932753 ], [ -73.898023, 40.654016000932756 ], [ -73.898045, 40.654134000932721 ], [ -73.898074, 40.654252000932701 ], [ -73.899232, 40.658733000932735 ], [ -73.900571, 40.664038000932763 ], [ -73.901975, 40.669367000932837 ], [ -73.90231, 40.670703000932811 ], [ -73.902314, 40.670726000932802 ], [ -73.902319, 40.670751000932803 ], [ -73.902326, 40.6707750009328 ], [ -73.902333, 40.670800000932793 ], [ -73.90234, 40.670825000932794 ], [ -73.902349, 40.670850000932781 ], [ -73.902358, 40.670875000932831 ], [ -73.902368, 40.670901000932837 ], [ -73.902379, 40.670927000932835 ], [ -73.90239, 40.670952000932807 ], [ -73.902402, 40.670979000932817 ], [ -73.902415, 40.671005000932773 ], [ -73.902429, 40.671031000932778 ], [ -73.902443, 40.671058000932845 ], [ -73.902458, 40.67108500093282 ], [ -73.90247, 40.671106000932809 ], [ -73.902481, 40.67112700093282 ], [ -73.902492, 40.671149000932814 ], [ -73.902503, 40.67117100093283 ], [ -73.902513, 40.671194000932836 ], [ -73.902523, 40.671218000932832 ], [ -73.902533, 40.671242000932814 ], [ -73.902543, 40.67126600093281 ], [ -73.902552, 40.671292000932816 ], [ -73.902561, 40.67131700093281 ], [ -73.902569, 40.671344000932791 ], [ -73.902577, 40.671371000932837 ], [ -73.902585, 40.671398000932811 ], [ -73.902593, 40.671426000932819 ], [ -73.902599, 40.671455000932788 ], [ -73.903274, 40.674099000932848 ], [ -73.903283, 40.674137000932802 ], [ -73.90329, 40.674175000932806 ], [ -73.903297, 40.674212000932862 ], [ -73.903302, 40.674249000932818 ], [ -73.903306, 40.674286000932803 ], [ -73.903309, 40.674323000932837 ], [ -73.903311, 40.674359000932803 ], [ -73.903311, 40.674395000932833 ], [ -73.903311, 40.674431000932799 ], [ -73.903309, 40.674467000932822 ], [ -73.903306, 40.674502000932854 ], [ -73.903302, 40.674537000932816 ], [ -73.903297, 40.674572000932848 ], [ -73.90329, 40.674607000932788 ], [ -73.903283, 40.674641000932823 ], [ -73.903097, 40.675345000932836 ], [ -73.902906, 40.676067000932846 ], [ -73.902901, 40.676085000932844 ], [ -73.902897, 40.676102000932836 ], [ -73.902893, 40.676120000932812 ], [ -73.902889, 40.676138000932795 ], [ -73.902886, 40.676156000932835 ], [ -73.902882, 40.676173000932813 ], [ -73.902879, 40.676191000932867 ], [ -73.902877, 40.676209000932808 ], [ -73.902874, 40.676227000932833 ], [ -73.902872, 40.676245000932845 ], [ -73.90287, 40.676262000932859 ], [ -73.902868, 40.676280000932863 ], [ -73.902867, 40.67629800093281 ], [ -73.902866, 40.676316000932822 ], [ -73.902865, 40.67633400093284 ], [ -73.90281, 40.677009000932841 ], [ -73.902807, 40.677058000932831 ], [ -73.902805, 40.677106000932817 ], [ -73.902803, 40.677154000932823 ], [ -73.902803, 40.67720200093288 ], [ -73.902805, 40.677249000932868 ], [ -73.902807, 40.677296000932849 ], [ -73.902811, 40.677343000932837 ], [ -73.902816, 40.677389000932862 ], [ -73.902822, 40.67743500093286 ], [ -73.902829, 40.677480000932853 ], [ -73.902838, 40.67752500093286 ], [ -73.902848, 40.677570000932853 ], [ -73.902859, 40.677614000932842 ], [ -73.902871, 40.677658000932851 ], [ -73.902886, 40.677701000932856 ], [ -73.90324, 40.678856000932839 ], [ -73.903846, 40.680764000932882 ], [ -73.903881, 40.680842000932856 ], [ -73.903918, 40.680919000932882 ], [ -73.903957, 40.680995000932889 ], [ -73.903998, 40.681070000932849 ], [ -73.90404, 40.681144000932896 ], [ -73.904084, 40.681216000932871 ], [ -73.90413, 40.681288000932845 ], [ -73.904178, 40.681358000932867 ], [ -73.904228, 40.681427000932842 ], [ -73.904279, 40.681495000932856 ], [ -73.904333, 40.681562000932836 ], [ -73.904388, 40.681627000932863 ], [ -73.904445, 40.681692000932863 ], [ -73.904503, 40.681755000932881 ], [ -73.904564, 40.681817000932888 ], [ -73.904605, 40.681858000932856 ], [ -73.904647, 40.681901000932847 ], [ -73.90469, 40.681949000932839 ], [ -73.904733, 40.682000000932888 ], [ -73.904777, 40.68205600093286 ], [ -73.904821, 40.682115000932882 ], [ -73.904866, 40.682179000932905 ], [ -73.904912, 40.682246000932871 ], [ -73.904958, 40.682318000932874 ], [ -73.905005, 40.682393000932883 ], [ -73.905053, 40.68247200093289 ], [ -73.905101, 40.682555000932851 ], [ -73.90515, 40.682643000932849 ], [ -73.905199, 40.682734000932868 ], [ -73.905249, 40.682829000932863 ], [ -73.905316, 40.682948000932889 ], [ -73.905377, 40.68306700093288 ], [ -73.905434, 40.683187000932833 ], [ -73.905486, 40.683307000932878 ], [ -73.905534, 40.683429000932868 ], [ -73.905577, 40.683552000932899 ], [ -73.905616, 40.68367600093287 ], [ -73.905651, 40.683801000932903 ], [ -73.90568, 40.683927000932869 ], [ -73.905706, 40.684054000932889 ], [ -73.905727, 40.6841820009329 ], [ -73.905743, 40.684311000932844 ], [ -73.905755, 40.684441000932893 ], [ -73.905762, 40.684573000932879 ], [ -73.905764, 40.684707000932889 ], [ -73.905647, 40.685684000932866 ], [ -73.905611, 40.685878000932895 ], [ -73.905574, 40.68606700093288 ], [ -73.905533, 40.686248000932878 ], [ -73.905488, 40.6864220009329 ], [ -73.905441, 40.686590000932917 ], [ -73.905391, 40.686750000932932 ], [ -73.905337, 40.686903000932872 ], [ -73.90528, 40.687049000932888 ], [ -73.90522, 40.687188000932871 ], [ -73.905157, 40.687321000932883 ], [ -73.905091, 40.687446000932901 ], [ -73.905021, 40.687564000932909 ], [ -73.904949, 40.687675000932892 ], [ -73.904873, 40.687779000932871 ], [ -73.904794, 40.687875000932927 ], [ -73.904046, 40.688764000932885 ], [ -73.903233, 40.689721000932934 ], [ -73.903193, 40.689768000932922 ], [ -73.903152, 40.689815000932924 ], [ -73.90311, 40.689863000932917 ], [ -73.903067, 40.689911000932902 ], [ -73.903023, 40.689960000932899 ], [ -73.902977, 40.690010000932865 ], [ -73.902931, 40.690060000932917 ], [ -73.902883, 40.690110000932911 ], [ -73.902834, 40.690162000932908 ], [ -73.902784, 40.690214000932869 ], [ -73.902733, 40.690266000932915 ], [ -73.90268, 40.690319000932909 ], [ -73.902627, 40.690373000932929 ], [ -73.902572, 40.690427000932893 ], [ -73.902516, 40.69048200093286 ], [ -73.90242, 40.690576000932921 ], [ -73.902326, 40.690671000932902 ], [ -73.902232, 40.690766000932911 ], [ -73.90214, 40.690860000932915 ], [ -73.902048, 40.690955000932888 ], [ -73.901958, 40.691049000932935 ], [ -73.901868, 40.691144000932944 ], [ -73.90178, 40.69123800093292 ], [ -73.901693, 40.691332000932917 ], [ -73.901606, 40.691427000932912 ], [ -73.901521, 40.691521000932944 ], [ -73.901437, 40.691615000932941 ], [ -73.901354, 40.69170800093292 ], [ -73.901272, 40.691802000932896 ], [ -73.901191, 40.691895000932895 ], [ -73.901083, 40.692066000932954 ], [ -73.900993, 40.692234000932885 ], [ -73.900921, 40.692397000932878 ], [ -73.900868, 40.692557000932943 ], [ -73.900833, 40.692712000932886 ], [ -73.900817, 40.692864000932893 ], [ -73.900819, 40.693012000932931 ], [ -73.90084, 40.693155000932897 ], [ -73.900879, 40.693295000932906 ], [ -73.900937, 40.69343100093289 ], [ -73.901013, 40.693564000932923 ], [ -73.901108, 40.693692000932913 ], [ -73.901221, 40.693816000932905 ], [ -73.901353, 40.693937000932948 ], [ -73.901504, 40.694054000932937 ], [ -73.902304, 40.694559000932898 ], [ -73.902342, 40.694585000932946 ], [ -73.902381, 40.694610000932961 ], [ -73.902421, 40.694637000932943 ], [ -73.902462, 40.694663000932927 ], [ -73.902504, 40.694690000932894 ], [ -73.902547, 40.694717000932904 ], [ -73.902591, 40.69474500093294 ], [ -73.902637, 40.69477300093294 ], [ -73.902683, 40.69480100093292 ], [ -73.90273, 40.694830000932917 ], [ -73.902779, 40.694859000932929 ], [ -73.902828, 40.694889000932925 ], [ -73.902879, 40.694918000932894 ], [ -73.90293, 40.694949000932915 ], [ -73.902984, 40.694979000932918 ], [ -73.904084, 40.695602000932951 ], [ -73.911586, 40.699814000932967 ], [ -73.914513, 40.701432000932975 ], [ -73.91461, 40.701485000932955 ], [ -73.914707, 40.701538000932928 ], [ -73.914803, 40.701592000932969 ], [ -73.9149, 40.701646000932946 ], [ -73.914997, 40.701700000932995 ], [ -73.915093, 40.701756000932946 ], [ -73.91519, 40.701811000932977 ], [ -73.915286, 40.701867000932957 ], [ -73.915383, 40.701924000932991 ], [ -73.915479, 40.701980000932963 ], [ -73.915576, 40.70203800093298 ], [ -73.915672, 40.702096000932961 ], [ -73.915768, 40.702154000932978 ], [ -73.915865, 40.702213000932936 ], [ -73.915962, 40.70227200093295 ], [ -73.918425, 40.703811000932951 ], [ -73.922913, 40.706607000933005 ], [ -73.923782, 40.707150000933012 ], [ -73.923874, 40.707200000932986 ], [ -73.923966, 40.707246000932983 ], [ -73.924059, 40.707287000932993 ], [ -73.924153, 40.707324000932964 ], [ -73.924248, 40.707357000932994 ], [ -73.924343, 40.707385000932973 ], [ -73.924439, 40.707409000932977 ], [ -73.924535, 40.707428000932993 ], [ -73.924633, 40.70744300093299 ], [ -73.924731, 40.707453000932972 ], [ -73.924829, 40.707459000932964 ], [ -73.924929, 40.707460000932947 ], [ -73.925029, 40.707457000932969 ], [ -73.92513, 40.707449000932989 ], [ -73.92523, 40.707436000932972 ], [ -73.933147, 40.706152000932939 ], [ -73.933513, 40.706094000933 ], [ -73.933579, 40.706084000932968 ], [ -73.933645, 40.706075000932998 ], [ -73.933712, 40.70606700093299 ], [ -73.93378, 40.706059000932981 ], [ -73.933848, 40.706053000932968 ], [ -73.933918, 40.70604700093299 ], [ -73.933988, 40.706042000932932 ], [ -73.934059, 40.706038000932956 ], [ -73.93413, 40.706035000932971 ], [ -73.934203, 40.706033000932976 ], [ -73.934276, 40.706032000932964 ], [ -73.93435, 40.706031000932981 ], [ -73.934424, 40.706032000932986 ], [ -73.9345, 40.706033000932976 ], [ -73.934576, 40.706036000932961 ], [ -73.934646, 40.706038000932942 ], [ -73.934715, 40.706040000932965 ], [ -73.934785, 40.706041000932956 ], [ -73.934856, 40.706042000932946 ], [ -73.934926, 40.706041000932956 ], [ -73.934997, 40.706039000932954 ], [ -73.935068, 40.706037000932966 ], [ -73.935139, 40.706033000932983 ], [ -73.93521, 40.706029000932979 ], [ -73.935281, 40.706023000933016 ], [ -73.935353, 40.70601700093296 ], [ -73.935424, 40.706009000932973 ], [ -73.935496, 40.706001000932986 ], [ -73.935569, 40.705991000932976 ], [ -73.93564, 40.705981000932965 ], [ -73.937953, 40.705534000932978 ], [ -73.938143, 40.70550500093298 ], [ -73.938322, 40.705488000932981 ], [ -73.938491, 40.705485000932988 ], [ -73.938648, 40.705495000932956 ], [ -73.938794, 40.705518000932955 ], [ -73.938929, 40.705554000932985 ], [ -73.939053, 40.705604000932972 ], [ -73.939166, 40.705667000932969 ], [ -73.939268, 40.705743000932969 ], [ -73.939358, 40.705833000932955 ], [ -73.939437, 40.705936000932979 ], [ -73.939505, 40.706052000932978 ], [ -73.939562, 40.706181000933 ], [ -73.939608, 40.706324000932966 ], [ -73.939643, 40.706480000932991 ], [ -73.93985, 40.70773900093301 ], [ -73.940407, 40.711087000933041 ], [ -73.940415, 40.711140000933 ], [ -73.940424, 40.711193000932987 ], [ -73.940434, 40.711246000933016 ], [ -73.940446, 40.711300000933008 ], [ -73.940459, 40.711355000932976 ], [ -73.940474, 40.711410000933022 ], [ -73.94049, 40.711465000933003 ], [ -73.940508, 40.711521000933004 ], [ -73.940527, 40.711577000932984 ], [ -73.940547, 40.711634000933017 ], [ -73.940569, 40.711691000932987 ], [ -73.940593, 40.711749000933025 ], [ -73.940617, 40.711807000933028 ], [ -73.940643, 40.711866000932993 ], [ -73.94067, 40.711926000933019 ], [ -73.941905, 40.714383000933033 ], [ -73.941928, 40.714429000933023 ], [ -73.941954, 40.714472000933029 ], [ -73.941983, 40.714511000933044 ], [ -73.942015, 40.714547000932996 ], [ -73.94205, 40.714579000933036 ], [ -73.942089, 40.714607000933029 ], [ -73.942131, 40.71463200093303 ], [ -73.942176, 40.714653000933041 ], [ -73.942224, 40.714671000933038 ], [ -73.942276, 40.714685000932988 ], [ -73.942331, 40.714695000933034 ], [ -73.942389, 40.714702000933023 ], [ -73.94245, 40.714705000933002 ], [ -73.942515, 40.714704000933004 ], [ -73.942584, 40.714700000933021 ], [ -73.944053, 40.714565000933014 ], [ -73.94855, 40.714136000933024 ], [ -73.948667, 40.714124000932991 ], [ -73.948784, 40.714113000933033 ], [ -73.9489, 40.714103000933044 ], [ -73.949017, 40.714094000933031 ], [ -73.949133, 40.71408600093303 ], [ -73.949248, 40.714079000932998 ], [ -73.949363, 40.714073000932999 ], [ -73.949478, 40.714068000933018 ], [ -73.949593, 40.714064000933014 ], [ -73.949708, 40.714061000933057 ], [ -73.949822, 40.714059000933041 ], [ -73.949935, 40.714058000933044 ], [ -73.950049, 40.714058000933058 ], [ -73.950162, 40.714060000933038 ], [ -73.950275, 40.71406300093301 ], [ -73.951068, 40.714065000933033 ], [ -73.951146, 40.714065000933019 ], [ -73.951222, 40.714068000933018 ], [ -73.951298, 40.714074000933003 ], [ -73.951373, 40.714083000933051 ], [ -73.951447, 40.714094000933031 ], [ -73.95152, 40.714108000933038 ], [ -73.951592, 40.714125000933052 ], [ -73.951664, 40.714145000933001 ], [ -73.951734, 40.714168000933014 ], [ -73.951803, 40.714193000933051 ], [ -73.951872, 40.714221000933023 ], [ -73.95194, 40.714252000933037 ], [ -73.952006, 40.714286000933058 ], [ -73.952072, 40.714323000933007 ], [ -73.952137, 40.714362000933036 ], [ -73.956872, 40.717304000933055 ], [ -73.972376, 40.726957000933041 ], [ -73.972429, 40.726990000933064 ], [ -73.972484, 40.727022000933061 ], [ -73.97254, 40.727055000933078 ], [ -73.972599, 40.727089000933077 ], [ -73.97266, 40.727122000933093 ], [ -73.972723, 40.727156000933078 ], [ -73.972788, 40.727190000933092 ], [ -73.972855, 40.727224000933063 ], [ -73.972924, 40.727259000933088 ], [ -73.972994, 40.727293000933052 ], [ -73.973067, 40.727328000933085 ], [ -73.973142, 40.727364000933122 ], [ -73.973219, 40.727399000933097 ], [ -73.973298, 40.727435000933099 ], [ -73.973379, 40.727471000933072 ], [ -73.981628, 40.73095300093312 ], [ -73.986122, 40.732849000933115 ], [ -73.99073, 40.734789000933105 ], [ -73.996786, 40.737335000933136 ], [ -74.002578, 40.739777000933152 ] ] ] } },
    { "type": "Feature", "properties": { "Division": "BMT", "Line": "4th Avenue", "route_id": "N", "color": "#FFD503" }, "geometry": { "type": "MultiLineString", "coordinates": [ [ [ -74.020764597999971, 40.638586279932632 ], [ -74.020758, 40.638594000932656 ], [ -74.020704, 40.638650000932635 ], [ -74.017881, 40.641362000932659 ], [ -74.014034, 40.645069000932665 ], [ -74.010006, 40.648939000932707 ], [ -74.005194, 40.653563000932735 ], [ -74.003549, 40.655144000932751 ], [ -73.998091, 40.66039700093274 ], [ -73.992872, 40.665414000932785 ], [ -73.992838, 40.665448000932756 ], [ -73.992804, 40.665483000932781 ], [ -73.992772, 40.665517000932809 ], [ -73.992739, 40.665552000932777 ], [ -73.992707, 40.665586000932805 ], [ -73.992675, 40.665620000932783 ], [ -73.992644, 40.665655000932809 ], [ -73.992612, 40.665689000932765 ], [ -73.992582, 40.665724000932784 ], [ -73.992551, 40.665758000932769 ], [ -73.992521, 40.665792000932797 ], [ -73.992491, 40.665827000932765 ], [ -73.992462, 40.6658610009328 ], [ -73.992433, 40.665896000932754 ], [ -73.992403, 40.665930000932775 ], [ -73.988302, 40.670847000932824 ], [ -73.984193, 40.675775000932845 ], [ -73.984147, 40.675831000932853 ], [ -73.984102, 40.675887000932825 ], [ -73.984059, 40.675942000932849 ], [ -73.984016, 40.675997000932831 ], [ -73.983975, 40.676050000932811 ], [ -73.983934, 40.676104000932853 ], [ -73.983895, 40.676156000932821 ], [ -73.983857, 40.67620800093281 ], [ -73.98382, 40.676259000932859 ], [ -73.983785, 40.676309000932861 ], [ -73.98375, 40.676359000932834 ], [ -73.983717, 40.676408000932817 ], [ -73.983684, 40.676457000932807 ], [ -73.983653, 40.676505000932877 ], [ -73.983623, 40.676552000932844 ], [ -73.98311, 40.677316000932855 ], [ -73.97881, 40.683666000932902 ], [ -73.978198, 40.684598000932873 ], [ -73.978169, 40.684641000932885 ], [ -73.978143, 40.684683000932878 ], [ -73.978118, 40.684726000932891 ], [ -73.978096, 40.684769000932896 ], [ -73.978075, 40.684811000932832 ], [ -73.978057, 40.684854000932852 ], [ -73.97804, 40.684897000932885 ], [ -73.978026, 40.684939000932872 ], [ -73.978014, 40.684982000932877 ], [ -73.978003, 40.685024000932877 ], [ -73.977995, 40.685067000932882 ], [ -73.977988, 40.685110000932902 ], [ -73.977984, 40.685152000932902 ], [ -73.977981, 40.685195000932914 ], [ -73.97798, 40.685237000932851 ], [ -73.978304, 40.687446000932916 ], [ -73.978312, 40.687496000932896 ], [ -73.978323, 40.687545000932886 ], [ -73.978338, 40.68759400093289 ], [ -73.978357, 40.68764000093288 ], [ -73.97838, 40.687686000932878 ], [ -73.978406, 40.687730000932874 ], [ -73.978436, 40.687773000932879 ], [ -73.978469, 40.687815000932908 ], [ -73.978506, 40.687855000932892 ], [ -73.978547, 40.687894000932864 ], [ -73.978592, 40.687931000932892 ], [ -73.97864, 40.6879670009329 ], [ -73.978691, 40.688002000932897 ], [ -73.978747, 40.688036000932883 ], [ -73.978805, 40.688068000932894 ], [ -73.980474, 40.688730000932921 ], [ -73.980545, 40.688760000932909 ], [ -73.980613, 40.688792000932857 ], [ -73.980678, 40.688827000932903 ], [ -73.98074, 40.688863000932862 ], [ -73.980798, 40.688902000932885 ], [ -73.980853, 40.688943000932888 ], [ -73.980905, 40.688986000932907 ], [ -73.980954, 40.6890310009329 ], [ -73.980999, 40.689078000932895 ], [ -73.981042, 40.689127000932878 ], [ -73.981081, 40.68917800093287 ], [ -73.981117, 40.689232000932904 ], [ -73.981149, 40.689287000932872 ], [ -73.981179, 40.68934500093291 ], [ -73.981205, 40.689405000932936 ], [ -73.981824, 40.690635000932879 ], [ -73.982304, 40.691559000932891 ], [ -73.983377497999982, 40.693727008932946 ] ] ] } },
    { "type": "Feature", "properties": { "Division": "BMT", "Line": "Astoria", "route_id": "N", "color": "#FFD503" }, "geometry": { "type": "MultiLineString", "coordinates": [ [ [ -73.934504412999956, 40.751151303933177 ], [ -73.934101, 40.751406000933187 ], [ -73.934061, 40.751431000933181 ], [ -73.934022, 40.751458000933212 ], [ -73.933984, 40.751485000933208 ], [ -73.933946, 40.75151300093318 ], [ -73.933908, 40.751542000933199 ], [ -73.933872, 40.751572000933201 ], [ -73.933836, 40.751602000933197 ], [ -73.9338, 40.75163400093323 ], [ -73.933766, 40.75166600093322 ], [ -73.933731, 40.751700000933184 ], [ -73.933698, 40.751734000933212 ], [ -73.933665, 40.751769000933173 ], [ -73.933633, 40.751805000933189 ], [ -73.933601, 40.751841000933233 ], [ -73.93357, 40.751879000933179 ], [ -73.932755, 40.752882000933234 ], [ -73.929575, 40.756804000933215 ], [ -73.925508, 40.761820000933227 ], [ -73.921479, 40.766779000933283 ], [ -73.920795, 40.767617000933257 ], [ -73.920746, 40.767672000933288 ], [ -73.920696, 40.767726000933273 ], [ -73.920646, 40.767780000933278 ], [ -73.920594, 40.767835000933296 ], [ -73.920542, 40.767889000933252 ], [ -73.920489, 40.767942000933303 ], [ -73.920436, 40.767996000933259 ], [ -73.920382, 40.768050000933286 ], [ -73.920327, 40.768103000933259 ], [ -73.920271, 40.768157000933257 ], [ -73.920215, 40.768210000933301 ], [ -73.920158, 40.768263000933288 ], [ -73.9201, 40.768316000933247 ], [ -73.920041, 40.768368000933293 ], [ -73.919982, 40.768421000933273 ], [ -73.917843, 40.770258000933303 ], [ -73.912034, 40.775036000933298 ] ] ] } },
    { "type": "Feature", "properties": { "Division": "BMT", "Line": "Broadway", "route_id": "N", "color": "#FFD503" }, "geometry": { "type": "MultiLineString", "coordinates": [ [ [ -73.983377497999925, 40.69372700893301 ], [ -73.983428, 40.693829000932915 ], [ -73.984126, 40.695079000932964 ], [ -73.985484, 40.697770000932998 ], [ -73.99501, 40.714878000933112 ], [ -73.995034, 40.714925000933114 ], [ -73.995059, 40.714971000933005 ], [ -73.995085, 40.715017000933095 ], [ -73.995111999999892, 40.715062000933116 ], [ -73.995140999999876, 40.715108000933157 ], [ -73.995171, 40.71515200093306 ], [ -73.995202, 40.715197000933053 ], [ -73.995233999999869, 40.715241000932998 ], [ -73.99526799999984, 40.715285000933065 ], [ -73.995303, 40.715328000933056 ], [ -73.995339, 40.715371000933075 ], [ -73.995376, 40.715414000933066 ], [ -73.995414, 40.715456000933031 ], [ -73.995454, 40.715498000933074 ], [ -73.995495, 40.715540000933039 ], [ -73.995962, 40.716011000933101 ], [ -73.995996, 40.716047000933074 ], [ -73.996031, 40.716081000933045 ], [ -73.996069, 40.716115000933002 ], [ -73.996108999999876, 40.716148000933053 ], [ -73.99615, 40.716179000933138 ], [ -73.996193999999889, 40.716210000933053 ], [ -73.996238999999889, 40.716240000933041 ], [ -73.996287, 40.716268000933027 ], [ -73.996337, 40.71629600093307 ], [ -73.996388, 40.716322000933069 ], [ -73.996441999999888, 40.716348000933102 ], [ -73.996497, 40.71637200093312 ], [ -73.99655499999983, 40.716396000932981 ], [ -73.996614, 40.716418000933039 ], [ -73.996676, 40.716440000933055 ], [ -73.998177, 40.716956000933095 ], [ -73.998249, 40.716981000933046 ], [ -73.99832, 40.71700700093308 ], [ -73.998391, 40.717034000933204 ], [ -73.99846, 40.717062000932998 ], [ -73.998528, 40.717091000933095 ], [ -73.998595, 40.7171200009332 ], [ -73.99866, 40.717151000933107 ], [ -73.998725, 40.717183000933112 ], [ -73.998789, 40.717216000933135 ], [ -73.998851999999886, 40.717250000933099 ], [ -73.998913, 40.71728400093307 ], [ -73.998974, 40.717320000933043 ], [ -73.999033, 40.717357000933127 ], [ -73.999092, 40.717394000933133 ], [ -73.999148999999875, 40.717433000932978 ], [ -74.00046, 40.71838300093308 ], [ -74.001326, 40.719004000933111 ], [ -74.001392999999894, 40.719055000933089 ], [ -74.001452, 40.719108000933183 ], [ -74.001502, 40.719162000933039 ], [ -74.001544, 40.719218000933068 ], [ -74.001577, 40.719275000933173 ], [ -74.00160099999988, 40.719334000933067 ], [ -74.001616, 40.719394000933015 ], [ -74.001623, 40.719456000933036 ], [ -74.001622, 40.719519000933104 ], [ -74.001611, 40.719584000933118 ], [ -74.001592, 40.719650000933115 ], [ -74.001564, 40.719718000933064 ], [ -74.001527999999894, 40.719787000933074 ], [ -74.001482999999894, 40.719858000933058 ], [ -74.001429, 40.71993000093314 ], [ -73.997702, 40.724329000933189 ], [ -73.992629, 40.73032800093322 ], [ -73.991683, 40.731445000933078 ], [ -73.991648999999882, 40.731485000933191 ], [ -73.991617, 40.731526000933229 ], [ -73.991586, 40.731567000933232 ], [ -73.991557999999827, 40.731609000933155 ], [ -73.991530999999895, 40.731651000933084 ], [ -73.991505, 40.731693000933184 ], [ -73.991482, 40.731736000933203 ], [ -73.99146, 40.731779000933187 ], [ -73.991439999999898, 40.731822000933228 ], [ -73.991422, 40.731866000933074 ], [ -73.991406, 40.731910000933198 ], [ -73.991391, 40.731954000933108 ], [ -73.991378, 40.731999000933094 ], [ -73.991367, 40.732044000933122 ], [ -73.991357999999877, 40.732090000933141 ], [ -73.990567999999882, 40.735736000933215 ], [ -73.990206, 40.737433000933152 ], [ -73.990195, 40.73747600093315 ], [ -73.990185999999881, 40.73751900093314 ], [ -73.990176, 40.737563000933207 ], [ -73.990166, 40.7376080009332 ], [ -73.990155, 40.737653000933207 ], [ -73.990144, 40.737698000933207 ], [ -73.990134, 40.737745000933202 ], [ -73.990122, 40.737792000933126 ], [ -73.990110999999899, 40.73783900093315 ], [ -73.990099, 40.737887000933192 ], [ -73.990088, 40.737936000933161 ], [ -73.990076, 40.737985000933143 ], [ -73.99006299999985, 40.738035000933216 ], [ -73.990051, 40.738085000933253 ], [ -73.990037, 40.738136000933153 ], [ -73.989604, 40.739792000933242 ], [ -73.98959, 40.739844000933132 ], [ -73.989578, 40.73989400093317 ], [ -73.989565999999854, 40.739945000933098 ], [ -73.989554, 40.739995000933199 ], [ -73.989543, 40.74004500093325 ], [ -73.989531999999883, 40.740095000933266 ], [ -73.989521999999852, 40.740145000933168 ], [ -73.989512, 40.740195000933213 ], [ -73.989503, 40.740244000933188 ], [ -73.989494, 40.740294000933226 ], [ -73.989484999999888, 40.740343000933173 ], [ -73.989477, 40.740392000933177 ], [ -73.989469, 40.740441000933153 ], [ -73.989462, 40.740489000933195 ], [ -73.989455, 40.740538000933135 ], [ -73.989344, 40.741303000933193 ], [ -73.989191999999889, 40.742643000933207 ], [ -73.989186, 40.742700000933183 ], [ -73.98918, 40.742757000933288 ], [ -73.989173, 40.742812000933213 ], [ -73.989166, 40.742867000933117 ], [ -73.98916, 40.742920000933267 ], [ -73.989152999999874, 40.742973000933183 ], [ -73.989145999999892, 40.743025000933216 ], [ -73.989138, 40.743075000933267 ], [ -73.989131, 40.743125000933148 ], [ -73.989123, 40.743173000933261 ], [ -73.989116, 40.743221000933289 ], [ -73.989108, 40.743268000933291 ], [ -73.9891, 40.743314000933175 ], [ -73.989091, 40.743358000933235 ], [ -73.989083, 40.74340200093318 ], [ -73.988691, 40.745494000933235 ], [ -73.987949999999898, 40.749567000933254 ], [ -73.987569999999891, 40.75181500093327 ], [ -73.987556, 40.751893000933165 ], [ -73.987541, 40.75197100093321 ], [ -73.987525999999889, 40.752049000933297 ], [ -73.98751, 40.75212700093315 ], [ -73.987493, 40.752204000933276 ], [ -73.987475, 40.752282000933214 ], [ -73.987457, 40.752360000933237 ], [ -73.987436999999886, 40.75243800093314 ], [ -73.987417, 40.752516000933355 ], [ -73.987395999999876, 40.752593000933345 ], [ -73.987375, 40.752671000933269 ], [ -73.987353, 40.752749000933278 ], [ -73.987329, 40.752827000933138 ], [ -73.987305999999819, 40.752904000933349 ], [ -73.987280999999882, 40.752982000933208 ], [ -73.986754, 40.754672000933262 ], [ -73.986201, 40.756430000933385 ], [ -73.986153999999885, 40.756569000933361 ], [ -73.986105999999893, 40.756705000933245 ], [ -73.986056, 40.756839000933311 ], [ -73.986003, 40.756971000933369 ], [ -73.985948999999891, 40.757101000933332 ], [ -73.985893, 40.757229000933208 ], [ -73.985835, 40.757354000933262 ], [ -73.985774999999876, 40.757477000933356 ], [ -73.985712, 40.757599000933311 ], [ -73.985648, 40.757718000933366 ], [ -73.985582, 40.757835000933284 ], [ -73.985514, 40.757949000933287 ], [ -73.985443999999859, 40.758062000933243 ], [ -73.985371, 40.758173000933361 ], [ -73.985298, 40.758280000933375 ], [ -73.984139, 40.759901000933361 ], [ -73.980657999999892, 40.764664000933251 ], [ -73.980623855206773, 40.76471084308438 ], [ -73.979499, 40.766254000933351 ], [ -73.979438, 40.766329000933347 ], [ -73.979374999999891, 40.766396000933376 ], [ -73.979308, 40.766455000933298 ], [ -73.979238999999893, 40.766507000933331 ], [ -73.979166, 40.766550000933336 ], [ -73.979091, 40.766585000933198 ], [ -73.979012, 40.766612000933314 ], [ -73.978931, 40.766632000933377 ], [ -73.978846, 40.766643000933392 ], [ -73.978759, 40.766646000933278 ], [ -73.978668, 40.76664100093339 ], [ -73.978575, 40.766628000933196 ], [ -73.978477999999825, 40.766606000933372 ], [ -73.978379, 40.766577000933282 ], [ -73.978275999999823, 40.766540000933425 ], [ -73.976212529567931, 40.765668147819085 ], [ -73.974217, 40.764825000933264 ], [ -73.974192999999843, 40.764816000933386 ], [ -73.97417, 40.764808000933236 ], [ -73.974146, 40.764800000933342 ], [ -73.974121, 40.764793000933295 ], [ -73.974097, 40.764787000933296 ], [ -73.974072999999862, 40.764782000933252 ], [ -73.974048, 40.764777000933393 ], [ -73.974024, 40.764773000933388 ], [ -73.973999, 40.764770000933346 ], [ -73.973974, 40.764768000933358 ], [ -73.973948999999891, 40.764766000933363 ], [ -73.973924, 40.764765000933238 ], [ -73.973898, 40.764765000933238 ], [ -73.973873, 40.764766000933342 ], [ -73.973847, 40.764767000933247 ], [ -73.973347, 40.764811000933349 ], [ -73.972718, 40.764873000933321 ], [ -73.972693999999876, 40.764873000933321 ], [ -73.97267, 40.764873000933321 ], [ -73.972646999999824, 40.764872000933266 ], [ -73.972622999999899, 40.764870000933264 ], [ -73.972599, 40.764867000933393 ], [ -73.972574999999892, 40.764864000933272 ], [ -73.97255, 40.764859000933235 ], [ -73.972526, 40.764854000933362 ], [ -73.972501, 40.76484900093331 ], [ -73.972476, 40.764842000933243 ], [ -73.972449999999867, 40.764835000933353 ], [ -73.972425, 40.764827000933259 ], [ -73.972398999999825, 40.764819000933279 ], [ -73.972372999999891, 40.764809000933376 ], [ -73.972347, 40.76479900093323 ], [ -73.96772576834104, 40.762856612542841 ], [ -73.967258, 40.762660000933167 ], [ -73.959131, 40.759230000933222 ], [ -73.946938, 40.753765000933342 ], [ -73.944152, 40.752553000933226 ], [ -73.942083, 40.751651000933208 ], [ -73.942040999999847, 40.751632000933263 ], [ -73.941998999999839, 40.751612000933207 ], [ -73.941959999999881, 40.751593000933191 ], [ -73.941920999999866, 40.751573000933142 ], [ -73.941884, 40.751552000933174 ], [ -73.941848, 40.751532000933295 ], [ -73.941814, 40.751511000933164 ], [ -73.941781, 40.751491000933271 ], [ -73.941748999999845, 40.75146900093327 ], [ -73.941718, 40.751448000933287 ], [ -73.941689, 40.751427000933333 ], [ -73.941661, 40.751405000933275 ], [ -73.941634, 40.751383000933266 ], [ -73.941609, 40.751360000933083 ], [ -73.941585, 40.751338000933252 ], [ -73.941563, 40.751314000933213 ], [ -73.941539, 40.751290000933182 ], [ -73.941514, 40.751266000933178 ], [ -73.941487, 40.751241000933234 ], [ -73.941458999999895, 40.751217000933174 ], [ -73.941429, 40.751192000933244 ], [ -73.941397, 40.751167000933307 ], [ -73.941364, 40.751143000933304 ], [ -73.941328999999826, 40.751117000933242 ], [ -73.941293, 40.751092000933141 ], [ -73.941254999999899, 40.751067000933212 ], [ -73.941214999999886, 40.751041000933171 ], [ -73.941173999999876, 40.751016000933227 ], [ -73.941130999999871, 40.750990000933243 ], [ -73.941087, 40.750963000933318 ], [ -73.940202, 40.750582000933242 ], [ -73.939173999999866, 40.750134000933294 ], [ -73.939074, 40.750093000933283 ], [ -73.938974, 40.75004900093316 ], [ -73.938873999999899, 40.750003000933276 ], [ -73.938774, 40.749956000933295 ], [ -73.938673999999878, 40.749907000933128 ], [ -73.938574, 40.749856000933207 ], [ -73.938475, 40.74980400093316 ], [ -73.938374999999837, 40.749750000933304 ], [ -73.938276, 40.749694000933097 ], [ -73.938176999999882, 40.749637000933184 ], [ -73.938078, 40.749578000933276 ], [ -73.937978, 40.749518000933307 ], [ -73.937879999999893, 40.749456000933307 ], [ -73.937781, 40.74939200093317 ], [ -73.937683, 40.749327000933306 ], [ -73.937599, 40.749282000933114 ], [ -73.937515, 40.749245000933257 ], [ -73.93743099999989, 40.749215000933283 ], [ -73.937348, 40.749192000933171 ], [ -73.937265, 40.749176000933275 ], [ -73.937181999999893, 40.749167000933234 ], [ -73.9371, 40.749166000933286 ], [ -73.937018, 40.749172000933278 ], [ -73.936937, 40.749185000933309 ], [ -73.936856, 40.749205000933152 ], [ -73.936776, 40.749233000933195 ], [ -73.936696, 40.749267000933145 ], [ -73.936617, 40.749309000933216 ], [ -73.936538, 40.74935900093309 ], [ -73.936458999999843, 40.74941500093329 ], [ -73.935134999999889, 40.750639000933141 ], [ -73.935097, 40.750674000933188 ], [ -73.935059, 40.75070900093327 ], [ -73.935021, 40.750743000933227 ], [ -73.934984, 40.750777000933205 ], [ -73.934946, 40.750810000933228 ], [ -73.934908, 40.750842000933261 ], [ -73.934871, 40.750874000933237 ], [ -73.934833, 40.75090600093322 ], [ -73.934796, 40.750936000933201 ], [ -73.934758999999872, 40.750966000933182 ], [ -73.934721, 40.750996000933206 ], [ -73.934684, 40.751025000933261 ], [ -73.934647, 40.751053000933311 ], [ -73.93461, 40.751081000933283 ], [ -73.934573, 40.751108000933222 ], [ -73.934504412999956, 40.751151303933142 ] ] ] } },
    { "type": "Feature", "properties": { "Division": "BMT", "Line": "Sea Beach", "route_id": "N", "color": "#FFD503" }, "geometry": { "type": "MultiLineString", "coordinates": [ [ [ -73.981233, 40.577422000932359 ], [ -73.981401, 40.57830900093235 ], [ -73.981405, 40.578339000932324 ], [ -73.981409, 40.578370000932374 ], [ -73.981412, 40.578400000932348 ], [ -73.981414, 40.578429000932324 ], [ -73.981415, 40.578459000932362 ], [ -73.981416, 40.578488000932367 ], [ -73.981415, 40.57851800093232 ], [ -73.981414, 40.578546000932342 ], [ -73.981413, 40.578575000932346 ], [ -73.98141, 40.578604000932366 ], [ -73.981407, 40.57863200093233 ], [ -73.981403, 40.578660000932381 ], [ -73.981398, 40.578688000932367 ], [ -73.981392, 40.578716000932332 ], [ -73.981386, 40.578743000932313 ], [ -73.981382, 40.578767000932324 ], [ -73.981379, 40.578792000932346 ], [ -73.981376, 40.578816000932399 ], [ -73.981373, 40.578841000932364 ], [ -73.981371, 40.578866000932372 ], [ -73.98137, 40.578891000932352 ], [ -73.981368, 40.57891600093236 ], [ -73.981368, 40.578942000932351 ], [ -73.981367, 40.578968000932321 ], [ -73.981367, 40.578993000932321 ], [ -73.981368, 40.57902000093236 ], [ -73.981369, 40.579046000932365 ], [ -73.98137, 40.579072000932371 ], [ -73.981372, 40.579099000932338 ], [ -73.981373, 40.579126000932327 ], [ -73.98146, 40.580445000932379 ], [ -73.98146, 40.580478000932324 ], [ -73.98146, 40.580511000932361 ], [ -73.981458, 40.580544000932328 ], [ -73.981456, 40.580576000932403 ], [ -73.981453, 40.58060900093237 ], [ -73.981448, 40.580641000932381 ], [ -73.981443, 40.580672000932374 ], [ -73.981437, 40.580704000932322 ], [ -73.981429, 40.580735000932378 ], [ -73.981421, 40.580765000932367 ], [ -73.981412, 40.580796000932381 ], [ -73.981401, 40.580826000932383 ], [ -73.98139, 40.580855000932345 ], [ -73.981377, 40.580885000932398 ], [ -73.981364, 40.580914000932367 ], [ -73.981208, 40.581268000932404 ], [ -73.98119, 40.581303000932358 ], [ -73.981173, 40.581337000932372 ], [ -73.981156, 40.581370000932381 ], [ -73.98114, 40.58140200093235 ], [ -73.981123, 40.581434000932354 ], [ -73.981107, 40.581465000932347 ], [ -73.981091, 40.581495000932385 ], [ -73.981075, 40.581525000932373 ], [ -73.981059, 40.58155300093236 ], [ -73.981044, 40.581581000932331 ], [ -73.981028, 40.581608000932391 ], [ -73.981013, 40.581635000932366 ], [ -73.980998, 40.581660000932374 ], [ -73.980983, 40.581685000932382 ], [ -73.980968, 40.581709000932364 ], [ -73.98095, 40.581736000932352 ], [ -73.980933, 40.581762000932329 ], [ -73.980917, 40.581789000932403 ], [ -73.980901, 40.581815000932366 ], [ -73.980885, 40.581841000932364 ], [ -73.98087, 40.581868000932374 ], [ -73.980855, 40.581894000932351 ], [ -73.980841, 40.581920000932335 ], [ -73.980827, 40.581946000932369 ], [ -73.980814, 40.581972000932353 ], [ -73.980801, 40.581998000932373 ], [ -73.980789, 40.582024000932364 ], [ -73.980777, 40.582050000932355 ], [ -73.980766, 40.582075000932349 ], [ -73.980756, 40.582101000932397 ], [ -73.980134, 40.583547000932398 ], [ -73.980124, 40.583571000932395 ], [ -73.980114, 40.583595000932391 ], [ -73.980104, 40.58361900093238 ], [ -73.980095, 40.583643000932362 ], [ -73.980085, 40.583668000932349 ], [ -73.980075, 40.58369300093235 ], [ -73.980066, 40.583718000932357 ], [ -73.980056, 40.583743000932351 ], [ -73.980047, 40.583768000932395 ], [ -73.980038, 40.583793000932388 ], [ -73.980028, 40.583818000932411 ], [ -73.980019, 40.583844000932373 ], [ -73.98001, 40.583870000932379 ], [ -73.980001, 40.583896000932363 ], [ -73.979992, 40.583922000932368 ], [ -73.978868, 40.587474000932396 ], [ -73.978861, 40.587495000932378 ], [ -73.978854, 40.587517000932394 ], [ -73.978848, 40.587538000932412 ], [ -73.978841, 40.587559000932394 ], [ -73.978835, 40.587580000932412 ], [ -73.978829, 40.587601000932402 ], [ -73.978823, 40.587622000932406 ], [ -73.978817, 40.587642000932419 ], [ -73.978812, 40.58766300093243 ], [ -73.978806, 40.587683000932365 ], [ -73.978801, 40.587703000932372 ], [ -73.978796, 40.587723000932364 ], [ -73.978791, 40.587743000932385 ], [ -73.978786, 40.587763000932391 ], [ -73.978782, 40.587783000932404 ], [ -73.978697, 40.588129000932369 ], [ -73.97869, 40.588163000932418 ], [ -73.978682, 40.588196000932392 ], [ -73.978674, 40.588229000932422 ], [ -73.978665, 40.588263000932379 ], [ -73.978656, 40.588295000932426 ], [ -73.978647, 40.5883280009324 ], [ -73.978638, 40.588361000932423 ], [ -73.978628, 40.588393000932413 ], [ -73.978618, 40.588425000932368 ], [ -73.978607, 40.588457000932408 ], [ -73.978597, 40.588489000932391 ], [ -73.978585, 40.588521000932403 ], [ -73.978574, 40.588553000932414 ], [ -73.978562, 40.588584000932379 ], [ -73.978551, 40.588616000932433 ], [ -73.978329, 40.589237000932364 ], [ -73.978235, 40.589592000932406 ], [ -73.97819, 40.589744000932392 ], [ -73.978151, 40.589895000932408 ], [ -73.978117, 40.590044000932402 ], [ -73.978087, 40.590190000932409 ], [ -73.978061, 40.590335000932392 ], [ -73.978039, 40.590478000932428 ], [ -73.978022, 40.590619000932435 ], [ -73.978009, 40.590758000932404 ], [ -73.978, 40.59089600093241 ], [ -73.977995, 40.591031000932404 ], [ -73.977995, 40.591164000932402 ], [ -73.977999, 40.59129600093241 ], [ -73.978007, 40.591425000932439 ], [ -73.978019, 40.591553000932421 ], [ -73.978036, 40.591679000932416 ], [ -73.97823, 40.592721000932414 ], [ -73.979137, 40.597473000932446 ], [ -73.980353, 40.603923000932483 ], [ -73.981848, 40.611815000932495 ], [ -73.982195, 40.613511000932526 ], [ -73.982235, 40.613669000932539 ], [ -73.982275, 40.613824000932553 ], [ -73.982316, 40.613974000932515 ], [ -73.982359, 40.614120000932544 ], [ -73.982404, 40.614262000932534 ], [ -73.98245, 40.614400000932513 ], [ -73.982498, 40.614534000932522 ], [ -73.982547, 40.614663000932552 ], [ -73.982597, 40.614789000932504 ], [ -73.982649, 40.614910000932561 ], [ -73.982703, 40.615027000932535 ], [ -73.982758, 40.615140000932534 ], [ -73.982814, 40.61524900093255 ], [ -73.982872, 40.615354000932491 ], [ -73.982933, 40.615455000932542 ], [ -73.983015, 40.615584000932536 ], [ -73.983101, 40.615710000932509 ], [ -73.983191, 40.615833000932547 ], [ -73.983285, 40.615954000932526 ], [ -73.983383, 40.616074000932514 ], [ -73.983485, 40.616191000932567 ], [ -73.983592, 40.61630500093257 ], [ -73.983703, 40.616418000932555 ], [ -73.983818, 40.616529000932566 ], [ -73.983937, 40.616637000932521 ], [ -73.984061, 40.616743000932537 ], [ -73.984189, 40.616847000932573 ], [ -73.98432, 40.616949000932522 ], [ -73.984457, 40.617049000932553 ], [ -73.984597, 40.617146000932543 ], [ -73.985026, 40.617410000932566 ], [ -73.990414, 40.620671000932589 ], [ -73.99515, 40.62353100093258 ], [ -73.995218, 40.623573000932616 ], [ -73.995284, 40.623616000932557 ], [ -73.99535, 40.623661000932557 ], [ -73.995414, 40.623709000932607 ], [ -73.995477, 40.623759000932601 ], [ -73.99554, 40.623812000932574 ], [ -73.995601, 40.623867000932577 ], [ -73.995661, 40.623924000932583 ], [ -73.99572, 40.623984000932587 ], [ -73.995778, 40.624046000932623 ], [ -73.995835, 40.624110000932554 ], [ -73.99589, 40.624177000932562 ], [ -73.995945, 40.624246000932558 ], [ -73.995999, 40.624317000932614 ], [ -73.996052, 40.624391000932576 ], [ -73.996353, 40.624842000932595 ], [ -73.996865, 40.625619000932545 ], [ -73.996967, 40.625759000932597 ], [ -73.997068, 40.625895000932623 ], [ -73.99717, 40.626026000932548 ], [ -73.997273, 40.626152000932599 ], [ -73.997378, 40.626274000932632 ], [ -73.997483, 40.626391000932607 ], [ -73.99759, 40.626503000932601 ], [ -73.997698, 40.62661000093258 ], [ -73.997807, 40.626713000932597 ], [ -73.997917, 40.626811000932555 ], [ -73.998029, 40.626904000932569 ], [ -73.998141, 40.626992000932567 ], [ -73.998255, 40.627076000932618 ], [ -73.99837, 40.627155000932611 ], [ -73.998487, 40.627228000932597 ], [ -74.005351, 40.631386000932643 ], [ -74.008653, 40.633390000932643 ], [ -74.008699, 40.633418000932636 ], [ -74.008746, 40.633446000932636 ], [ -74.008793, 40.633474000932615 ], [ -74.008839, 40.633502000932644 ], [ -74.008886, 40.63353000093263 ], [ -74.008933, 40.633558000932609 ], [ -74.00898, 40.633585000932605 ], [ -74.009028, 40.633613000932606 ], [ -74.009075, 40.633640000932651 ], [ -74.009122, 40.63366800093263 ], [ -74.00917, 40.633695000932619 ], [ -74.009217, 40.633722000932607 ], [ -74.009265, 40.633749000932632 ], [ -74.009313, 40.633776000932627 ], [ -74.009361, 40.633803000932623 ], [ -74.010907, 40.634653000932666 ], [ -74.010969, 40.634688000932627 ], [ -74.01103, 40.634721000932643 ], [ -74.01109, 40.634754000932617 ], [ -74.011149, 40.634786000932664 ], [ -74.011206, 40.634816000932645 ], [ -74.011263, 40.634846000932619 ], [ -74.011318, 40.634874000932612 ], [ -74.011372, 40.634902000932641 ], [ -74.011425, 40.634928000932632 ], [ -74.011477, 40.63495300093264 ], [ -74.011527, 40.634977000932636 ], [ -74.011577, 40.635001000932597 ], [ -74.011626, 40.635023000932634 ], [ -74.011673, 40.635044000932631 ], [ -74.011719, 40.635064000932644 ], [ -74.011805, 40.635100000932674 ], [ -74.011891, 40.635135000932621 ], [ -74.01198, 40.635170000932654 ], [ -74.012069, 40.635204000932632 ], [ -74.012161, 40.635237000932669 ], [ -74.012254, 40.635270000932636 ], [ -74.012348, 40.635302000932626 ], [ -74.012444, 40.635334000932652 ], [ -74.012542, 40.63536500093263 ], [ -74.012641, 40.635395000932647 ], [ -74.012742, 40.635425000932635 ], [ -74.012845, 40.635454000932604 ], [ -74.012949, 40.635482000932605 ], [ -74.013055, 40.635510000932648 ], [ -74.013161, 40.635538000932627 ], [ -74.01619, 40.636319000932652 ], [ -74.016238, 40.636331000932643 ], [ -74.016285, 40.636343000932641 ], [ -74.016332, 40.63635400093262 ], [ -74.016379, 40.636366000932661 ], [ -74.016425, 40.636378000932616 ], [ -74.016471, 40.63639100093264 ], [ -74.016516, 40.636403000932624 ], [ -74.016561, 40.636415000932651 ], [ -74.016606, 40.636428000932689 ], [ -74.01665, 40.63644000093263 ], [ -74.016694, 40.636453000932661 ], [ -74.016737, 40.636465000932631 ], [ -74.01678, 40.636478000932669 ], [ -74.016822, 40.636491000932608 ], [ -74.016864, 40.636504000932653 ], [ -74.019487, 40.637265000932658 ], [ -74.019604, 40.637301000932624 ], [ -74.019716, 40.637339000932634 ], [ -74.019825, 40.637378000932657 ], [ -74.019929, 40.637418000932627 ], [ -74.020029, 40.637459000932637 ], [ -74.020124, 40.637502000932649 ], [ -74.020216, 40.63754600093263 ], [ -74.020303, 40.637591000932645 ], [ -74.020386, 40.637637000932642 ], [ -74.020465, 40.637684000932623 ], [ -74.020539, 40.637733000932627 ], [ -74.02061, 40.637783000932679 ], [ -74.020676, 40.637834000932649 ], [ -74.020737, 40.637886000932632 ], [ -74.020795, 40.637940000932652 ], [ -74.020837, 40.63797800093262 ], [ -74.020872, 40.638018000932625 ], [ -74.0209, 40.63805900093265 ], [ -74.020921, 40.638101000932693 ], [ -74.020936, 40.63814500093266 ], [ -74.020943, 40.63818900093267 ], [ -74.020944, 40.638235000932667 ], [ -74.020938, 40.638283000932667 ], [ -74.020925, 40.638331000932652 ], [ -74.020905, 40.638381000932633 ], [ -74.020879, 40.638433000932679 ], [ -74.020845, 40.63848500093264 ], [ -74.020805, 40.638539000932639 ], [ -74.020764597999971, 40.638586279932632 ] ] ] } },
    { "type": "Feature", "properties": { "Division": "BMT", "Line": "4th Avenue", "route_id": "Q", "color": "#FFD503" }, "geometry": { "type": "MultiLineString", "coordinates": [ [ [ -73.976462080999966, 40.682717975932896 ], [ -73.97649, 40.682769000932865 ], [ -73.976517, 40.682823000932864 ], [ -73.976543, 40.682877000932898 ], [ -73.976566, 40.68293200093288 ], [ -73.976589, 40.682987000932847 ], [ -73.976609, 40.683041000932896 ], [ -73.976628, 40.683097000932868 ], [ -73.976645, 40.68315200093285 ], [ -73.976661, 40.683208000932851 ], [ -73.976675, 40.683264000932894 ], [ -73.976687, 40.683320000932859 ], [ -73.976698, 40.683376000932896 ], [ -73.976708, 40.683433000932858 ], [ -73.97689, 40.68446000093288 ], [ -73.977416, 40.68718100093291 ], [ -73.977424, 40.687228000932897 ], [ -73.977437, 40.687273000932905 ], [ -73.977452, 40.687317000932907 ], [ -73.977472, 40.687359000932908 ], [ -73.977495, 40.687399000932849 ], [ -73.977522, 40.687437000932889 ], [ -73.977552, 40.687473000932904 ], [ -73.977587, 40.687508000932887 ], [ -73.977624, 40.687541000932903 ], [ -73.977666, 40.687573000932865 ], [ -73.977711, 40.68760200093287 ], [ -73.97776, 40.687630000932906 ], [ -73.977812, 40.687656000932897 ], [ -73.977868, 40.6876800009329 ], [ -73.977928, 40.687703000932899 ], [ -73.978805, 40.688068000932894 ], [ -73.980474, 40.688730000932921 ], [ -73.980545, 40.688760000932909 ], [ -73.980613, 40.688792000932857 ], [ -73.980678, 40.688827000932903 ], [ -73.98074, 40.688863000932862 ], [ -73.980798, 40.688902000932885 ], [ -73.980853, 40.688943000932888 ], [ -73.980905, 40.688986000932907 ], [ -73.980954, 40.6890310009329 ], [ -73.980999, 40.689078000932895 ], [ -73.981042, 40.689127000932878 ], [ -73.981081, 40.68917800093287 ], [ -73.981117, 40.689232000932904 ], [ -73.981149, 40.689287000932872 ], [ -73.981179, 40.68934500093291 ], [ -73.981205, 40.689405000932936 ], [ -73.981824, 40.690635000932879 ], [ -73.982304, 40.691559000932891 ], [ -73.982393024999965, 40.691738793932934 ] ] ] } },
    { "type": "Feature", "properties": { "Division": "BMT", "Line": "Brighton", "route_id": "Q", "color": "#FFD503" }, "geometry": { "type": "MultiLineString", "coordinates": [ [ [ -73.974892512999986, 40.576458060932318 ], [ -73.974389, 40.576618000932328 ], [ -73.974313, 40.576639000932339 ], [ -73.974236, 40.576658000932369 ], [ -73.974159, 40.576676000932359 ], [ -73.97408, 40.576691000932335 ], [ -73.974, 40.57670500093235 ], [ -73.973919, 40.576716000932315 ], [ -73.973837, 40.576726000932346 ], [ -73.973754, 40.576734000932341 ], [ -73.97367, 40.576739000932335 ], [ -73.973585, 40.576743000932375 ], [ -73.973498, 40.576744000932372 ], [ -73.973411, 40.576744000932372 ], [ -73.973322, 40.576742000932327 ], [ -73.973232, 40.576737000932333 ], [ -73.973141, 40.576731000932341 ], [ -73.968694, 40.576322000932343 ], [ -73.96868, 40.576321000932346 ], [ -73.968667, 40.576320000932348 ], [ -73.968653, 40.576319000932351 ], [ -73.96864, 40.576318000932361 ], [ -73.968627, 40.576317000932349 ], [ -73.968613, 40.576316000932366 ], [ -73.9686, 40.576315000932361 ], [ -73.968588, 40.576315000932347 ], [ -73.968575, 40.576314000932321 ], [ -73.968562, 40.576313000932316 ], [ -73.96855, 40.576313000932316 ], [ -73.968537, 40.576312000932319 ], [ -73.968525, 40.576312000932319 ], [ -73.968513, 40.576312000932333 ], [ -73.968501, 40.576312000932319 ], [ -73.968404, 40.57631000093231 ], [ -73.968307, 40.576308000932329 ], [ -73.96821, 40.576308000932315 ], [ -73.968113, 40.576309000932326 ], [ -73.968017, 40.576312000932319 ], [ -73.96792, 40.576316000932366 ], [ -73.967824, 40.576322000932358 ], [ -73.967728, 40.576329000932347 ], [ -73.967632, 40.576337000932362 ], [ -73.967536, 40.576347000932365 ], [ -73.96744, 40.576358000932309 ], [ -73.967345, 40.57637100093234 ], [ -73.967249, 40.576385000932355 ], [ -73.967154, 40.576401000932307 ], [ -73.967059, 40.576418000932357 ], [ -73.961376, 40.577621000932375 ], [ -73.960354, 40.577839000932336 ], [ -73.960283, 40.57785500093236 ], [ -73.960214, 40.577873000932364 ], [ -73.960148, 40.577894000932368 ], [ -73.960085, 40.577917000932374 ], [ -73.960025, 40.577942000932367 ], [ -73.959967, 40.577969000932356 ], [ -73.959912, 40.577998000932318 ], [ -73.95986, 40.578030000932358 ], [ -73.959811, 40.578064000932329 ], [ -73.959765, 40.578101000932335 ], [ -73.959721, 40.578139000932389 ], [ -73.959681, 40.578180000932306 ], [ -73.959643, 40.578223000932326 ], [ -73.959607, 40.578268000932319 ], [ -73.959575, 40.57831600093234 ], [ -73.95467, 40.58519800093238 ], [ -73.954601, 40.585310000932388 ], [ -73.954536, 40.585423000932387 ], [ -73.954477, 40.585536000932379 ], [ -73.954422, 40.585650000932361 ], [ -73.954373, 40.585763000932374 ], [ -73.954328, 40.585876000932366 ], [ -73.954289, 40.585989000932358 ], [ -73.954254, 40.586103000932376 ], [ -73.954225, 40.586216000932346 ], [ -73.954201, 40.586329000932366 ], [ -73.954181, 40.586443000932363 ], [ -73.954167, 40.586556000932362 ], [ -73.954158, 40.586670000932365 ], [ -73.954153, 40.586783000932371 ], [ -73.954155, 40.586896000932356 ], [ -73.954154, 40.586961000932384 ], [ -73.954152, 40.587025000932378 ], [ -73.95415, 40.587088000932404 ], [ -73.954148, 40.587150000932425 ], [ -73.954145, 40.587211000932392 ], [ -73.954142, 40.587271000932404 ], [ -73.954139, 40.587329000932414 ], [ -73.954135, 40.587387000932381 ], [ -73.954131, 40.587443000932403 ], [ -73.954126, 40.587498000932385 ], [ -73.954121, 40.587552000932412 ], [ -73.954116, 40.58760500093242 ], [ -73.95411, 40.587657000932374 ], [ -73.954104, 40.587708000932423 ], [ -73.954096, 40.587758000932403 ], [ -73.954066, 40.588121000932396 ], [ -73.95406, 40.588205000932433 ], [ -73.954056, 40.588288000932387 ], [ -73.954054, 40.588369000932417 ], [ -73.954052, 40.588450000932419 ], [ -73.954051, 40.588530000932387 ], [ -73.954052, 40.588610000932427 ], [ -73.954054, 40.588689000932384 ], [ -73.954057, 40.588767000932407 ], [ -73.95406, 40.588844000932404 ], [ -73.954065, 40.588921000932388 ], [ -73.954072, 40.588997000932409 ], [ -73.954079, 40.589072000932397 ], [ -73.954087, 40.589147000932378 ], [ -73.954096, 40.589221000932433 ], [ -73.954106, 40.589295000932403 ], [ -73.954319, 40.590785000932399 ], [ -73.955161, 40.59524600093242 ], [ -73.955929, 40.599300000932445 ], [ -73.957502, 40.60759100093253 ], [ -73.957505, 40.607605000932473 ], [ -73.957508, 40.607618000932511 ], [ -73.957511, 40.607632000932526 ], [ -73.957513, 40.6076450009325 ], [ -73.957516, 40.607659000932529 ], [ -73.957519, 40.607672000932482 ], [ -73.957522, 40.607685000932513 ], [ -73.957526, 40.607699000932456 ], [ -73.957529, 40.607712000932501 ], [ -73.957532, 40.607725000932511 ], [ -73.957535, 40.6077380009325 ], [ -73.957538, 40.60775100093251 ], [ -73.957541, 40.607764000932484 ], [ -73.957545, 40.607776000932503 ], [ -73.957548, 40.607789000932478 ], [ -73.957572, 40.607869000932489 ], [ -73.957577, 40.607886000932488 ], [ -73.957582, 40.607904000932535 ], [ -73.957588, 40.60792200093249 ], [ -73.957592, 40.607940000932501 ], [ -73.957597, 40.607959000932489 ], [ -73.957602, 40.6079770009325 ], [ -73.957607, 40.607996000932516 ], [ -73.957611, 40.608016000932537 ], [ -73.957616, 40.608035000932482 ], [ -73.95762, 40.608055000932488 ], [ -73.957624, 40.60807500093248 ], [ -73.957628, 40.608096000932491 ], [ -73.957632, 40.608117000932481 ], [ -73.957636, 40.608138000932513 ], [ -73.95764, 40.60815900093251 ], [ -73.957734, 40.60867000093252 ], [ -73.957887, 40.609478000932462 ], [ -73.95789, 40.609495000932512 ], [ -73.957893, 40.609512000932519 ], [ -73.957896, 40.609529000932547 ], [ -73.957898, 40.609547000932523 ], [ -73.957901, 40.609564000932487 ], [ -73.957903, 40.609582000932491 ], [ -73.957906, 40.609600000932517 ], [ -73.957908, 40.609618000932549 ], [ -73.95791, 40.609636000932518 ], [ -73.957913, 40.609654000932466 ], [ -73.957915, 40.609673000932489 ], [ -73.957917, 40.609691000932514 ], [ -73.957918, 40.609710000932495 ], [ -73.95792, 40.609729000932546 ], [ -73.957922, 40.60974800093247 ], [ -73.957939, 40.609875000932512 ], [ -73.957941, 40.609892000932504 ], [ -73.957943, 40.609910000932523 ], [ -73.957946, 40.609928000932484 ], [ -73.957948, 40.609946000932482 ], [ -73.957951, 40.609965000932505 ], [ -73.957953, 40.609984000932506 ], [ -73.957956, 40.610003000932515 ], [ -73.95796, 40.610023000932529 ], [ -73.957963, 40.610043000932514 ], [ -73.957966, 40.61006300093247 ], [ -73.95797, 40.610084000932495 ], [ -73.957974, 40.610105000932478 ], [ -73.957978, 40.610127000932458 ], [ -73.957982, 40.610149000932495 ], [ -73.957986, 40.610171000932482 ], [ -73.959399, 40.617618000932538 ], [ -73.960803, 40.625039000932595 ], [ -73.961408, 40.628229000932571 ], [ -73.96142, 40.628287000932616 ], [ -73.961431, 40.628346000932609 ], [ -73.961443, 40.62840700093259 ], [ -73.961455, 40.628469000932597 ], [ -73.961469, 40.628533000932613 ], [ -73.961483, 40.628599000932617 ], [ -73.961497, 40.628667000932623 ], [ -73.961513, 40.628736000932605 ], [ -73.961529, 40.628807000932603 ], [ -73.961545, 40.62888000093259 ], [ -73.961563, 40.628955000932663 ], [ -73.961581, 40.629031000932585 ], [ -73.9616, 40.629109000932587 ], [ -73.961619, 40.629189000932612 ], [ -73.961639, 40.629270000932628 ], [ -73.961834, 40.630055000932593 ], [ -73.961844, 40.630093000932604 ], [ -73.961854, 40.630132000932598 ], [ -73.961863, 40.630173000932629 ], [ -73.961873, 40.630214000932625 ], [ -73.961883, 40.630256000932604 ], [ -73.961892, 40.630300000932614 ], [ -73.961901, 40.630344000932588 ], [ -73.961911, 40.630390000932586 ], [ -73.96192, 40.630437000932588 ], [ -73.961929, 40.63048400093264 ], [ -73.961938, 40.630533000932651 ], [ -73.961947, 40.630583000932603 ], [ -73.961956, 40.630634000932602 ], [ -73.961964, 40.630686000932585 ], [ -73.961973, 40.630739000932628 ], [ -73.962793, 40.635082000932641 ], [ -73.963891, 40.640927000932649 ], [ -73.964492, 40.644031000932657 ], [ -73.964512, 40.64415700093268 ], [ -73.96453, 40.644282000932648 ], [ -73.964544, 40.644407000932688 ], [ -73.964554, 40.644531000932652 ], [ -73.964561, 40.644654000932697 ], [ -73.964564, 40.64477700093267 ], [ -73.964563, 40.644900000932708 ], [ -73.964558, 40.645022000932677 ], [ -73.96455, 40.645144000932703 ], [ -73.964538, 40.645265000932675 ], [ -73.964522, 40.645386000932675 ], [ -73.964502, 40.645506000932691 ], [ -73.964479, 40.645626000932694 ], [ -73.964452, 40.645746000932689 ], [ -73.964421, 40.645866000932699 ], [ -73.962982, 40.650527000932719 ], [ -73.96291, 40.650768000932693 ], [ -73.962839, 40.651007000932715 ], [ -73.962767, 40.651244000932742 ], [ -73.962696, 40.651478000932713 ], [ -73.962626, 40.651709000932712 ], [ -73.962556, 40.651938000932695 ], [ -73.962486, 40.652165000932698 ], [ -73.962416, 40.652389000932679 ], [ -73.962347, 40.652610000932711 ], [ -73.962278, 40.652829000932726 ], [ -73.96221, 40.65304600093274 ], [ -73.962142, 40.653260000932683 ], [ -73.962074, 40.653472000932766 ], [ -73.962006, 40.653681000932743 ], [ -73.961938, 40.653888000932717 ], [ -73.961495, 40.655292000932697 ], [ -73.961468, 40.655406000932715 ], [ -73.961445, 40.655519000932706 ], [ -73.961425, 40.655630000932696 ], [ -73.961408, 40.655741000932721 ], [ -73.961393, 40.655851000932735 ], [ -73.961382, 40.655959000932739 ], [ -73.961373, 40.656067000932737 ], [ -73.961368, 40.656174000932772 ], [ -73.961365, 40.656281000932736 ], [ -73.961365, 40.656386000932727 ], [ -73.961368, 40.656490000932749 ], [ -73.961374, 40.656594000932728 ], [ -73.961383, 40.656696000932762 ], [ -73.961394, 40.656798000932724 ], [ -73.96141, 40.656900000932751 ], [ -73.961937, 40.660141000932768 ], [ -73.961941, 40.66016400093276 ], [ -73.961946, 40.660188000932791 ], [ -73.961951, 40.660212000932773 ], [ -73.961956, 40.660237000932746 ], [ -73.961961, 40.660262000932768 ], [ -73.961966, 40.660288000932731 ], [ -73.961972, 40.660314000932736 ], [ -73.961978, 40.660340000932777 ], [ -73.961984, 40.660367000932773 ], [ -73.961991, 40.660395000932766 ], [ -73.961997, 40.660423000932738 ], [ -73.962004, 40.660452000932771 ], [ -73.962011, 40.660481000932755 ], [ -73.962018, 40.660510000932753 ], [ -73.962026, 40.660540000932741 ], [ -73.962107, 40.660825000932761 ], [ -73.962111, 40.66083700093278 ], [ -73.962114, 40.660849000932743 ], [ -73.962118, 40.660861000932769 ], [ -73.962121, 40.660873000932746 ], [ -73.962124, 40.660885000932758 ], [ -73.962128, 40.66089800093274 ], [ -73.962131, 40.660910000932759 ], [ -73.962133, 40.660922000932736 ], [ -73.962136, 40.66093500093276 ], [ -73.962139, 40.660947000932808 ], [ -73.962141, 40.660959000932742 ], [ -73.962144, 40.660972000932766 ], [ -73.962146, 40.66098500093274 ], [ -73.962148, 40.660997000932788 ], [ -73.96215, 40.661010000932734 ], [ -73.962246, 40.661614000932758 ], [ -73.962392, 40.662551000932787 ], [ -73.962408, 40.662642000932792 ], [ -73.962427, 40.662733000932782 ], [ -73.96245, 40.662823000932768 ], [ -73.962475, 40.662913000932761 ], [ -73.962502, 40.66300300093279 ], [ -73.962533, 40.663092000932778 ], [ -73.962566, 40.663181000932788 ], [ -73.962601, 40.663269000932779 ], [ -73.96264, 40.663357000932798 ], [ -73.962681, 40.66344500093274 ], [ -73.962724, 40.66353200093274 ], [ -73.962771, 40.663619000932762 ], [ -73.96282, 40.663705000932779 ], [ -73.962872, 40.66379100093279 ], [ -73.962927, 40.663876000932795 ], [ -73.972367, 40.677050000932859 ], [ -73.976398, 40.682608000932888 ], [ -73.976431, 40.682662000932851 ], [ -73.976461, 40.682716000932842 ], [ -73.976462080999966, 40.682717975932896 ] ] ] } },
    { "type": "Feature", "properties": { "Division": "BMT", "Line": "Broadway", "route_id": "Q", "color": "#FFD503" }, "geometry": { "type": "MultiLineString", "coordinates": [ [ [ -73.982393024999965, 40.691738793932942 ], [ -73.983428, 40.693829000932922 ], [ -73.984126, 40.695079000932957 ], [ -73.985484, 40.69777000093292 ], [ -73.99501, 40.714878000933041 ], [ -73.995034, 40.714925000933007 ], [ -73.995059, 40.714971000933041 ], [ -73.995085, 40.71501700093301 ], [ -73.995112, 40.715062000933017 ], [ -73.995141, 40.715108000933 ], [ -73.995171, 40.715152000933045 ], [ -73.995202, 40.715197000933017 ], [ -73.995234, 40.715241000932998 ], [ -73.995268, 40.715285000933051 ], [ -73.995303, 40.715328000933006 ], [ -73.995339, 40.715371000933054 ], [ -73.995376, 40.715414000933052 ], [ -73.995414, 40.715456000933052 ], [ -73.995454, 40.715498000932996 ], [ -73.995495, 40.715540000933025 ], [ -73.995962, 40.716011000933008 ], [ -73.995996, 40.716047000933052 ], [ -73.996031, 40.716081000933023 ], [ -73.996069, 40.716115000933037 ], [ -73.996109, 40.716148000932996 ], [ -73.99615, 40.716179000933032 ], [ -73.996194, 40.716210000933032 ], [ -73.996239, 40.716240000933027 ], [ -73.996287, 40.716268000933056 ], [ -73.996337, 40.716296000933035 ], [ -73.996388, 40.716322000933054 ], [ -73.996442, 40.716348000933017 ], [ -73.996497, 40.716372000933035 ], [ -73.996555, 40.716396000932995 ], [ -73.996614, 40.716418000933011 ], [ -73.996676, 40.716440000933027 ], [ -73.998177, 40.716956000933038 ], [ -73.998249, 40.716981000933004 ], [ -73.99832, 40.717007000933066 ], [ -73.998391, 40.717034000933047 ], [ -73.99846, 40.717062000933048 ], [ -73.998528, 40.717091000933017 ], [ -73.998595, 40.717120000933043 ], [ -73.99866, 40.717151000933022 ], [ -73.998725, 40.717183000933019 ], [ -73.998789, 40.717216000933043 ], [ -73.998852, 40.717250000933007 ], [ -73.998913, 40.717284000933049 ], [ -73.998974, 40.717320000933015 ], [ -73.999033, 40.717357000933013 ], [ -73.999092, 40.717394000933069 ], [ -73.999149, 40.717433000932999 ], [ -74.00046, 40.718383000933066 ], [ -74.001326, 40.71900400093304 ], [ -74.001393, 40.719055000933018 ], [ -74.001452, 40.719108000933069 ], [ -74.001502, 40.719162000933018 ], [ -74.001544, 40.719218000933061 ], [ -74.001577, 40.719275000933045 ], [ -74.001601, 40.719334000933031 ], [ -74.001616, 40.719394000933079 ], [ -74.001623, 40.719456000933029 ], [ -74.001622, 40.719519000933047 ], [ -74.001611, 40.71958400093304 ], [ -74.001592, 40.719650000933044 ], [ -74.001564, 40.719718000933064 ], [ -74.001528, 40.719787000933053 ], [ -74.001483, 40.719858000933058 ], [ -74.001429, 40.71993000093304 ], [ -73.997702, 40.724329000933082 ], [ -73.992629, 40.730328000933085 ], [ -73.991683, 40.731445000933121 ], [ -73.991649, 40.731485000933148 ], [ -73.991617, 40.731526000933094 ], [ -73.991586, 40.731567000933097 ], [ -73.991558, 40.731609000933098 ], [ -73.991531, 40.731651000933127 ], [ -73.991505, 40.731693000933106 ], [ -73.991482, 40.731736000933132 ], [ -73.99146, 40.731779000933109 ], [ -73.99144, 40.73182200093315 ], [ -73.991422, 40.731866000933074 ], [ -73.991406, 40.731910000933077 ], [ -73.991391, 40.731954000933108 ], [ -73.991378, 40.731999000933087 ], [ -73.991367, 40.732044000933108 ], [ -73.991358, 40.732090000933063 ], [ -73.990568, 40.735736000933095 ], [ -73.990206, 40.737433000933159 ], [ -73.990195, 40.737476000933199 ], [ -73.990186, 40.737519000933148 ], [ -73.990176, 40.737563000933157 ], [ -73.990166, 40.737608000933143 ], [ -73.990155, 40.737653000933157 ], [ -73.990144, 40.73769800093315 ], [ -73.990134, 40.737745000933174 ], [ -73.990122, 40.737792000933133 ], [ -73.990111, 40.737839000933157 ], [ -73.990099, 40.737887000933149 ], [ -73.990088, 40.737936000933111 ], [ -73.990076, 40.737985000933087 ], [ -73.990063, 40.738035000933102 ], [ -73.990051, 40.738085000933161 ], [ -73.990037, 40.738136000933132 ], [ -73.989604, 40.739792000933164 ], [ -73.98959, 40.739844000933161 ], [ -73.989578, 40.739894000933113 ], [ -73.989566, 40.739945000933147 ], [ -73.989554, 40.739995000933156 ], [ -73.989543, 40.740045000933137 ], [ -73.989532, 40.740095000933145 ], [ -73.989522, 40.74014500093314 ], [ -73.989512, 40.74019500093312 ], [ -73.989503, 40.740244000933181 ], [ -73.989494, 40.740294000933133 ], [ -73.989485, 40.740343000933152 ], [ -73.989477, 40.740392000933149 ], [ -73.989469, 40.740441000933131 ], [ -73.989462, 40.740489000933103 ], [ -73.989455, 40.740538000933164 ], [ -73.989344, 40.741303000933165 ], [ -73.989192, 40.742643000933143 ], [ -73.989186, 40.742700000933176 ], [ -73.98918, 40.742757000933153 ], [ -73.989173, 40.742812000933149 ], [ -73.989166, 40.742867000933167 ], [ -73.98916, 40.742920000933147 ], [ -73.989153, 40.742973000933162 ], [ -73.989146, 40.743025000933137 ], [ -73.989138, 40.743075000933125 ], [ -73.989131, 40.743125000933183 ], [ -73.989123, 40.74317300093319 ], [ -73.989116, 40.743221000933183 ], [ -73.989108, 40.743268000933178 ], [ -73.9891, 40.743314000933147 ], [ -73.989091, 40.743358000933149 ], [ -73.989083, 40.74340200093318 ], [ -73.988691, 40.745494000933171 ], [ -73.98795, 40.749567000933212 ], [ -73.98757, 40.75181500093322 ], [ -73.987556, 40.751893000933194 ], [ -73.987541, 40.75197100093321 ], [ -73.987526, 40.752049000933184 ], [ -73.98751, 40.752127000933179 ], [ -73.987493, 40.752204000933169 ], [ -73.987475, 40.752282000933199 ], [ -73.987457, 40.752360000933209 ], [ -73.987437, 40.752438000933182 ], [ -73.987417, 40.752516000933213 ], [ -73.987396, 40.75259300093321 ], [ -73.987375, 40.75267100093324 ], [ -73.987353, 40.7527490009332 ], [ -73.987329, 40.752827000933181 ], [ -73.987306, 40.752904000933206 ], [ -73.987281, 40.75298200093318 ], [ -73.986754, 40.754672000933205 ], [ -73.986201, 40.75643000093325 ], [ -73.986154, 40.756569000933261 ], [ -73.986106, 40.756705000933223 ], [ -73.986056, 40.75683900093324 ], [ -73.986003, 40.756971000933234 ], [ -73.985949, 40.757101000933197 ], [ -73.985893, 40.757229000933194 ], [ -73.985835, 40.757354000933262 ], [ -73.985775, 40.757477000933257 ], [ -73.985712, 40.757599000933205 ], [ -73.985648, 40.757718000933252 ], [ -73.985582, 40.757835000933206 ], [ -73.985514, 40.757949000933245 ], [ -73.985444, 40.758062000933243 ], [ -73.985371, 40.758173000933226 ], [ -73.985298, 40.758280000933247 ], [ -73.984139, 40.759901000933283 ], [ -73.980658, 40.76466400093323 ] ] ] } },
    { "type": "Feature", "properties": { "Division": "BMT", "Line": "Coney Island", "route_id": "Q", "color": "#FFD503" }, "geometry": { "type": "MultiLineString", "coordinates": [ [ [ -73.981233, 40.577422000932359 ], [ -73.981083, 40.576635000932363 ], [ -73.981069, 40.576575000932323 ], [ -73.981047, 40.576518000932367 ], [ -73.981018, 40.576463000932328 ], [ -73.980982, 40.576412000932372 ], [ -73.980938, 40.576363000932353 ], [ -73.980887, 40.576318000932368 ], [ -73.980828, 40.576275000932363 ], [ -73.980762, 40.576235000932343 ], [ -73.980689, 40.576199000932334 ], [ -73.980608, 40.576165000932356 ], [ -73.98052, 40.576134000932313 ], [ -73.980425, 40.57610600093232 ], [ -73.980322, 40.576081000932319 ], [ -73.980212, 40.576058000932342 ], [ -73.980094, 40.576039000932333 ], [ -73.978088, 40.575771000932313 ], [ -73.977991, 40.575762000932315 ], [ -73.977895, 40.575756000932358 ], [ -73.977798, 40.575753000932366 ], [ -73.9777, 40.575752000932354 ], [ -73.977603, 40.575754000932363 ], [ -73.977506, 40.575758000932339 ], [ -73.977408, 40.575765000932336 ], [ -73.97731, 40.575774000932363 ], [ -73.977212, 40.575786000932318 ], [ -73.977114, 40.575801000932358 ], [ -73.977015, 40.575818000932315 ], [ -73.976917, 40.575837000932296 ], [ -73.976818, 40.575860000932302 ], [ -73.976719, 40.575885000932317 ], [ -73.97662, 40.575912000932355 ], [ -73.975939, 40.576127000932324 ], [ -73.974984, 40.576429000932379 ], [ -73.974892512999986, 40.576458060932318 ] ] ] } },
    { "type": "Feature", "properties": { "Division": "BMT", "Line": "4th Avenue", "route_id": "R", "color": "#FFD503" }, "geometry": { "type": "MultiLineString", "coordinates": [ [ [ -74.030876, 40.616622000932558 ], [ -74.028398, 40.622687000932544 ], [ -74.02551, 40.62974200093263 ], [ -74.023377, 40.634967000932662 ], [ -74.022774, 40.636436000932648 ], [ -74.02275, 40.636490000932632 ], [ -74.022723, 40.636544000932659 ], [ -74.022696, 40.636597000932632 ], [ -74.022667, 40.636649000932614 ], [ -74.022637, 40.636699000932644 ], [ -74.022606, 40.636748000932663 ], [ -74.022574, 40.636796000932655 ], [ -74.022541, 40.636843000932636 ], [ -74.022507, 40.636889000932641 ], [ -74.022472, 40.636934000932655 ], [ -74.022435, 40.63697700093266 ], [ -74.022398, 40.637019000932668 ], [ -74.022359, 40.637060000932671 ], [ -74.022319, 40.63710000093262 ], [ -74.022278, 40.637140000932639 ], [ -74.020704, 40.638650000932635 ], [ -74.017881, 40.641362000932659 ], [ -74.014034, 40.645069000932665 ], [ -74.010006, 40.648939000932707 ], [ -74.005194, 40.653563000932735 ], [ -74.003549, 40.655144000932751 ], [ -73.998091, 40.66039700093274 ], [ -73.992872, 40.665414000932785 ], [ -73.992838, 40.665448000932756 ], [ -73.992804, 40.665483000932781 ], [ -73.992772, 40.665517000932809 ], [ -73.992739, 40.665552000932777 ], [ -73.992707, 40.665586000932805 ], [ -73.992675, 40.665620000932783 ], [ -73.992644, 40.665655000932809 ], [ -73.992612, 40.665689000932765 ], [ -73.992582, 40.665724000932784 ], [ -73.992551, 40.665758000932769 ], [ -73.992521, 40.665792000932797 ], [ -73.992491, 40.665827000932765 ], [ -73.992462, 40.6658610009328 ], [ -73.992433, 40.665896000932754 ], [ -73.992403, 40.665930000932775 ], [ -73.988302, 40.670847000932824 ], [ -73.984193, 40.675775000932845 ], [ -73.984147, 40.675831000932853 ], [ -73.984102, 40.675887000932825 ], [ -73.984059, 40.675942000932849 ], [ -73.984016, 40.675997000932831 ], [ -73.983975, 40.676050000932811 ], [ -73.983934, 40.676104000932853 ], [ -73.983895, 40.676156000932821 ], [ -73.983857, 40.67620800093281 ], [ -73.98382, 40.676259000932859 ], [ -73.983785, 40.676309000932861 ], [ -73.98375, 40.676359000932834 ], [ -73.983717, 40.676408000932817 ], [ -73.983684, 40.676457000932807 ], [ -73.983653, 40.676505000932877 ], [ -73.983623, 40.676552000932844 ], [ -73.98311, 40.677316000932855 ], [ -73.97881, 40.683666000932902 ], [ -73.978198, 40.684598000932873 ], [ -73.978169, 40.684641000932885 ], [ -73.978143, 40.684683000932878 ], [ -73.978118, 40.684726000932891 ], [ -73.978096, 40.684769000932896 ], [ -73.978075, 40.684811000932832 ], [ -73.978057, 40.684854000932852 ], [ -73.97804, 40.684897000932885 ], [ -73.978026, 40.684939000932872 ], [ -73.978014, 40.684982000932877 ], [ -73.978003, 40.685024000932877 ], [ -73.977995, 40.685067000932882 ], [ -73.977988, 40.685110000932902 ], [ -73.977984, 40.685152000932902 ], [ -73.977981, 40.685195000932914 ], [ -73.97798, 40.685237000932851 ], [ -73.978304, 40.687446000932916 ], [ -73.978312, 40.687496000932896 ], [ -73.978323, 40.687545000932886 ], [ -73.978338, 40.68759400093289 ], [ -73.978357, 40.68764000093288 ], [ -73.97838, 40.687686000932878 ], [ -73.978406, 40.687730000932874 ], [ -73.978436, 40.687773000932879 ], [ -73.978469, 40.687815000932908 ], [ -73.978506, 40.687855000932892 ], [ -73.978547, 40.687894000932864 ], [ -73.978592, 40.687931000932892 ], [ -73.97864, 40.6879670009329 ], [ -73.978691, 40.688002000932897 ], [ -73.978747, 40.688036000932883 ], [ -73.978805, 40.688068000932894 ], [ -73.980474, 40.688730000932921 ], [ -73.980545, 40.688760000932909 ], [ -73.980613, 40.688792000932857 ], [ -73.980678, 40.688827000932903 ], [ -73.98074, 40.688863000932862 ], [ -73.980798, 40.688902000932885 ], [ -73.980853, 40.688943000932888 ], [ -73.980905, 40.688986000932907 ], [ -73.980954, 40.6890310009329 ], [ -73.980999, 40.689078000932895 ], [ -73.981042, 40.689127000932878 ], [ -73.981081, 40.68917800093287 ], [ -73.981117, 40.689232000932904 ], [ -73.981149, 40.689287000932872 ], [ -73.981179, 40.68934500093291 ], [ -73.981205, 40.689405000932936 ], [ -73.981824, 40.690635000932879 ], [ -73.98227363999996, 40.691500557932898 ] ] ] } },
    { "type": "Feature", "properties": { "Division": "BMT", "Line": "Broadway", "route_id": "R", "color": "#FFD503" }, "geometry": { "type": "MultiLineString", "coordinates": [ [ [ -73.98227363999996, 40.691500557932898 ], [ -73.982304, 40.691559000932891 ], [ -73.982337, 40.691624000932883 ], [ -73.982376, 40.691684000932916 ], [ -73.982419, 40.691740000932889 ], [ -73.982467, 40.691792000932949 ], [ -73.982521, 40.691840000932913 ], [ -73.982579, 40.69188300093294 ], [ -73.982642, 40.69192200093287 ], [ -73.982711, 40.691957000932909 ], [ -73.982784, 40.691988000932874 ], [ -73.982862, 40.692014000932886 ], [ -73.982946, 40.692036000932866 ], [ -73.983034, 40.692054000932906 ], [ -73.983127, 40.69206800093292 ], [ -73.983226, 40.692077000932883 ], [ -73.983329, 40.692082000932885 ], [ -73.985942, 40.692180000932922 ], [ -73.98829, 40.692270000932929 ], [ -73.988439, 40.692277000932911 ], [ -73.988583, 40.692290000932942 ], [ -73.98872, 40.692309000932951 ], [ -73.988848, 40.69233500093295 ], [ -73.98897, 40.692367000932911 ], [ -73.989083, 40.692405000932936 ], [ -73.98919, 40.692449000932953 ], [ -73.989288, 40.692500000932931 ], [ -73.98938, 40.692557000932936 ], [ -73.989463, 40.692621000932881 ], [ -73.98954, 40.692690000932913 ], [ -73.989608, 40.692766000932949 ], [ -73.989669, 40.692849000932959 ], [ -73.989723, 40.692937000932886 ], [ -73.989769, 40.693032000932952 ], [ -73.989809, 40.69311100093293 ], [ -73.989854, 40.693186000932883 ], [ -73.989902, 40.693257000932931 ], [ -73.989954, 40.693325000932951 ], [ -73.99001, 40.693389000932882 ], [ -73.99007, 40.693449000932915 ], [ -73.990134, 40.693506000932956 ], [ -73.990202, 40.6935590009329 ], [ -73.990274, 40.693608000932905 ], [ -73.99035, 40.693654000932909 ], [ -73.99043, 40.693696000932924 ], [ -73.990514, 40.693734000932942 ], [ -73.990602, 40.693768000932877 ], [ -73.990693, 40.693799000932927 ], [ -73.990788, 40.693825000932961 ], [ -73.991777, 40.694100000932913 ], [ -73.997331, 40.69562600093294 ], [ -73.997441, 40.695655000932931 ], [ -73.997553, 40.695685000932897 ], [ -73.997667, 40.695716000932954 ], [ -73.997782, 40.695749000932906 ], [ -73.997899, 40.695782000932937 ], [ -73.998018, 40.695816000932922 ], [ -73.998138, 40.695852000932959 ], [ -73.99826, 40.695888000932896 ], [ -73.998384, 40.695926000932921 ], [ -73.998509, 40.695965000932929 ], [ -73.998636, 40.696005000932971 ], [ -73.998764, 40.696046000932967 ], [ -73.998895, 40.69608800093291 ], [ -73.999026, 40.69613100093293 ], [ -73.999159, 40.696176000932908 ], [ -74.01011, 40.699942000932978 ], [ -74.011412, 40.700483000932969 ], [ -74.011544, 40.700546000932945 ], [ -74.011669, 40.700612000932921 ], [ -74.011786, 40.700682000932929 ], [ -74.011896, 40.700755000932951 ], [ -74.012, 40.700832000932955 ], [ -74.012097, 40.700913000932971 ], [ -74.012187, 40.700997000932908 ], [ -74.01227, 40.701086000932932 ], [ -74.012346, 40.70117700093293 ], [ -74.012415, 40.701273000932957 ], [ -74.012477, 40.701372000932963 ], [ -74.012532, 40.701476000932978 ], [ -74.012581, 40.701582000932952 ], [ -74.012622, 40.701693000932941 ], [ -74.012658, 40.701808000932935 ], [ -74.012994, 40.703087000932925 ], [ -74.013114, 40.703592000932986 ], [ -74.013128, 40.70365500093294 ], [ -74.013142, 40.703722000932956 ], [ -74.013156, 40.703792000932964 ], [ -74.013171, 40.703865000932971 ], [ -74.013185, 40.703942000932948 ], [ -74.013199, 40.704023000932985 ], [ -74.013213, 40.704107000932986 ], [ -74.013227, 40.704194000932958 ], [ -74.013241, 40.704285000932934 ], [ -74.013255, 40.70437900093301 ], [ -74.013269, 40.704477000932975 ], [ -74.013284, 40.704578000932948 ], [ -74.013298, 40.704683000932967 ], [ -74.013312, 40.704791000932985 ], [ -74.013326, 40.704903000932987 ], [ -74.013331, 40.704946000932978 ], [ -74.013338, 40.704989000933011 ], [ -74.013347, 40.705030000933007 ], [ -74.013358, 40.705072000932923 ], [ -74.013371, 40.705114000932973 ], [ -74.013386, 40.705155000932997 ], [ -74.013404, 40.705196000932993 ], [ -74.013423, 40.705236000933013 ], [ -74.013444, 40.705277000932981 ], [ -74.013467, 40.705317000932943 ], [ -74.013493, 40.705357000932999 ], [ -74.01352, 40.705396000932957 ], [ -74.013549, 40.705436000933013 ], [ -74.013581, 40.705475000932964 ], [ -74.013614, 40.705514000932979 ], [ -74.013816, 40.705755000932989 ], [ -74.01387, 40.705820000933009 ], [ -74.013918, 40.705884000932961 ], [ -74.013958, 40.705946000932954 ], [ -74.013992, 40.706007000932978 ], [ -74.014018, 40.70606700093299 ], [ -74.014037, 40.706126000932976 ], [ -74.01405, 40.706184000932971 ], [ -74.014055, 40.706241000932955 ], [ -74.014053, 40.706297000932977 ], [ -74.014044, 40.706352000932966 ], [ -74.014028, 40.706406000933001 ], [ -74.014005, 40.706459000932973 ], [ -74.013975, 40.706511000932963 ], [ -74.013938, 40.706562000933026 ], [ -74.013894, 40.706611000933002 ], [ -74.013569, 40.706959000932954 ], [ -74.013554, 40.706975000932992 ], [ -74.013539, 40.706992000932971 ], [ -74.013523, 40.707008000932952 ], [ -74.013508, 40.707025000932973 ], [ -74.013493, 40.707042000933022 ], [ -74.013478, 40.707059000933008 ], [ -74.013463, 40.707076000932986 ], [ -74.013447, 40.707094000932983 ], [ -74.013432, 40.70711100093299 ], [ -74.013417, 40.707129000933001 ], [ -74.013402, 40.707147000933027 ], [ -74.013387, 40.70716500093296 ], [ -74.013372, 40.707183000932986 ], [ -74.013357, 40.707201000933026 ], [ -74.013342, 40.707220000932999 ], [ -74.013314, 40.707254000932963 ], [ -74.013286, 40.707290000932986 ], [ -74.013258, 40.70732600093303 ], [ -74.013232, 40.707362000932982 ], [ -74.013205, 40.707400000932992 ], [ -74.013179, 40.707438000932974 ], [ -74.013153, 40.707477000932982 ], [ -74.011029, 40.710668000933012 ], [ -74.010465, 40.711537000933035 ], [ -74.01042, 40.711587000933015 ], [ -74.010373, 40.711631000933046 ], [ -74.010323, 40.711669000932986 ], [ -74.01027, 40.71170100093299 ], [ -74.010215, 40.711728000933043 ], [ -74.010157, 40.711748000933021 ], [ -74.010096, 40.711762000933014 ], [ -74.010032, 40.711770000933022 ], [ -74.009965, 40.711773000933007 ], [ -74.009896, 40.71176900093301 ], [ -74.009824, 40.711760000932962 ], [ -74.009749, 40.711744000932981 ], [ -74.009672, 40.711723000933056 ], [ -74.009592, 40.711695000933041 ], [ -74.009509, 40.711662000933003 ], [ -74.009411, 40.711623000932981 ], [ -74.009327, 40.711589000933017 ], [ -74.009245, 40.711561000933052 ], [ -74.009165, 40.711537000933035 ], [ -74.009087, 40.711519000933031 ], [ -74.009011, 40.71150700093299 ], [ -74.008937, 40.711500000933015 ], [ -74.008865, 40.711498000933005 ], [ -74.008794, 40.711501000933012 ], [ -74.008725, 40.711510000932989 ], [ -74.008659, 40.711525000933037 ], [ -74.008594, 40.711544000933017 ], [ -74.008531, 40.711569000933025 ], [ -74.00847, 40.711599000932992 ], [ -74.00841, 40.711635000933008 ], [ -74.008353, 40.711676000933018 ], [ -74.007711, 40.712478000932983 ], [ -74.007703, 40.71248800093305 ], [ -74.007694, 40.712497000932999 ], [ -74.007686, 40.71250700093303 ], [ -74.007677, 40.712516000933 ], [ -74.007669, 40.712525000932985 ], [ -74.00766, 40.712533000933014 ], [ -74.007651, 40.71254200093297 ], [ -74.007641, 40.712550000933049 ], [ -74.007632, 40.712558000933008 ], [ -74.007623, 40.712566000932995 ], [ -74.007613, 40.712574000933031 ], [ -74.007603, 40.712582000933025 ], [ -74.007593, 40.712589000933015 ], [ -74.007583, 40.712596000933033 ], [ -74.007573, 40.712603000933015 ], [ -74.007563, 40.712610000933019 ], [ -74.007553, 40.71261800093307 ], [ -74.007544, 40.712625000933009 ], [ -74.007535, 40.712633000932996 ], [ -74.007526, 40.712640000933057 ], [ -74.007517, 40.712648000933008 ], [ -74.007508, 40.712656000933023 ], [ -74.0075, 40.712664000933053 ], [ -74.007492, 40.712672000933011 ], [ -74.007484, 40.712680000932984 ], [ -74.007476, 40.712688000933063 ], [ -74.007468, 40.712697000933005 ], [ -74.007461, 40.712705000932992 ], [ -74.007454, 40.712713000933022 ], [ -74.007447, 40.712722000933006 ], [ -74.006978, 40.713282000933013 ], [ -74.006374, 40.71401100093297 ], [ -74.006368, 40.714018000933024 ], [ -74.006363, 40.71402500093302 ], [ -74.006357, 40.714032000932995 ], [ -74.006352, 40.714039000933035 ], [ -74.006347, 40.714046000933024 ], [ -74.006342, 40.71405400093299 ], [ -74.006337, 40.714061000933057 ], [ -74.006333, 40.714069000933009 ], [ -74.006329, 40.714076000933019 ], [ -74.006324, 40.71408400093307 ], [ -74.006321, 40.714092000933 ], [ -74.006317, 40.714100000932973 ], [ -74.006313, 40.714108000933038 ], [ -74.00631, 40.714116000932997 ], [ -74.006307, 40.714124000932991 ], [ -74.006303, 40.714133000933025 ], [ -74.006299, 40.714141000933019 ], [ -74.006296, 40.714150000933024 ], [ -74.006292, 40.714158000933004 ], [ -74.006288, 40.714166000933012 ], [ -74.006283, 40.714174000933028 ], [ -74.006279, 40.714181000933031 ], [ -74.006275, 40.714189000933011 ], [ -74.00627, 40.714196000933008 ], [ -74.006266, 40.714203000933018 ], [ -74.006261, 40.714210000933015 ], [ -74.006257, 40.714217000933033 ], [ -74.006252, 40.714223000933053 ], [ -74.006247, 40.714230000933007 ], [ -74.006242, 40.714236000933035 ], [ -74.001775, 40.71952700093302 ], [ -74.001429, 40.71993000093304 ], [ -73.997702, 40.724329000933082 ], [ -73.992629, 40.730328000933085 ], [ -73.991683, 40.731445000933121 ], [ -73.991649, 40.731485000933148 ], [ -73.991617, 40.731526000933094 ], [ -73.991586, 40.731567000933097 ], [ -73.991558, 40.731609000933098 ], [ -73.991531, 40.731651000933127 ], [ -73.991505, 40.731693000933106 ], [ -73.991482, 40.731736000933132 ], [ -73.99146, 40.731779000933109 ], [ -73.99144, 40.73182200093315 ], [ -73.991422, 40.731866000933074 ], [ -73.991406, 40.731910000933077 ], [ -73.991391, 40.731954000933108 ], [ -73.991378, 40.731999000933087 ], [ -73.991367, 40.732044000933108 ], [ -73.991358, 40.732090000933063 ], [ -73.990568, 40.735736000933095 ], [ -73.990206, 40.737433000933159 ], [ -73.990195, 40.737476000933199 ], [ -73.990186, 40.737519000933148 ], [ -73.990176, 40.737563000933157 ], [ -73.990166, 40.737608000933143 ], [ -73.990155, 40.737653000933157 ], [ -73.990144, 40.73769800093315 ], [ -73.990134, 40.737745000933174 ], [ -73.990122, 40.737792000933133 ], [ -73.990111, 40.737839000933157 ], [ -73.990099, 40.737887000933149 ], [ -73.990088, 40.737936000933111 ], [ -73.990076, 40.737985000933087 ], [ -73.990063, 40.738035000933102 ], [ -73.990051, 40.738085000933161 ], [ -73.990037, 40.738136000933132 ], [ -73.989604, 40.739792000933164 ], [ -73.98959, 40.739844000933161 ], [ -73.989578, 40.739894000933113 ], [ -73.989566, 40.739945000933147 ], [ -73.989554, 40.739995000933156 ], [ -73.989543, 40.740045000933137 ], [ -73.989532, 40.740095000933145 ], [ -73.989522, 40.74014500093314 ], [ -73.989512, 40.74019500093312 ], [ -73.989503, 40.740244000933181 ], [ -73.989494, 40.740294000933133 ], [ -73.989485, 40.740343000933152 ], [ -73.989477, 40.740392000933149 ], [ -73.989469, 40.740441000933131 ], [ -73.989462, 40.740489000933103 ], [ -73.989455, 40.740538000933164 ], [ -73.989344, 40.741303000933165 ], [ -73.989192, 40.742643000933143 ], [ -73.989186, 40.742700000933176 ], [ -73.98918, 40.742757000933153 ], [ -73.989173, 40.742812000933149 ], [ -73.989166, 40.742867000933167 ], [ -73.98916, 40.742920000933147 ], [ -73.989153, 40.742973000933162 ], [ -73.989146, 40.743025000933137 ], [ -73.989138, 40.743075000933125 ], [ -73.989131, 40.743125000933183 ], [ -73.989123, 40.74317300093319 ], [ -73.989116, 40.743221000933183 ], [ -73.989108, 40.743268000933178 ], [ -73.9891, 40.743314000933147 ], [ -73.989091, 40.743358000933149 ], [ -73.989083, 40.74340200093318 ], [ -73.988691, 40.745494000933171 ], [ -73.98795, 40.749567000933212 ], [ -73.98757, 40.75181500093322 ], [ -73.987556, 40.751893000933194 ], [ -73.987541, 40.75197100093321 ], [ -73.987526, 40.752049000933184 ], [ -73.98751, 40.752127000933179 ], [ -73.987493, 40.752204000933169 ], [ -73.987475, 40.752282000933199 ], [ -73.987457, 40.752360000933209 ], [ -73.987437, 40.752438000933182 ], [ -73.987417, 40.752516000933213 ], [ -73.987396, 40.75259300093321 ], [ -73.987375, 40.75267100093324 ], [ -73.987353, 40.7527490009332 ], [ -73.987329, 40.752827000933181 ], [ -73.987306, 40.752904000933206 ], [ -73.987281, 40.75298200093318 ], [ -73.986754, 40.754672000933205 ], [ -73.986201, 40.75643000093325 ], [ -73.986154, 40.756569000933261 ], [ -73.986106, 40.756705000933223 ], [ -73.986056, 40.75683900093324 ], [ -73.986003, 40.756971000933234 ], [ -73.985949, 40.757101000933197 ], [ -73.985893, 40.757229000933194 ], [ -73.985835, 40.757354000933262 ], [ -73.985775, 40.757477000933257 ], [ -73.985712, 40.757599000933205 ], [ -73.985648, 40.757718000933252 ], [ -73.985582, 40.757835000933206 ], [ -73.985514, 40.757949000933245 ], [ -73.985444, 40.758062000933243 ], [ -73.985371, 40.758173000933226 ], [ -73.985298, 40.758280000933247 ], [ -73.984139, 40.759901000933283 ], [ -73.980658, 40.76466400093323 ], [ -73.980623854999976, 40.764710842933262 ], [ -73.979499, 40.766254000933301 ], [ -73.979438, 40.766329000933275 ], [ -73.979375, 40.76639600093327 ], [ -73.979308, 40.766455000933284 ], [ -73.979239, 40.766507000933274 ], [ -73.979166, 40.766550000933258 ], [ -73.979091, 40.76658500093329 ], [ -73.979012, 40.766612000933293 ], [ -73.978931, 40.766632000933285 ], [ -73.978846, 40.766643000933271 ], [ -73.978759, 40.766646000933243 ], [ -73.978668, 40.766641000933269 ], [ -73.978575, 40.766628000933238 ], [ -73.978478, 40.766606000933244 ], [ -73.978379, 40.766577000933282 ], [ -73.978276, 40.766540000933304 ], [ -73.974217, 40.764825000933236 ], [ -73.974193, 40.764816000933273 ], [ -73.97417, 40.764808000933265 ], [ -73.974146, 40.764800000933235 ], [ -73.974121, 40.764793000933267 ], [ -73.974097, 40.764787000933261 ], [ -73.974073, 40.764782000933231 ], [ -73.974048, 40.76477700093325 ], [ -73.974024, 40.764773000933246 ], [ -73.973999, 40.764770000933261 ], [ -73.973974, 40.764768000933287 ], [ -73.973949, 40.764766000933271 ], [ -73.973924, 40.764765000933288 ], [ -73.973898, 40.764765000933281 ], [ -73.973873, 40.76476600093325 ], [ -73.973847, 40.764767000933254 ], [ -73.973347, 40.764811000933278 ], [ -73.972718, 40.764873000933292 ], [ -73.972694, 40.764873000933271 ], [ -73.97267, 40.764873000933285 ], [ -73.972647, 40.764872000933252 ], [ -73.972623, 40.764870000933243 ], [ -73.972599, 40.764867000933265 ], [ -73.972575, 40.764864000933244 ], [ -73.97255, 40.764859000933278 ], [ -73.972526, 40.764854000933283 ], [ -73.972501, 40.764849000933225 ], [ -73.972476, 40.764842000933264 ], [ -73.97245, 40.764835000933282 ], [ -73.972425, 40.764827000933231 ], [ -73.972399, 40.764819000933258 ], [ -73.972373, 40.764809000933283 ], [ -73.972347, 40.764799000933252 ], [ -73.967258, 40.762660000933238 ], [ -73.959131, 40.759230000933243 ], [ -73.946938, 40.753765000933193 ], [ -73.94522393668052, 40.753019341238051 ] ] ] } },
    { "type": "Feature", "properties": { "Division": "IND", "Line": "Queens", "route_id": "R", "color": "#FFD503" }, "geometry": { "type": "MultiLineString", "coordinates": [ [ [ -73.945223936680378, 40.753019341238122 ], [ -73.944152, 40.752553000933204 ], [ -73.943838, 40.752397000933257 ], [ -73.943736, 40.752329000933223 ], [ -73.943642999999824, 40.752258000933161 ], [ -73.943557, 40.752184000933212 ], [ -73.94348, 40.752107000933293 ], [ -73.943409999999858, 40.752028000933194 ], [ -73.94334799999983, 40.751945000933205 ], [ -73.943294, 40.751860000933263 ], [ -73.943247999999898, 40.751772000933286 ], [ -73.943208999999797, 40.751680000933234 ], [ -73.943178999999887, 40.751586000933216 ], [ -73.943156, 40.751489000933226 ], [ -73.943141999999881, 40.751389000933237 ], [ -73.943135, 40.751287000933189 ], [ -73.943135, 40.751179000933156 ], [ -73.943169, 40.750367000933174 ], [ -73.943171999999819, 40.750311000933216 ], [ -73.943173999999857, 40.750255000933194 ], [ -73.943171999999848, 40.750200000933191 ], [ -73.943166999999875, 40.750146000933228 ], [ -73.943158, 40.750092000933236 ], [ -73.943145999999857, 40.750039000933228 ], [ -73.943131999999849, 40.749987000933174 ], [ -73.943114, 40.749935000933206 ], [ -73.943091999999822, 40.749884000933257 ], [ -73.943068, 40.749834000933241 ], [ -73.943039999999883, 40.749785000933173 ], [ -73.943009, 40.749736000933197 ], [ -73.942975, 40.749688000933162 ], [ -73.942938, 40.749641000933217 ], [ -73.942897, 40.749595000933233 ], [ -73.941908999999839, 40.748566000933252 ], [ -73.941795999999826, 40.7484570009332 ], [ -73.941681, 40.748360000933175 ], [ -73.941560999999879, 40.748273000933168 ], [ -73.941437, 40.748197000933231 ], [ -73.941308999999805, 40.748132000933175 ], [ -73.941175999999899, 40.748077000933243 ], [ -73.941037999999892, 40.748033000933276 ], [ -73.940896999999822, 40.74800000093326 ], [ -73.94075, 40.747977000933211 ], [ -73.940599999999847, 40.747964000933194 ], [ -73.940444999999841, 40.747963000933147 ], [ -73.940285, 40.74797200093321 ], [ -73.940121, 40.747991000933212 ], [ -73.939952999999832, 40.748021000933235 ], [ -73.939779999999885, 40.748061000933262 ], [ -73.939678451999896, 40.748097505933153 ], [ -73.937243, 40.748973000933184 ], [ -73.93717, 40.748999000933196 ], [ -73.937099, 40.749025000933216 ], [ -73.937029999999851, 40.749054000933214 ], [ -73.936963, 40.749083000933204 ], [ -73.936897, 40.749114000933247 ], [ -73.936834, 40.749146000933258 ], [ -73.936771999999877, 40.749180000933215 ], [ -73.936711999999787, 40.749215000933191 ], [ -73.936654999999845, 40.749251000933249 ], [ -73.936598999999788, 40.749288000933184 ], [ -73.93654399999987, 40.749327000933242 ], [ -73.936492, 40.749367000933219 ], [ -73.936441999999872, 40.749408000933215 ], [ -73.936394, 40.749451000933199 ], [ -73.936346999999884, 40.749495000933123 ], [ -73.935093999999836, 40.750660000933237 ], [ -73.934913, 40.750826000933195 ], [ -73.934725999999841, 40.750981000933216 ], [ -73.934532, 40.751125000933229 ], [ -73.934331, 40.751258000933213 ], [ -73.934121999999888, 40.751380000933196 ], [ -73.933904999999811, 40.751491000933171 ], [ -73.933682, 40.751591000933253 ], [ -73.933451, 40.751680000933227 ], [ -73.933212, 40.751758000933243 ], [ -73.932966, 40.751824000933233 ], [ -73.932713, 40.751880000933156 ], [ -73.93245199999987, 40.751924000933201 ], [ -73.932183999999836, 40.751957000933245 ], [ -73.931907999999865, 40.751979000933211 ], [ -73.931626999999835, 40.751990000933169 ], [ -73.928780999999873, 40.75203900093323 ], [ -73.926562999999859, 40.752074000933206 ], [ -73.92645, 40.752078000933174 ], [ -73.926339, 40.752083000933183 ], [ -73.926229, 40.752090000933272 ], [ -73.92612, 40.752098000933238 ], [ -73.926010999999832, 40.752108000933269 ], [ -73.925903, 40.752119000933178 ], [ -73.925796, 40.752132000933223 ], [ -73.925689999999847, 40.752146000933188 ], [ -73.925584999999856, 40.752162000933176 ], [ -73.925479999999823, 40.752179000933211 ], [ -73.925375999999886, 40.752197000933243 ], [ -73.925273, 40.752217000933221 ], [ -73.925171, 40.752239000933187 ], [ -73.92507, 40.752262000933158 ], [ -73.924968, 40.752285000933163 ], [ -73.924860999999851, 40.752311000933247 ], [ -73.924757, 40.752340000933181 ], [ -73.924656999999854, 40.752373000933169 ], [ -73.92456, 40.752411000933236 ], [ -73.924466999999822, 40.752452000933197 ], [ -73.924377, 40.752497000933211 ], [ -73.924291, 40.75254500093321 ], [ -73.924207999999894, 40.75259800093324 ], [ -73.924128999999866, 40.752654000933184 ], [ -73.924053999999785, 40.752714000933182 ], [ -73.923981999999896, 40.752778000933198 ], [ -73.923912999999899, 40.752846000933211 ], [ -73.923847999999879, 40.752918000933207 ], [ -73.923786999999777, 40.752994000933256 ], [ -73.923728, 40.753072000933216 ], [ -73.921565, 40.755854000933255 ], [ -73.921555, 40.755867000933293 ], [ -73.921546, 40.755879000933248 ], [ -73.921534999999835, 40.755893000933227 ], [ -73.921525, 40.755906000933194 ], [ -73.921514999999829, 40.755920000933294 ], [ -73.921504, 40.755934000933181 ], [ -73.921492999999884, 40.755948000933273 ], [ -73.921481, 40.755962000933202 ], [ -73.921469999999758, 40.755977000933228 ], [ -73.921458, 40.755992000933254 ], [ -73.921446, 40.756007000933302 ], [ -73.921433, 40.756023000933233 ], [ -73.921420999999825, 40.756039000933306 ], [ -73.921407999999829, 40.756055000933266 ], [ -73.921394999999848, 40.756071000933247 ], [ -73.92074, 40.756879000933274 ], [ -73.919849999999826, 40.757972000933215 ], [ -73.919713, 40.758107000933272 ], [ -73.919567999999856, 40.758213000933274 ], [ -73.919417, 40.758303000933239 ], [ -73.919262, 40.758378000933234 ], [ -73.919101, 40.758437000933242 ], [ -73.918935999999817, 40.75848100093328 ], [ -73.918765, 40.758510000933313 ], [ -73.918589999999881, 40.758523000933188 ], [ -73.918408999999841, 40.758520000933203 ], [ -73.918223999999867, 40.758502000933248 ], [ -73.918033, 40.758469000933324 ], [ -73.917838, 40.75842000093327 ], [ -73.917638, 40.758356000933233 ], [ -73.917431999999849, 40.758276000933279 ], [ -73.917222, 40.758182000933211 ], [ -73.914833999999843, 40.757023000933216 ], [ -73.914797999999863, 40.757005000933212 ], [ -73.914762, 40.756987000933222 ], [ -73.914726, 40.756969000933218 ], [ -73.914691, 40.756951000933299 ], [ -73.914654999999811, 40.756933000933259 ], [ -73.914619, 40.756915000933247 ], [ -73.914583, 40.756898000933241 ], [ -73.914547, 40.756880000933279 ], [ -73.914511, 40.756863000933272 ], [ -73.914474999999854, 40.756846000933272 ], [ -73.914439, 40.756829000933237 ], [ -73.914404, 40.756812000933216 ], [ -73.914368, 40.756795000933252 ], [ -73.914332, 40.756779000933264 ], [ -73.914295, 40.75676200093325 ], [ -73.913333, 40.756312000933271 ], [ -73.908934999999843, 40.754245000933196 ], [ -73.906785999999798, 40.753221000933245 ], [ -73.906006, 40.752885000933226 ], [ -73.898452999999876, 40.749669000933174 ], [ -73.891337999999877, 40.746644000933266 ], [ -73.885149, 40.744006000933176 ], [ -73.885104, 40.743987000933238 ], [ -73.885059, 40.743967000933182 ], [ -73.885014999999839, 40.743948000933145 ], [ -73.884971, 40.743928000933238 ], [ -73.884928, 40.74390900093313 ], [ -73.884885, 40.743890000933249 ], [ -73.884843, 40.743871000933204 ], [ -73.884801, 40.743851000933176 ], [ -73.88476, 40.74383200093316 ], [ -73.884719, 40.74381300093323 ], [ -73.884679, 40.743794000933136 ], [ -73.884638999999822, 40.743775000933184 ], [ -73.8846, 40.743756000933253 ], [ -73.884561, 40.743737000933194 ], [ -73.884522999999874, 40.743718000933214 ], [ -73.882917, 40.742933000933185 ], [ -73.882845999999873, 40.742897000933155 ], [ -73.882775, 40.742862000933229 ], [ -73.882705999999885, 40.742827000933183 ], [ -73.882638999999841, 40.742792000933171 ], [ -73.882574, 40.742759000933127 ], [ -73.88251, 40.74272600093321 ], [ -73.882448, 40.742693000933194 ], [ -73.882387999999864, 40.742661000933197 ], [ -73.882329999999882, 40.742630000933168 ], [ -73.882272999999813, 40.742599000933147 ], [ -73.882217999999867, 40.74256900093318 ], [ -73.882165, 40.742539000933192 ], [ -73.882114, 40.742510000933166 ], [ -73.882063999999858, 40.742482000933151 ], [ -73.882017, 40.742454000933215 ], [ -73.881944999999874, 40.742415000933185 ], [ -73.881874, 40.742376000933184 ], [ -73.881803, 40.742337000933212 ], [ -73.881731999999772, 40.742296000933152 ], [ -73.881662, 40.742256000933217 ], [ -73.881592, 40.742215000933136 ], [ -73.881523, 40.742173000933171 ], [ -73.881452999999865, 40.742131000933171 ], [ -73.881383999999855, 40.742088000933215 ], [ -73.881316, 40.742045000933189 ], [ -73.881247, 40.742001000933179 ], [ -73.881179, 40.741957000933198 ], [ -73.881112, 40.741913000933216 ], [ -73.881044, 40.74186800093316 ], [ -73.880977, 40.741822000933212 ], [ -73.879422, 40.740665000933184 ], [ -73.879357, 40.740614000933171 ], [ -73.879295, 40.740561000933234 ], [ -73.879234999999852, 40.740506000933159 ], [ -73.879175, 40.740449000933182 ], [ -73.879117, 40.740389000933128 ], [ -73.879059999999825, 40.74032600093318 ], [ -73.879003999999895, 40.74026100093311 ], [ -73.87895, 40.740194000933158 ], [ -73.878896999999853, 40.740124000933129 ], [ -73.87884499999987, 40.740052000933183 ], [ -73.878794, 40.739977000933131 ], [ -73.878743999999884, 40.739900000933162 ], [ -73.878695999999849, 40.739821000933169 ], [ -73.878648999999896, 40.73973900093312 ], [ -73.878602, 40.739655000933141 ], [ -73.877223, 40.737015000933141 ], [ -73.877055, 40.736710000933115 ], [ -73.876951, 40.736514000933191 ], [ -73.876834, 40.736327000933137 ], [ -73.876705, 40.736148000933149 ], [ -73.876561999999893, 40.735976000933135 ], [ -73.876405, 40.735812000933123 ], [ -73.876235999999892, 40.735655000933193 ], [ -73.876053999999783, 40.735507000933126 ], [ -73.875858999999849, 40.735365000933164 ], [ -73.875649999999823, 40.735232000933117 ], [ -73.875429, 40.735106000933094 ], [ -73.87519399999978, 40.734988000933107 ], [ -73.874947, 40.734877000933153 ], [ -73.874685999999755, 40.734775000933119 ], [ -73.874411999999893, 40.734679000933134 ], [ -73.874125999999833, 40.734593000933103 ], [ -73.870922999999848, 40.733648000933172 ], [ -73.870805, 40.733614000933144 ], [ -73.870688, 40.733579000933155 ], [ -73.870571, 40.733544000933158 ], [ -73.87045399999981, 40.733509000933104 ], [ -73.870339, 40.733473000933188 ], [ -73.870224, 40.733437000933115 ], [ -73.870110999999852, 40.733401000933156 ], [ -73.869997999999867, 40.733365000933162 ], [ -73.869884999999854, 40.733328000933128 ], [ -73.869774, 40.73329200093314 ], [ -73.869662999999846, 40.733255000933148 ], [ -73.869553999999823, 40.733218000933135 ], [ -73.869444999999871, 40.733181000933129 ], [ -73.869336, 40.733144000933109 ], [ -73.869228999999848, 40.733106000933184 ], [ -73.869061999999829, 40.73304100093312 ], [ -73.868897999999831, 40.732975000933116 ], [ -73.868736999999854, 40.73290900093312 ], [ -73.868579, 40.732842000933125 ], [ -73.868425, 40.732774000933141 ], [ -73.868274, 40.732706000933142 ], [ -73.868126999999831, 40.732638000933186 ], [ -73.867983999999865, 40.732568000933128 ], [ -73.867843, 40.732499000933146 ], [ -73.867707, 40.732429000933102 ], [ -73.867573, 40.73235800093309 ], [ -73.867444, 40.732287000933127 ], [ -73.867316999999872, 40.73221500093311 ], [ -73.867193999999856, 40.732143000933142 ], [ -73.867073, 40.732070000933156 ], [ -73.866945, 40.731991000933121 ], [ -73.866811999999896, 40.731914000933124 ], [ -73.866676, 40.731838000933124 ], [ -73.866535, 40.731763000933149 ], [ -73.86639, 40.73168800093314 ], [ -73.866240999999889, 40.731614000933085 ], [ -73.866086999999851, 40.731541000933099 ], [ -73.865929999999807, 40.731469000933146 ], [ -73.865767999999846, 40.731397000933107 ], [ -73.865601999999853, 40.731327000933156 ], [ -73.865430999999774, 40.731257000933077 ], [ -73.865257, 40.731187000933076 ], [ -73.865078, 40.731119000933134 ], [ -73.864894999999805, 40.731051000933121 ], [ -73.86471, 40.73098500093311 ], [ -73.861604, 40.729846000933108 ], [ -73.854378, 40.727216000933083 ], [ -73.854281999999813, 40.727179000933084 ], [ -73.854184, 40.727142000933128 ], [ -73.854084999999813, 40.727103000933091 ], [ -73.853982999999886, 40.727062000933053 ], [ -73.853879, 40.727021000933064 ], [ -73.85377299999989, 40.726977000933118 ], [ -73.853665, 40.726933000933066 ], [ -73.853554, 40.726887000933068 ], [ -73.853441999999788, 40.72683900093309 ], [ -73.853326999999851, 40.726790000933079 ], [ -73.853209999999805, 40.72674000093307 ], [ -73.853090999999893, 40.726688000933109 ], [ -73.852968999999874, 40.726635000933101 ], [ -73.852845999999801, 40.726580000933097 ], [ -73.852719, 40.726523000933057 ], [ -73.852537999999868, 40.726443000933074 ], [ -73.852358999999865, 40.726358000933075 ], [ -73.852184999999878, 40.72627100093311 ], [ -73.852015, 40.726181000933131 ], [ -73.851848999999859, 40.726090000933134 ], [ -73.851688, 40.725995000933146 ], [ -73.85153, 40.725899000933047 ], [ -73.851376999999843, 40.72580000093307 ], [ -73.851227999999807, 40.725699000933098 ], [ -73.851083, 40.725596000933109 ], [ -73.850941999999847, 40.725490000933107 ], [ -73.850805, 40.725382000933038 ], [ -73.850672999999844, 40.725272000933138 ], [ -73.850544, 40.725159000933061 ], [ -73.850417999999848, 40.725045000933115 ], [ -73.850251999999827, 40.724889000933089 ], [ -73.850084, 40.724735000933144 ], [ -73.849912, 40.724584000933071 ], [ -73.84973599999978, 40.724436000933053 ], [ -73.849555999999879, 40.724292000933154 ], [ -73.849371999999832, 40.724151000933077 ], [ -73.849184, 40.724013000933112 ], [ -73.848992999999794, 40.723878000933126 ], [ -73.848796999999848, 40.72374700093313 ], [ -73.848598, 40.723618000933094 ], [ -73.848393999999885, 40.723493000933097 ], [ -73.848186999999896, 40.723371000933049 ], [ -73.847975, 40.723253000933084 ], [ -73.84776, 40.7231370009331 ], [ -73.847541, 40.723026000933132 ], [ -73.844521, 40.721691000933106 ] ] ] } },
    { "type": "Feature", "properties": { "Division": null, "Line": "Staten Island Railway", "route_id": "SI", "color": "#08179C" }, "geometry": { "type": "MultiLineString", "coordinates": [ [ [ -74.251961, 40.512764000932023 ], [ -74.251124, 40.513334000932019 ], [ -74.250917, 40.513458000932054 ], [ -74.250706, 40.513579000932005 ], [ -74.250493, 40.513696000932008 ], [ -74.250277, 40.513810000932011 ], [ -74.250059, 40.513920000932011 ], [ -74.249838, 40.514027000932039 ], [ -74.249614, 40.514130000932049 ], [ -74.249388, 40.51422900093204 ], [ -74.249159, 40.514325000932025 ], [ -74.248927, 40.514418000932018 ], [ -74.248693, 40.514507000932014 ], [ -74.248456, 40.514593000932038 ], [ -74.248217, 40.514675000932051 ], [ -74.247975, 40.514753000932025 ], [ -74.24773, 40.514828000932077 ], [ -74.246451, 40.515198000932045 ], [ -74.245689, 40.515401000932016 ], [ -74.245353, 40.51548600093205 ], [ -74.245319, 40.515494000932023 ], [ -74.245285, 40.515502000931981 ], [ -74.24525, 40.515510000932039 ], [ -74.245214, 40.515517000932022 ], [ -74.245178, 40.515525000932008 ], [ -74.245141, 40.515533000932045 ], [ -74.245104, 40.515541000932025 ], [ -74.245066, 40.515549000932069 ], [ -74.245028, 40.515557000932048 ], [ -74.244989, 40.515565000932028 ], [ -74.244949, 40.515573000932037 ], [ -74.244909, 40.51558000093204 ], [ -74.244869, 40.515588000932013 ], [ -74.244828, 40.515596000932049 ], [ -74.244786, 40.515604000932036 ], [ -74.244342, 40.51569500093202 ], [ -74.244235, 40.515720000932021 ], [ -74.24413, 40.515746000932033 ], [ -74.244025, 40.515773000931993 ], [ -74.243922, 40.515802000932055 ], [ -74.243821, 40.515832000932015 ], [ -74.24372, 40.51586200093201 ], [ -74.243621, 40.515895000932034 ], [ -74.243523, 40.515928000932021 ], [ -74.243427, 40.515962000932056 ], [ -74.243331, 40.515998000932008 ], [ -74.243237, 40.516035000932028 ], [ -74.243144, 40.516073000932046 ], [ -74.243052, 40.516112000932054 ], [ -74.242962, 40.516152000932017 ], [ -74.242872, 40.516194000932039 ], [ -74.241023, 40.517071000932027 ], [ -74.240928, 40.517115000932058 ], [ -74.240832, 40.517157000932045 ], [ -74.240735, 40.517198000932062 ], [ -74.240638, 40.517238000932061 ], [ -74.24054, 40.517276000932014 ], [ -74.240442, 40.517313000932056 ], [ -74.240344, 40.517349000932029 ], [ -74.240244, 40.517383000932035 ], [ -74.240145, 40.517416000932037 ], [ -74.240044, 40.517447000932059 ], [ -74.239944, 40.517478000932044 ], [ -74.239843, 40.517507000932078 ], [ -74.239741, 40.517534000932059 ], [ -74.239639, 40.517560000932036 ], [ -74.239535, 40.517585000932037 ], [ -74.238373, 40.517812000932054 ], [ -74.229141, 40.519631000932073 ], [ -74.225688, 40.520312000932051 ], [ -74.225581, 40.520334000932053 ], [ -74.225474, 40.520357000932066 ], [ -74.225368, 40.520380000932043 ], [ -74.225262, 40.520403000932049 ], [ -74.225156, 40.520427000932038 ], [ -74.22505, 40.520451000932049 ], [ -74.224944, 40.520476000932049 ], [ -74.224838, 40.520500000932017 ], [ -74.224732, 40.520526000932065 ], [ -74.224626, 40.520551000932066 ], [ -74.224521, 40.520577000932079 ], [ -74.224415, 40.520604000932074 ], [ -74.224309, 40.520630000932044 ], [ -74.224204, 40.520658000932038 ], [ -74.224099, 40.520685000932076 ], [ -74.219083, 40.522102000932094 ], [ -74.218988, 40.522128000932085 ], [ -74.218895, 40.522153000932079 ], [ -74.218803, 40.522177000932096 ], [ -74.218714, 40.522201000932057 ], [ -74.218626, 40.522223000932037 ], [ -74.21854, 40.52224500093206 ], [ -74.218455, 40.522267000932061 ], [ -74.218373, 40.522287000932067 ], [ -74.218292, 40.522307000932095 ], [ -74.218214, 40.522326000932082 ], [ -74.218137, 40.522344000932044 ], [ -74.218062, 40.522361000932058 ], [ -74.217988, 40.522378000932065 ], [ -74.217917, 40.522394000932096 ], [ -74.217847, 40.522410000932055 ], [ -74.217658, 40.52245200093207 ], [ -74.217466, 40.522494000932078 ], [ -74.217271, 40.522534000932069 ], [ -74.217073, 40.522573000932091 ], [ -74.216872, 40.522611000932045 ], [ -74.216667, 40.522647000932075 ], [ -74.21646, 40.522683000932034 ], [ -74.216249, 40.522717000932069 ], [ -74.216035, 40.522750000932056 ], [ -74.215819, 40.522782000932075 ], [ -74.215599, 40.522813000932054 ], [ -74.215375, 40.522843000932106 ], [ -74.215149, 40.522871000932092 ], [ -74.21492, 40.522899000932071 ], [ -74.214686, 40.522924000932058 ], [ -74.210498, 40.523427000932045 ], [ -74.210437, 40.523434000932092 ], [ -74.210376, 40.52344100093206 ], [ -74.210317, 40.523448000932042 ], [ -74.210257, 40.523455000932103 ], [ -74.210199, 40.523462000932064 ], [ -74.210141, 40.523469000932046 ], [ -74.210084, 40.523476000932099 ], [ -74.210028, 40.523484000932058 ], [ -74.209972, 40.523491000932069 ], [ -74.209917, 40.523499000932105 ], [ -74.209863, 40.523506000932073 ], [ -74.20981, 40.523514000932067 ], [ -74.209757, 40.523521000932092 ], [ -74.209704, 40.523529000932079 ], [ -74.209653, 40.523537000932038 ], [ -74.203552, 40.524408000932077 ], [ -74.20329, 40.524451000932068 ], [ -74.20303, 40.524499000932067 ], [ -74.202776, 40.524552000932069 ], [ -74.202525, 40.524609000932088 ], [ -74.20228, 40.524670000932097 ], [ -74.202038, 40.524735000932104 ], [ -74.201801, 40.524804000932122 ], [ -74.201568, 40.524877000932079 ], [ -74.20134, 40.524955000932053 ], [ -74.201116, 40.525037000932073 ], [ -74.200896, 40.525122000932093 ], [ -74.200681, 40.525213000932077 ], [ -74.20047, 40.525307000932081 ], [ -74.200264, 40.525405000932068 ], [ -74.200064, 40.525507000932087 ], [ -74.199922, 40.525584000932071 ], [ -74.199781, 40.525664000932089 ], [ -74.199643, 40.525746000932067 ], [ -74.199506, 40.525831000932072 ], [ -74.199371, 40.525920000932082 ], [ -74.199239, 40.526011000932066 ], [ -74.199108, 40.526105000932077 ], [ -74.19898, 40.526202000932116 ], [ -74.198854, 40.526302000932098 ], [ -74.19873, 40.526404000932118 ], [ -74.198608, 40.526510000932078 ], [ -74.198488, 40.526618000932068 ], [ -74.19837, 40.526729000932093 ], [ -74.198254, 40.526843000932075 ], [ -74.198141, 40.526961000932069 ], [ -74.191794, 40.533674000932137 ], [ -74.191268, 40.534239000932146 ], [ -74.191077, 40.534433000932111 ], [ -74.190881, 40.534625000932124 ], [ -74.190682, 40.534814000932123 ], [ -74.190482, 40.534999000932089 ], [ -74.190278, 40.53518200093216 ], [ -74.190073, 40.535361000932177 ], [ -74.189865, 40.535538000932114 ], [ -74.189654, 40.535711000932146 ], [ -74.189442, 40.535882000932162 ], [ -74.189226, 40.536049000932124 ], [ -74.189009, 40.536213000932129 ], [ -74.188789, 40.536374000932156 ], [ -74.188566, 40.536532000932169 ], [ -74.188341, 40.536687000932119 ], [ -74.188114, 40.536839000932112 ], [ -74.187878, 40.536988000932162 ], [ -74.187637, 40.537135000932139 ], [ -74.187391, 40.537280000932157 ], [ -74.18714, 40.537423000932151 ], [ -74.186883, 40.537565000932126 ], [ -74.186622, 40.537706000932189 ], [ -74.186355, 40.537844000932168 ], [ -74.186082, 40.537981000932177 ], [ -74.185804, 40.538117000932147 ], [ -74.185521, 40.538251000932171 ], [ -74.185233, 40.538383000932157 ], [ -74.18494, 40.53851400093216 ], [ -74.184641, 40.538643000932133 ], [ -74.184336, 40.538770000932161 ], [ -74.184028, 40.538895000932122 ], [ -74.183852, 40.538963000932178 ], [ -74.183678, 40.539030000932136 ], [ -74.183508, 40.539094000932131 ], [ -74.18334, 40.539155000932148 ], [ -74.183174, 40.539215000932167 ], [ -74.183012, 40.539272000932158 ], [ -74.182852, 40.539327000932175 ], [ -74.182695, 40.539380000932169 ], [ -74.18254, 40.539431000932147 ], [ -74.182389, 40.539479000932126 ], [ -74.18224, 40.53952500093213 ], [ -74.182093, 40.539569000932126 ], [ -74.18195, 40.539611000932133 ], [ -74.181809, 40.53965100093216 ], [ -74.181672, 40.539687000932147 ], [ -74.181583, 40.539711000932172 ], [ -74.181486, 40.539738000932147 ], [ -74.181379, 40.539766000932161 ], [ -74.181264, 40.539795000932124 ], [ -74.18114, 40.539826000932159 ], [ -74.181007, 40.539859000932118 ], [ -74.180865, 40.539892000932163 ], [ -74.180715, 40.539928000932143 ], [ -74.180555, 40.539965000932142 ], [ -74.180387, 40.540003000932174 ], [ -74.180209, 40.540043000932137 ], [ -74.180023, 40.54008400093214 ], [ -74.179828, 40.540127000932138 ], [ -74.179625, 40.540171000932155 ], [ -74.179413, 40.540217000932167 ], [ -74.178217, 40.540460000932171 ], [ -74.171897, 40.541685000932141 ], [ -74.171539, 40.541762000932195 ], [ -74.171177, 40.541846000932189 ], [ -74.170812, 40.5419400009322 ], [ -74.170442, 40.542043000932146 ], [ -74.17007, 40.542155000932141 ], [ -74.169693, 40.542276000932198 ], [ -74.169313, 40.542407000932158 ], [ -74.168929, 40.542547000932167 ], [ -74.168541, 40.542697000932179 ], [ -74.168149, 40.542855000932143 ], [ -74.167754, 40.543023000932166 ], [ -74.167355, 40.543200000932195 ], [ -74.166952, 40.543387000932185 ], [ -74.166546, 40.543583000932202 ], [ -74.166135, 40.543787000932184 ], [ -74.16457, 40.544601000932197 ], [ -74.162046, 40.545924000932203 ], [ -74.157749, 40.548100000932173 ], [ -74.157326, 40.548317000932201 ], [ -74.156917, 40.54852400093219 ], [ -74.156522, 40.548724000932197 ], [ -74.156143, 40.548916000932238 ], [ -74.155779, 40.549100000932214 ], [ -74.155429, 40.549276000932245 ], [ -74.155095, 40.549444000932205 ], [ -74.154775, 40.549604000932199 ], [ -74.154471, 40.549756000932206 ], [ -74.154181, 40.549901000932202 ], [ -74.153906, 40.550037000932193 ], [ -74.153646, 40.550165000932203 ], [ -74.153402, 40.550286000932168 ], [ -74.153172, 40.550398000932184 ], [ -74.152956, 40.550502000932205 ], [ -74.151399, 40.551231000932184 ], [ -74.150411, 40.551688000932245 ], [ -74.150248, 40.551760000932227 ], [ -74.150082, 40.551830000932206 ], [ -74.149913, 40.551897000932193 ], [ -74.149742, 40.551959000932243 ], [ -74.149568, 40.552019000932205 ], [ -74.149392, 40.552074000932222 ], [ -74.149214, 40.552126000932219 ], [ -74.149033, 40.552175000932216 ], [ -74.14885, 40.552220000932202 ], [ -74.148665, 40.552261000932198 ], [ -74.148477, 40.552299000932237 ], [ -74.148287, 40.552333000932187 ], [ -74.148094, 40.552364000932236 ], [ -74.147899, 40.552391000932225 ], [ -74.147702, 40.552415000932236 ], [ -74.145709, 40.552643000932228 ], [ -74.145547, 40.552663000932242 ], [ -74.145386, 40.552686000932226 ], [ -74.145226, 40.552710000932201 ], [ -74.145068, 40.552735000932209 ], [ -74.144912, 40.552762000932205 ], [ -74.144757, 40.552791000932238 ], [ -74.144603, 40.552821000932212 ], [ -74.144451, 40.55285300093221 ], [ -74.144301, 40.552886000932233 ], [ -74.144152, 40.552921000932187 ], [ -74.144004, 40.552957000932231 ], [ -74.143858, 40.552995000932256 ], [ -74.143714, 40.55303500093224 ], [ -74.143571, 40.553076000932208 ], [ -74.143429, 40.553118000932209 ], [ -74.143281, 40.553166000932222 ], [ -74.143133, 40.553215000932241 ], [ -74.142986, 40.553266000932247 ], [ -74.142838, 40.553318000932229 ], [ -74.14269, 40.553372000932214 ], [ -74.142542, 40.553427000932238 ], [ -74.142394, 40.55348400093218 ], [ -74.142246, 40.553542000932225 ], [ -74.142098, 40.553602000932258 ], [ -74.14195, 40.553663000932225 ], [ -74.141802, 40.553726000932208 ], [ -74.141654, 40.553790000932217 ], [ -74.141506, 40.553855000932231 ], [ -74.141358, 40.553922000932232 ], [ -74.14121, 40.55399200093224 ], [ -74.139893, 40.554617000932261 ], [ -74.139724, 40.554697000932215 ], [ -74.139559, 40.554779000932214 ], [ -74.139396, 40.554862000932253 ], [ -74.139235, 40.554945000932207 ], [ -74.139078, 40.555028000932246 ], [ -74.138922, 40.55511200093224 ], [ -74.138769, 40.55519600093227 ], [ -74.138619, 40.555280000932221 ], [ -74.138471, 40.555365000932262 ], [ -74.138326, 40.555451000932237 ], [ -74.138184, 40.555537000932247 ], [ -74.138043, 40.555623000932201 ], [ -74.137906, 40.555710000932223 ], [ -74.137771, 40.555797000932237 ], [ -74.137638, 40.555885000932236 ], [ -74.136907, 40.556400000932236 ], [ -74.13629, 40.556858000932223 ], [ -74.136186, 40.556939000932253 ], [ -74.136084, 40.557019000932222 ], [ -74.135985, 40.557098000932243 ], [ -74.135887, 40.557175000932233 ], [ -74.135792, 40.557251000932276 ], [ -74.135699, 40.557325000932238 ], [ -74.135608, 40.557398000932224 ], [ -74.135519, 40.557470000932298 ], [ -74.135432, 40.557540000932271 ], [ -74.135348, 40.557608000932255 ], [ -74.135265, 40.557676000932247 ], [ -74.135185, 40.557742000932286 ], [ -74.135107, 40.557806000932224 ], [ -74.135031, 40.557869000932229 ], [ -74.134957, 40.55793100093225 ], [ -74.12632, 40.565110000932279 ], [ -74.125816, 40.565536000932312 ], [ -74.12575, 40.565594000932265 ], [ -74.125684, 40.565652000932289 ], [ -74.125619, 40.565711000932325 ], [ -74.125555, 40.565769000932271 ], [ -74.125491, 40.565827000932309 ], [ -74.125428, 40.565885000932269 ], [ -74.125365, 40.565944000932305 ], [ -74.125303, 40.566002000932244 ], [ -74.125241, 40.56606100093228 ], [ -74.12518, 40.566119000932297 ], [ -74.12512, 40.566178000932268 ], [ -74.12506, 40.566236000932292 ], [ -74.125, 40.566295000932264 ], [ -74.124941, 40.566353000932295 ], [ -74.124882, 40.566412000932324 ], [ -74.121358, 40.570115000932304 ], [ -74.12118, 40.570294000932314 ], [ -74.121003, 40.570470000932303 ], [ -74.120825, 40.570642000932331 ], [ -74.120646, 40.570810000932305 ], [ -74.120468, 40.570975000932286 ], [ -74.120289, 40.571137000932339 ], [ -74.12011, 40.571294000932333 ], [ -74.11993, 40.571449000932297 ], [ -74.119751, 40.571599000932331 ], [ -74.119571, 40.571747000932334 ], [ -74.11939, 40.571890000932321 ], [ -74.11921, 40.572030000932315 ], [ -74.119029, 40.572167000932303 ], [ -74.118848, 40.572300000932302 ], [ -74.118668, 40.572428000932334 ], [ -74.11721, 40.573480000932349 ], [ -74.112691, 40.576732000932324 ], [ -74.112651, 40.576760000932339 ], [ -74.112611, 40.576788000932375 ], [ -74.112572, 40.576815000932356 ], [ -74.112534, 40.576843000932357 ], [ -74.112496, 40.576870000932352 ], [ -74.112459, 40.576896000932337 ], [ -74.112423, 40.576923000932354 ], [ -74.112387, 40.576949000932359 ], [ -74.112352, 40.576975000932364 ], [ -74.112318, 40.577001000932349 ], [ -74.112285, 40.577026000932342 ], [ -74.112252, 40.577051000932308 ], [ -74.112219, 40.577076000932301 ], [ -74.112188, 40.577101000932323 ], [ -74.112157, 40.577125000932355 ], [ -74.110335, 40.57850500093236 ], [ -74.109704, 40.578965000932342 ], [ -74.103338, 40.583591000932394 ], [ -74.09609, 40.588849000932399 ], [ -74.091101, 40.592478000932395 ], [ -74.09082, 40.592688000932426 ], [ -74.090549, 40.592901000932386 ], [ -74.090285, 40.593119000932425 ], [ -74.090029, 40.593341000932448 ], [ -74.08978, 40.593568000932429 ], [ -74.089538, 40.593799000932428 ], [ -74.089303, 40.594035000932443 ], [ -74.089075, 40.594276000932425 ], [ -74.088855, 40.59452100093241 ], [ -74.088642, 40.594771000932418 ], [ -74.088436, 40.595025000932459 ], [ -74.088237, 40.595284000932431 ], [ -74.088045, 40.595547000932463 ], [ -74.087861, 40.595815000932447 ], [ -74.087682, 40.596087000932478 ], [ -74.087368, 40.596612000932438 ], [ -74.087312, 40.596716000932453 ], [ -74.087257, 40.596818000932423 ], [ -74.087204, 40.596919000932452 ], [ -74.087151, 40.597020000932424 ], [ -74.087101, 40.597121000932461 ], [ -74.087051, 40.59722100093245 ], [ -74.087003, 40.597320000932427 ], [ -74.086957, 40.597419000932454 ], [ -74.086912, 40.597518000932432 ], [ -74.086869, 40.597616000932462 ], [ -74.086827, 40.597713000932437 ], [ -74.086786, 40.597810000932419 ], [ -74.086747, 40.597907000932466 ], [ -74.086709, 40.598003000932451 ], [ -74.086673, 40.598098000932445 ], [ -74.085801, 40.600437000932466 ], [ -74.085736, 40.600583000932431 ], [ -74.085671, 40.600729000932475 ], [ -74.085602, 40.600874000932443 ], [ -74.08553, 40.601018000932484 ], [ -74.085456, 40.601161000932457 ], [ -74.085379, 40.601302000932456 ], [ -74.085298, 40.601443000932484 ], [ -74.085215, 40.601583000932486 ], [ -74.085129, 40.601721000932471 ], [ -74.08504, 40.601859000932457 ], [ -74.084948, 40.601995000932462 ], [ -74.084853, 40.602130000932462 ], [ -74.084755, 40.602265000932448 ], [ -74.084654, 40.602398000932475 ], [ -74.084551, 40.602529000932485 ], [ -74.084087, 40.603117000932478 ], [ -74.080023, 40.608230000932494 ], [ -74.079939, 40.608338000932505 ], [ -74.079855, 40.608447000932507 ], [ -74.079773, 40.608555000932526 ], [ -74.079693, 40.60866200093249 ], [ -74.079614, 40.608770000932509 ], [ -74.079537, 40.608877000932516 ], [ -74.079462, 40.608985000932549 ], [ -74.079388, 40.609091000932487 ], [ -74.079316, 40.609198000932473 ], [ -74.079246, 40.609305000932501 ], [ -74.079178, 40.609411000932532 ], [ -74.079111, 40.609517000932478 ], [ -74.079045, 40.609623000932515 ], [ -74.078982, 40.609729000932532 ], [ -74.078919, 40.609835000932506 ], [ -74.075264, 40.616007000932512 ], [ -74.07516, 40.616172000932551 ], [ -74.075051, 40.61633400093254 ], [ -74.074937, 40.616490000932544 ], [ -74.074818, 40.616642000932572 ], [ -74.074694, 40.61678800093253 ], [ -74.074566, 40.616929000932501 ], [ -74.074433, 40.61706600093256 ], [ -74.074296, 40.617197000932514 ], [ -74.074153, 40.617323000932558 ], [ -74.074006, 40.617445000932527 ], [ -74.073855, 40.617561000932568 ], [ -74.073698, 40.617672000932529 ], [ -74.073537, 40.617779000932543 ], [ -74.073371, 40.617880000932573 ], [ -74.0732, 40.617977000932569 ], [ -74.072724, 40.618224000932564 ], [ -74.072642, 40.618268000932567 ], [ -74.072561, 40.618312000932555 ], [ -74.072484, 40.61835800093256 ], [ -74.072408, 40.618404000932543 ], [ -74.072335, 40.61845200093255 ], [ -74.072263, 40.61850200093253 ], [ -74.072195, 40.618552000932596 ], [ -74.072128, 40.618604000932578 ], [ -74.072064, 40.618657000932529 ], [ -74.072002, 40.618712000932568 ], [ -74.071942, 40.618767000932536 ], [ -74.071884, 40.618824000932577 ], [ -74.071829, 40.618883000932534 ], [ -74.071776, 40.61894200093257 ], [ -74.071724, 40.619004000932577 ], [ -74.071675, 40.619065000932522 ], [ -74.071628, 40.619125000932542 ], [ -74.071583, 40.619185000932582 ], [ -74.071541, 40.619243000932535 ], [ -74.071501, 40.619301000932573 ], [ -74.071464, 40.61935800093255 ], [ -74.071429, 40.61941300093256 ], [ -74.071396, 40.619468000932535 ], [ -74.071365, 40.619523000932574 ], [ -74.071337, 40.619576000932554 ], [ -74.071311, 40.619628000932536 ], [ -74.071288, 40.619680000932576 ], [ -74.071266, 40.619730000932577 ], [ -74.071248, 40.619780000932565 ], [ -74.071232, 40.619828000932543 ], [ -74.071172, 40.620036000932544 ], [ -74.07114, 40.620246000932568 ], [ -74.071136, 40.620457000932547 ], [ -74.07116, 40.620670000932591 ], [ -74.071212, 40.620885000932553 ], [ -74.071292, 40.621101000932576 ], [ -74.071402, 40.62131900093253 ], [ -74.071805, 40.622046000932578 ], [ -74.071835, 40.622095000932568 ], [ -74.071866, 40.622144000932558 ], [ -74.071899, 40.622193000932548 ], [ -74.071933, 40.622244000932604 ], [ -74.071968, 40.622295000932596 ], [ -74.072005, 40.622346000932581 ], [ -74.072043, 40.622399000932539 ], [ -74.072083, 40.622452000932583 ], [ -74.072124, 40.622505000932563 ], [ -74.072166, 40.62255900093259 ], [ -74.07221, 40.622614000932565 ], [ -74.072255, 40.622669000932561 ], [ -74.072301, 40.622725000932583 ], [ -74.072349, 40.62278200093256 ], [ -74.072398, 40.622839000932558 ], [ -74.072856, 40.623372000932598 ], [ -74.072874, 40.623393000932587 ], [ -74.072893, 40.623415000932617 ], [ -74.072911, 40.62343600093255 ], [ -74.072929, 40.623458000932544 ], [ -74.072947, 40.623480000932545 ], [ -74.072965, 40.62350200093254 ], [ -74.072983, 40.623525000932538 ], [ -74.073001, 40.623547000932554 ], [ -74.073019, 40.623570000932574 ], [ -74.073037, 40.62359300093253 ], [ -74.073054, 40.623616000932572 ], [ -74.073072, 40.623640000932596 ], [ -74.07309, 40.623663000932609 ], [ -74.073107, 40.623687000932598 ], [ -74.073125, 40.623711000932609 ], [ -74.073516, 40.624241000932571 ], [ -74.074613, 40.625771000932559 ], [ -74.074656, 40.625840000932563 ], [ -74.074699, 40.625912000932566 ], [ -74.074739, 40.625986000932606 ], [ -74.074777, 40.626063000932575 ], [ -74.074813, 40.626142000932632 ], [ -74.074846, 40.626224000932545 ], [ -74.074878, 40.626308000932575 ], [ -74.074907, 40.62639500093259 ], [ -74.074935, 40.626484000932599 ], [ -74.07496, 40.62657500093259 ], [ -74.074983, 40.62666900093258 ], [ -74.075004, 40.626766000932577 ], [ -74.075022, 40.626865000932604 ], [ -74.075039, 40.626966000932562 ], [ -74.075052, 40.627070000932612 ], [ -74.075162, 40.627915000932582 ], [ -74.075282, 40.628990000932603 ], [ -74.075291, 40.629090000932621 ], [ -74.0753, 40.62918900093262 ], [ -74.075308, 40.629286000932609 ], [ -74.075315, 40.62938200093263 ], [ -74.075321, 40.62947600093262 ], [ -74.075326, 40.629569000932626 ], [ -74.07533, 40.629660000932603 ], [ -74.075333, 40.62975000093261 ], [ -74.075335, 40.629838000932615 ], [ -74.075336, 40.629924000932625 ], [ -74.075336, 40.630010000932565 ], [ -74.075335, 40.630093000932604 ], [ -74.075333, 40.63017500093261 ], [ -74.075329, 40.630256000932604 ], [ -74.075325, 40.630334000932606 ], [ -74.07532, 40.630432000932608 ], [ -74.075312, 40.630529000932626 ], [ -74.0753, 40.630626000932615 ], [ -74.075286, 40.630722000932614 ], [ -74.075269, 40.630819000932604 ], [ -74.075249, 40.630915000932625 ], [ -74.075226, 40.631010000932619 ], [ -74.0752, 40.631106000932625 ], [ -74.075171, 40.631201000932592 ], [ -74.075139, 40.631296000932643 ], [ -74.075105, 40.631390000932626 ], [ -74.075067, 40.631484000932623 ], [ -74.075027, 40.631578000932613 ], [ -74.074984, 40.631672000932603 ], [ -74.074938, 40.631765000932582 ], [ -74.074671, 40.632261000932587 ], [ -74.074606, 40.632380000932635 ], [ -74.074547, 40.632501000932614 ], [ -74.074494, 40.632623000932661 ], [ -74.074448, 40.632746000932627 ], [ -74.074408, 40.632870000932591 ], [ -74.074375, 40.632994000932626 ], [ -74.074348, 40.633120000932635 ], [ -74.074328, 40.633246000932601 ], [ -74.074314, 40.633373000932629 ], [ -74.074306, 40.633502000932644 ], [ -74.074305, 40.63363100093261 ], [ -74.07431, 40.633760000932647 ], [ -74.074322, 40.63389100093265 ], [ -74.07434, 40.634023000932615 ], [ -74.074363, 40.634155000932651 ], [ -74.074485, 40.634811000932643 ], [ -74.074492, 40.634843000932612 ], [ -74.074498, 40.634876000932678 ], [ -74.074504, 40.634909000932623 ], [ -74.074511, 40.634943000932672 ], [ -74.074517, 40.634978000932634 ], [ -74.074524, 40.635013000932659 ], [ -74.07453, 40.635050000932623 ], [ -74.074536, 40.635087000932636 ], [ -74.074542, 40.635124000932663 ], [ -74.074549, 40.635162000932603 ], [ -74.074555, 40.635201000932632 ], [ -74.074561, 40.635241000932659 ], [ -74.074567, 40.635281000932643 ], [ -74.074573, 40.635322000932611 ], [ -74.074579, 40.635364000932604 ], [ -74.074756, 40.636516000932616 ], [ -74.07476, 40.636543000932662 ], [ -74.074764, 40.636571000932648 ], [ -74.074768, 40.636598000932636 ], [ -74.074773, 40.636626000932623 ], [ -74.074777, 40.636655000932656 ], [ -74.074782, 40.636683000932656 ], [ -74.074787, 40.636712000932626 ], [ -74.074793, 40.636740000932626 ], [ -74.074798, 40.63677000093265 ], [ -74.074804, 40.636799000932648 ], [ -74.07481, 40.636828000932624 ], [ -74.074816, 40.636858000932676 ], [ -74.074822, 40.63688800093265 ], [ -74.074828, 40.636919000932629 ], [ -74.074835, 40.636949000932646 ], [ -74.074845, 40.636995000932657 ], [ -74.074856, 40.637042000932645 ], [ -74.074867, 40.637090000932666 ], [ -74.074879, 40.637140000932639 ], [ -74.074892, 40.637190000932605 ], [ -74.074905, 40.637241000932661 ], [ -74.07492, 40.637293000932658 ], [ -74.074935, 40.637347000932621 ], [ -74.07495, 40.637401000932655 ], [ -74.074966, 40.637457000932649 ], [ -74.074983, 40.637513000932657 ], [ -74.075001, 40.637570000932634 ], [ -74.075019, 40.637629000932655 ], [ -74.075038, 40.637688000932627 ], [ -74.075058, 40.637750000932641 ], [ -74.075291, 40.638470000932628 ], [ -74.075307, 40.638534000932644 ], [ -74.075321, 40.638597000932677 ], [ -74.075333, 40.638662000932655 ], [ -74.075342, 40.638726000932671 ], [ -74.075349, 40.638791000932621 ], [ -74.075355, 40.638856000932634 ], [ -74.075357, 40.638922000932638 ], [ -74.075358, 40.638988000932649 ], [ -74.075357, 40.639054000932646 ], [ -74.075353, 40.639121000932647 ], [ -74.075347, 40.639188000932663 ], [ -74.075339, 40.639255000932657 ], [ -74.075328, 40.639323000932642 ], [ -74.075316, 40.639391000932648 ], [ -74.075301, 40.639459000932632 ], [ -74.074647, 40.64214000093267 ], [ -74.074612, 40.642252000932643 ], [ -74.074572, 40.642363000932676 ], [ -74.074527, 40.642473000932661 ], [ -74.074478, 40.642582000932677 ], [ -74.074424, 40.642691000932679 ], [ -74.074366, 40.642800000932709 ], [ -74.074304, 40.642907000932652 ], [ -74.074237, 40.643014000932681 ], [ -74.074166, 40.64312100093268 ], [ -74.07409, 40.643227000932647 ], [ -74.07401, 40.643332000932666 ], [ -74.073925, 40.643437000932671 ], [ -74.073836, 40.64354100093265 ], [ -74.073742, 40.643645000932665 ], [ -74.073643, 40.643748000932703 ] ] ] } },
    { "type": "Feature", "properties": { "Division": "BMT", "Line": "Jamaica", "route_id": "Z", "color": "#8E5C33" }, "geometry": { "type": "MultiLineString", "coordinates": [ [ [ -73.987441096999987, 40.718316243933046 ], [ -73.987437, 40.718315000933039 ], [ -73.985982, 40.717861000933027 ], [ -73.985929, 40.717844000933049 ], [ -73.985878, 40.717827000933049 ], [ -73.985827, 40.717811000933033 ], [ -73.985778, 40.717794000933011 ], [ -73.985729, 40.717777000933047 ], [ -73.985681, 40.717761000933052 ], [ -73.985634, 40.717744000933017 ], [ -73.985588, 40.717728000933064 ], [ -73.985543, 40.717711000933058 ], [ -73.985499, 40.717695000933027 ], [ -73.985456, 40.717679000933011 ], [ -73.985414, 40.717663000933051 ], [ -73.985373, 40.717647000933063 ], [ -73.985332, 40.717631000933025 ], [ -73.985293, 40.717615000933073 ], [ -73.985153, 40.717559000933036 ], [ -73.985101, 40.717538000933047 ], [ -73.985049, 40.717517000933036 ], [ -73.984997, 40.717497000933029 ], [ -73.984945, 40.717478000933028 ], [ -73.984893, 40.717458000933064 ], [ -73.984842, 40.717439000933048 ], [ -73.984791, 40.717421000933037 ], [ -73.984739, 40.717403000933018 ], [ -73.984689, 40.717385000933035 ], [ -73.984638, 40.717368000933078 ], [ -73.984587, 40.71735200093304 ], [ -73.984537, 40.717335000933041 ], [ -73.984487, 40.717319000933024 ], [ -73.984437, 40.717304000933055 ], [ -73.984387, 40.717289000933036 ], [ -73.978898, 40.715626000933 ], [ -73.961186, 40.710251000932971 ], [ -73.96115, 40.710239000933015 ], [ -73.961115, 40.710226000932977 ], [ -73.96108, 40.710213000933024 ], [ -73.961046, 40.710199000933017 ], [ -73.961012, 40.710185000933052 ], [ -73.960979, 40.710170000932997 ], [ -73.960947, 40.710154000933009 ], [ -73.960915, 40.710138000932993 ], [ -73.960884, 40.71012100093305 ], [ -73.960853, 40.710103000933003 ], [ -73.960823, 40.710085000932999 ], [ -73.960793, 40.710066000932983 ], [ -73.960764, 40.710047000932974 ], [ -73.960736, 40.710027000932968 ], [ -73.960708, 40.710006000933014 ], [ -73.959507, 40.709033000932976 ], [ -73.95949, 40.709019000933019 ], [ -73.959472, 40.70900600093298 ], [ -73.959454, 40.708992000933023 ], [ -73.959435, 40.708979000932977 ], [ -73.959416, 40.708966000932982 ], [ -73.959396, 40.708954000933005 ], [ -73.959375, 40.708941000932967 ], [ -73.959353, 40.708929000933011 ], [ -73.959331, 40.708917000932978 ], [ -73.959308, 40.708905000933008 ], [ -73.959285, 40.708894000933007 ], [ -73.95926, 40.708882000933023 ], [ -73.959236, 40.708871000932994 ], [ -73.95921, 40.708861000932991 ], [ -73.959184, 40.708850000932962 ], [ -73.957757, 40.70835900093298 ], [ -73.953431, 40.706870000932966 ], [ -73.952081, 40.706406000933001 ], [ -73.952036, 40.706389000932987 ], [ -73.95199, 40.706372000932973 ], [ -73.951945, 40.706354000932976 ], [ -73.9519, 40.706336000933028 ], [ -73.951855, 40.706317000932984 ], [ -73.95181, 40.706298000932996 ], [ -73.951765, 40.70627800093299 ], [ -73.951721, 40.706258000932991 ], [ -73.951676, 40.706237000932973 ], [ -73.951632, 40.706216000932976 ], [ -73.951587, 40.70619400093296 ], [ -73.951543, 40.706172000932959 ], [ -73.951499, 40.706149000932975 ], [ -73.951455, 40.706126000932969 ], [ -73.951411, 40.706102000932965 ], [ -73.947408, 40.703869000932976 ], [ -73.943133, 40.701472000933009 ], [ -73.943092, 40.701448000932942 ], [ -73.943051, 40.701425000932936 ], [ -73.94301, 40.701401000932911 ], [ -73.942969, 40.701377000932958 ], [ -73.942929, 40.701352000932943 ], [ -73.942889, 40.701328000932982 ], [ -73.942849, 40.701303000932974 ], [ -73.942809, 40.701279000932949 ], [ -73.94277, 40.70125400093297 ], [ -73.94273, 40.701229000932955 ], [ -73.942691, 40.701203000932985 ], [ -73.942652, 40.70117800093292 ], [ -73.942614, 40.701153000932933 ], [ -73.942575, 40.701127000932942 ], [ -73.942537, 40.701101000932944 ], [ -73.942497, 40.701075000932967 ], [ -73.942458, 40.701049000932969 ], [ -73.942418, 40.701024000932946 ], [ -73.942379, 40.700998000932948 ], [ -73.942339, 40.700973000932954 ], [ -73.942299, 40.700948000932968 ], [ -73.942259, 40.700922000932962 ], [ -73.942219, 40.700898000932952 ], [ -73.942179, 40.700873000932965 ], [ -73.942139, 40.700848000932979 ], [ -73.942099, 40.700824000932968 ], [ -73.942058, 40.700799000932967 ], [ -73.942018, 40.700775000932985 ], [ -73.941977, 40.700751000932939 ], [ -73.941937, 40.700727000932929 ], [ -73.941126, 40.700260000932978 ], [ -73.935657, 40.697207000932941 ], [ -73.934679, 40.696654000932966 ], [ -73.928814, 40.693342000932901 ], [ -73.92227, 40.689630000932922 ], [ -73.916559, 40.686370000932904 ], [ -73.910456, 40.682893000932843 ], [ -73.904512, 40.679498000932874 ], [ -73.900282, 40.677004000932854 ], [ -73.900236, 40.676978000932884 ], [ -73.900189, 40.676954000932874 ], [ -73.900142, 40.676933000932856 ], [ -73.900095, 40.676914000932861 ], [ -73.900047, 40.676897000932833 ], [ -73.899999, 40.676883000932818 ], [ -73.899951, 40.67687100093287 ], [ -73.899903, 40.676861000932803 ], [ -73.899854, 40.676854000932828 ], [ -73.899806, 40.676849000932854 ], [ -73.899757, 40.676847000932867 ], [ -73.899708, 40.676847000932838 ], [ -73.899658, 40.676849000932854 ], [ -73.899609, 40.67685300093283 ], [ -73.899559, 40.67686000093282 ], [ -73.898654, 40.676992000932835 ], [ -73.891688, 40.678024000932837 ], [ -73.889977, 40.678281000932813 ], [ -73.889953, 40.678284000932884 ], [ -73.88993, 40.678288000932845 ], [ -73.889905, 40.678291000932852 ], [ -73.88988, 40.678296000932846 ], [ -73.889855, 40.678301000932819 ], [ -73.889829, 40.678306000932871 ], [ -73.889802, 40.67831200093287 ], [ -73.889776, 40.678318000932826 ], [ -73.889748, 40.678325000932823 ], [ -73.88972, 40.678332000932848 ], [ -73.889692, 40.678340000932835 ], [ -73.889663, 40.678348000932829 ], [ -73.889634, 40.678356000932872 ], [ -73.889604, 40.67836500093285 ], [ -73.889574, 40.678375000932881 ], [ -73.884639, 40.679947000932835 ], [ -73.880039, 40.681410000932821 ], [ -73.879971, 40.681431000932847 ], [ -73.879904, 40.681451000932867 ], [ -73.879836, 40.681471000932852 ], [ -73.879768, 40.681491000932851 ], [ -73.8797, 40.681511000932865 ], [ -73.879633, 40.681531000932878 ], [ -73.879565, 40.681551000932892 ], [ -73.879497, 40.681571000932891 ], [ -73.879429, 40.681590000932836 ], [ -73.879361, 40.681610000932835 ], [ -73.879294, 40.681629000932865 ], [ -73.879226, 40.68164800093286 ], [ -73.879158, 40.681667000932869 ], [ -73.87909, 40.681686000932885 ], [ -73.879022, 40.681705000932894 ], [ -73.873785, 40.6831940009329 ], [ -73.872721, 40.68349700093286 ], [ -73.872657, 40.683520000932866 ], [ -73.872598, 40.683546000932836 ], [ -73.872544, 40.683574000932907 ], [ -73.872496, 40.6836050009329 ], [ -73.872454, 40.683638000932838 ], [ -73.872417, 40.683674000932875 ], [ -73.872385, 40.6837120009329 ], [ -73.872359, 40.68375300093286 ], [ -73.872338, 40.683796000932851 ], [ -73.872322, 40.683841000932851 ], [ -73.872312, 40.683890000932898 ], [ -73.872307, 40.6839400009329 ], [ -73.872308, 40.683993000932873 ], [ -73.872314, 40.684049000932902 ], [ -73.872326, 40.684107000932862 ], [ -73.873084, 40.686495000932879 ], [ -73.873102, 40.686552000932906 ], [ -73.87312, 40.68660800093285 ], [ -73.873138, 40.68666300093291 ], [ -73.873155, 40.686716000932876 ], [ -73.873172, 40.686769000932856 ], [ -73.873189, 40.686821000932923 ], [ -73.873206, 40.686871000932889 ], [ -73.873222, 40.68692100093287 ], [ -73.873238, 40.686969000932883 ], [ -73.873254, 40.68701600093285 ], [ -73.87327, 40.687062000932841 ], [ -73.873285, 40.687107000932855 ], [ -73.8733, 40.687151000932872 ], [ -73.873315, 40.687194000932891 ], [ -73.87333, 40.687236000932877 ], [ -73.873866, 40.688784000932898 ], [ -73.873889, 40.688847000932903 ], [ -73.873906, 40.688907000932886 ], [ -73.873917, 40.688966000932894 ], [ -73.873922, 40.689022000932923 ], [ -73.873921, 40.689076000932886 ], [ -73.873914, 40.689128000932904 ], [ -73.873901, 40.68917800093287 ], [ -73.873882, 40.689226000932919 ], [ -73.873856, 40.689271000932926 ], [ -73.873825, 40.689315000932915 ], [ -73.873787, 40.689356000932861 ], [ -73.873744, 40.689395000932898 ], [ -73.873694, 40.689432000932904 ], [ -73.873639, 40.689467000932886 ], [ -73.873578, 40.689501000932921 ], [ -73.87255, 40.689941000932883 ], [ -73.872031, 40.690166000932869 ], [ -73.871982, 40.69018600093289 ], [ -73.871932, 40.690206000932903 ], [ -73.87188, 40.690225000932926 ], [ -73.871826, 40.690245000932912 ], [ -73.871772, 40.690264000932913 ], [ -73.871715, 40.690284000932927 ], [ -73.871657, 40.690303000932865 ], [ -73.871598, 40.69032100093289 ], [ -73.871537, 40.690340000932892 ], [ -73.871475, 40.690359000932922 ], [ -73.871412, 40.690377000932912 ], [ -73.871346, 40.690395000932938 ], [ -73.87128, 40.690413000932885 ], [ -73.871212, 40.690431000932897 ], [ -73.871142, 40.690449000932922 ], [ -73.86892, 40.691015000932893 ], [ -73.868871, 40.691026000932936 ], [ -73.868823, 40.691038000932899 ], [ -73.868774, 40.691048000932959 ], [ -73.868726, 40.691059000932903 ], [ -73.868677, 40.691070000932875 ], [ -73.868629, 40.691080000932921 ], [ -73.86858, 40.691090000932874 ], [ -73.868532, 40.691100000932927 ], [ -73.868483, 40.691110000932916 ], [ -73.868435, 40.691119000932943 ], [ -73.868386, 40.691128000932913 ], [ -73.868338, 40.691137000932869 ], [ -73.86829, 40.69114600093291 ], [ -73.868241, 40.691155000932902 ], [ -73.868193, 40.691163000932924 ], [ -73.867139, 40.691324000932923 ], [ -73.866477, 40.691427000932912 ], [ -73.866421, 40.69143500093292 ], [ -73.866365, 40.691444000932897 ], [ -73.86631, 40.691452000932884 ], [ -73.866255, 40.691461000932925 ], [ -73.866202, 40.691470000932888 ], [ -73.866148, 40.691478000932939 ], [ -73.866096, 40.691487000932909 ], [ -73.866044, 40.691495000932882 ], [ -73.865993, 40.691504000932937 ], [ -73.865943, 40.691513000932893 ], [ -73.865893, 40.691521000932937 ], [ -73.865844, 40.691530000932907 ], [ -73.865795, 40.691539000932885 ], [ -73.865747, 40.691547000932914 ], [ -73.8657, 40.691556000932898 ], [ -73.862819, 40.692042000932915 ], [ -73.862763, 40.692052000932911 ], [ -73.862706, 40.692061000932938 ], [ -73.86265, 40.692071000932891 ], [ -73.862594, 40.692080000932876 ], [ -73.862537, 40.692090000932915 ], [ -73.862481, 40.692099000932892 ], [ -73.862424, 40.692108000932926 ], [ -73.862368, 40.692116000932934 ], [ -73.862311, 40.692125000932904 ], [ -73.862254, 40.692134000932931 ], [ -73.862198, 40.692142000932911 ], [ -73.862141, 40.692150000932891 ], [ -73.862084, 40.692158000932935 ], [ -73.862027, 40.6921660009329 ], [ -73.86197, 40.692174000932937 ], [ -73.86001, 40.692435000932917 ], [ -73.859933, 40.692444000932937 ], [ -73.859857, 40.692453000932922 ], [ -73.85978, 40.692461000932916 ], [ -73.859704, 40.692470000932921 ], [ -73.859627, 40.692478000932894 ], [ -73.859551, 40.692485000932884 ], [ -73.859474, 40.69249300093292 ], [ -73.859398, 40.692499000932933 ], [ -73.859321, 40.692506000932916 ], [ -73.859245, 40.692512000932936 ], [ -73.859168, 40.692517000932931 ], [ -73.859092, 40.692523000932908 ], [ -73.859016, 40.692527000932905 ], [ -73.858939, 40.692532000932893 ], [ -73.858862, 40.692537000932937 ], [ -73.855607, 40.692721000932906 ], [ -73.855476, 40.69272800093291 ], [ -73.855345, 40.692738000932941 ], [ -73.855215, 40.692750000932904 ], [ -73.855087, 40.692764000932918 ], [ -73.854961, 40.692780000932899 ], [ -73.854836, 40.692799000932908 ], [ -73.854712, 40.692820000932905 ], [ -73.85459, 40.692843000932903 ], [ -73.85447, 40.692868000932904 ], [ -73.854351, 40.692896000932947 ], [ -73.854233, 40.692926000932914 ], [ -73.854117, 40.692958000932911 ], [ -73.854003, 40.692992000932932 ], [ -73.85389, 40.693029000932952 ], [ -73.853777, 40.693067000932921 ], [ -73.851576, 40.693879000932903 ], [ -73.851471, 40.693919000932915 ], [ -73.851367, 40.693956000932936 ], [ -73.851264, 40.693992000932901 ], [ -73.851162, 40.694026000932958 ], [ -73.851062, 40.694059000932917 ], [ -73.850963, 40.694090000932945 ], [ -73.850865, 40.694120000932955 ], [ -73.850768, 40.694149000932896 ], [ -73.850672, 40.694176000932906 ], [ -73.850578, 40.69420200093294 ], [ -73.850485, 40.694227000932933 ], [ -73.850393, 40.694250000932946 ], [ -73.850302, 40.694271000932936 ], [ -73.850213, 40.694291000932964 ], [ -73.850124, 40.694310000932902 ], [ -73.846226, 40.695067000932944 ], [ -73.84616, 40.695078000932952 ], [ -73.846094, 40.695089000932946 ], [ -73.846026, 40.695099000932913 ], [ -73.845957, 40.695109000932923 ], [ -73.845887, 40.695118000932929 ], [ -73.845815, 40.695126000932952 ], [ -73.845741, 40.695133000932927 ], [ -73.845666, 40.695140000932923 ], [ -73.84559, 40.695147000932934 ], [ -73.845512, 40.695152000932964 ], [ -73.845433, 40.695157000932923 ], [ -73.845353, 40.695161000932899 ], [ -73.84527, 40.695165000932896 ], [ -73.845187, 40.695168000932959 ], [ -73.845102, 40.695170000932947 ], [ -73.84433, 40.695178000932934 ], [ -73.842328, 40.695203000932921 ], [ -73.842222, 40.69520600093292 ], [ -73.842112, 40.695210000932896 ], [ -73.842, 40.695216000932945 ], [ -73.841885, 40.695222000932937 ], [ -73.841767, 40.695230000932931 ], [ -73.841647, 40.695238000932946 ], [ -73.841524, 40.695248000932935 ], [ -73.841398, 40.695258000932952 ], [ -73.841269, 40.695270000932915 ], [ -73.841138, 40.695283000932953 ], [ -73.841004, 40.695297000932946 ], [ -73.840868, 40.69531200093293 ], [ -73.840728, 40.695328000932946 ], [ -73.840587, 40.695345000932903 ], [ -73.840442, 40.695363000932922 ], [ -73.840275, 40.695388000932908 ], [ -73.84011, 40.69541800093296 ], [ -73.839948, 40.69545100093292 ], [ -73.839788, 40.695489000932945 ], [ -73.839631, 40.695530000932948 ], [ -73.839477, 40.695575000932926 ], [ -73.839325, 40.695625000932949 ], [ -73.839176, 40.695678000932908 ], [ -73.839029, 40.695736000932953 ], [ -73.838885, 40.69579700093292 ], [ -73.838743, 40.695862000932919 ], [ -73.838604, 40.695932000932899 ], [ -73.838468, 40.696005000932942 ], [ -73.838334, 40.696083000932923 ], [ -73.838203, 40.696163000932955 ], [ -73.836345, 40.69741800093292 ], [ -73.836294, 40.697450000932946 ], [ -73.836243, 40.697481000932918 ], [ -73.836191, 40.697513000932943 ], [ -73.836138, 40.697545000932962 ], [ -73.836084, 40.697577000932974 ], [ -73.836029, 40.697609000932935 ], [ -73.835974, 40.69764200093293 ], [ -73.835918, 40.697674000932956 ], [ -73.835861, 40.697707000932915 ], [ -73.835803, 40.697740000932981 ], [ -73.835745, 40.697773000932941 ], [ -73.835685, 40.697806000932964 ], [ -73.835625, 40.69783900093293 ], [ -73.835565, 40.697872000932968 ], [ -73.835503, 40.697906000932917 ], [ -73.832747, 40.699404000932965 ], [ -73.832681, 40.699436000932948 ], [ -73.832615, 40.699466000932944 ], [ -73.832549, 40.699496000932974 ], [ -73.832484, 40.699524000932939 ], [ -73.832419, 40.69955200093294 ], [ -73.832355, 40.699578000932931 ], [ -73.832291, 40.699604000932986 ], [ -73.832227, 40.699628000932961 ], [ -73.832164, 40.699651000932974 ], [ -73.832102, 40.699674000932994 ], [ -73.832039, 40.699695000932955 ], [ -73.831978, 40.699715000932926 ], [ -73.831916, 40.699735000932925 ], [ -73.831855, 40.699753000932958 ], [ -73.831794, 40.699771000932962 ], [ -73.830582, 40.700078000932983 ], [ -73.830526, 40.700091000932957 ], [ -73.830468, 40.700105000932965 ], [ -73.83041, 40.700118000932946 ], [ -73.83035, 40.700131000932956 ], [ -73.83029, 40.700145000932956 ], [ -73.830228, 40.700158000932952 ], [ -73.830166, 40.700171000932968 ], [ -73.830102, 40.700185000932933 ], [ -73.830037, 40.70019800093295 ], [ -73.829972, 40.700211000932924 ], [ -73.829905, 40.700225000932932 ], [ -73.829837, 40.700238000932963 ], [ -73.829768, 40.70025100093293 ], [ -73.829698, 40.700265000932966 ], [ -73.829627, 40.700278000932919 ], [ -73.828294, 40.700492000932961 ], [ -73.826227, 40.70083300093296 ], [ -73.826147, 40.700846000932998 ], [ -73.826067, 40.700859000932937 ], [ -73.825988, 40.700873000932965 ], [ -73.825909, 40.700887000933001 ], [ -73.825831, 40.700902000932935 ], [ -73.825754, 40.700918000932951 ], [ -73.825677, 40.700934000932961 ], [ -73.825601, 40.700950000932934 ], [ -73.825526, 40.700967000932955 ], [ -73.825451, 40.700985000932945 ], [ -73.825377, 40.701003000932971 ], [ -73.825303, 40.70102200093298 ], [ -73.82523, 40.701041000932932 ], [ -73.825158, 40.701061000932931 ], [ -73.825086, 40.701081000932923 ], [ -73.824106, 40.701345000932989 ], [ -73.823901, 40.701387000932961 ], [ -73.823699, 40.701418000932961 ], [ -73.823501, 40.701439000932972 ], [ -73.823305, 40.701449000932925 ], [ -73.823113, 40.701448000932956 ], [ -73.822924, 40.701435000932968 ], [ -73.822739, 40.701412000932947 ], [ -73.822556, 40.701377000932943 ], [ -73.822377, 40.701332000932936 ], [ -73.822201, 40.701276000932971 ], [ -73.822028, 40.701208000932944 ], [ -73.821858, 40.701130000932942 ], [ -73.821691, 40.701040000932949 ], [ -73.821528, 40.700940000932988 ], [ -73.821368, 40.700828000932951 ], [ -73.820667, 40.700273000932931 ], [ -73.820218, 40.699943000932983 ], [ -73.81976, 40.699646000932916 ], [ -73.819298, 40.699382000932985 ], [ -73.818832, 40.699151000932929 ], [ -73.818362, 40.698953000932946 ], [ -73.817888, 40.698788000932922 ], [ -73.817409, 40.698656000932928 ], [ -73.816926, 40.698558000932941 ], [ -73.816439, 40.698492000932937 ], [ -73.815947, 40.698460000932954 ], [ -73.815451, 40.698461000932959 ], [ -73.814951, 40.698494000932939 ], [ -73.814447, 40.698561000932919 ], [ -73.813939, 40.698661000932965 ], [ -73.813427, 40.698794000932963 ], [ -73.811134162999963, 40.699449660932927 ] ] ] } },
    { "type": "Feature", "properties": { "Division": "BMT", "Line": "Nassau Loop", "route_id": "Z", "color": "#8E5C33" }, "geometry": { "type": "MultiLineString", "coordinates": [ [ [ -74.011056, 40.706476000932987 ], [ -74.010692, 40.707069000932975 ], [ -74.010673, 40.707101000933022 ], [ -74.010653, 40.707133000932977 ], [ -74.010633, 40.70716500093296 ], [ -74.010612, 40.707197000932993 ], [ -74.010591, 40.707228000932972 ], [ -74.01057, 40.707259000933007 ], [ -74.010548, 40.707290000932971 ], [ -74.010526, 40.707320000932967 ], [ -74.010503, 40.707350000933012 ], [ -74.01048, 40.707380000933014 ], [ -74.010457, 40.707410000932988 ], [ -74.010433, 40.707439000933007 ], [ -74.010409, 40.707469000933003 ], [ -74.010385, 40.707497000932989 ], [ -74.01036, 40.707526000932965 ], [ -74.009571, 40.708399000932985 ], [ -74.009545, 40.708428000932969 ], [ -74.009519, 40.708457000932988 ], [ -74.009493, 40.708485000932988 ], [ -74.009468, 40.708512000932998 ], [ -74.009443, 40.708538000932968 ], [ -74.009419, 40.708564000933016 ], [ -74.009394, 40.708590000933015 ], [ -74.00937, 40.708614000932997 ], [ -74.009346, 40.708638000933007 ], [ -74.009323, 40.708661000932999 ], [ -74.009299, 40.70868400093299 ], [ -74.009276, 40.708706000932992 ], [ -74.009254, 40.708727000933017 ], [ -74.009231, 40.708748000933021 ], [ -74.009209, 40.708768000933027 ], [ -74.009043, 40.708913000932995 ], [ -74.009026, 40.708927000933038 ], [ -74.009008, 40.708942000932979 ], [ -74.008989, 40.708958000932988 ], [ -74.00897, 40.708975000933009 ], [ -74.00895, 40.708993000933006 ], [ -74.00893, 40.709011000932968 ], [ -74.008909, 40.709031000932995 ], [ -74.008887, 40.709051000932988 ], [ -74.008865, 40.709072000932984 ], [ -74.008842, 40.70909500093299 ], [ -74.008819, 40.709118000932989 ], [ -74.008795, 40.709141000932995 ], [ -74.008771, 40.709166000932996 ], [ -74.008746, 40.709192000932973 ], [ -74.00872, 40.709218000933006 ], [ -74.007938, 40.710023000932978 ], [ -74.007908, 40.710055000933011 ], [ -74.007878, 40.710085000933013 ], [ -74.00785, 40.71011500093298 ], [ -74.007822, 40.710143000933009 ], [ -74.007795, 40.710170000932997 ], [ -74.00777, 40.710196000933017 ], [ -74.007745, 40.710220000933006 ], [ -74.007721, 40.710244000933002 ], [ -74.007698, 40.71026600093299 ], [ -74.007677, 40.710287000933015 ], [ -74.007656, 40.710307000932993 ], [ -74.007636, 40.710325000933004 ], [ -74.007617, 40.710343000933044 ], [ -74.007599, 40.710359000932968 ], [ -74.007582, 40.710374000933015 ], [ -74.007542, 40.710413000933016 ], [ -74.007504, 40.710449000932996 ], [ -74.007466, 40.710485000933019 ], [ -74.00743, 40.710519000932983 ], [ -74.007395, 40.710551000933009 ], [ -74.007361, 40.710581000933026 ], [ -74.007328, 40.710610000932974 ], [ -74.007296, 40.710637000933019 ], [ -74.007266, 40.710663000933025 ], [ -74.007237, 40.710687000933028 ], [ -74.007209, 40.710710000933013 ], [ -74.007182, 40.710731000933023 ], [ -74.007156, 40.710750000933054 ], [ -74.007131, 40.710768000933008 ], [ -74.007108, 40.710784000933018 ], [ -74.00541, 40.712006000933002 ], [ -74.005368, 40.712029000932972 ], [ -74.005324, 40.712052000932985 ], [ -74.00528, 40.712073000932989 ], [ -74.005235, 40.712093000932988 ], [ -74.00519, 40.712112000933004 ], [ -74.005143, 40.712130000933023 ], [ -74.005095, 40.71214700093303 ], [ -74.005047, 40.712163000932996 ], [ -74.004997, 40.712177000933011 ], [ -74.004947, 40.712191000933018 ], [ -74.004896, 40.712203000933009 ], [ -74.004844, 40.712215000933035 ], [ -74.004791, 40.71222500093301 ], [ -74.004737, 40.712234000933059 ], [ -74.004682, 40.712242000933003 ], [ -74.00445, 40.712274000932993 ], [ -74.004388, 40.712285000933029 ], [ -74.00433, 40.712298000932989 ], [ -74.004273, 40.712313000933023 ], [ -74.00422, 40.712329000933032 ], [ -74.004168, 40.712347000933036 ], [ -74.00412, 40.712367000932979 ], [ -74.004074, 40.712389000932987 ], [ -74.004031, 40.712412000932993 ], [ -74.00399, 40.712437000933036 ], [ -74.003952, 40.712464000933025 ], [ -74.003916, 40.712492000933011 ], [ -74.003883, 40.712522000932985 ], [ -74.003853, 40.712554000933032 ], [ -74.003825, 40.712588000933003 ], [ -74.003802, 40.712622000933031 ], [ -74.003401, 40.713243000932984 ], [ -74.002832, 40.714141000933019 ], [ -74.002811, 40.714176000933037 ], [ -74.00279, 40.714211000932991 ], [ -74.002768, 40.714246000933031 ], [ -74.002746, 40.714281000933006 ], [ -74.002723, 40.714316000933024 ], [ -74.0027, 40.714351000933029 ], [ -74.002677, 40.714386000933004 ], [ -74.002653, 40.714421000933058 ], [ -74.002629, 40.714456000932991 ], [ -74.002604, 40.71449100093303 ], [ -74.002579, 40.714526000932992 ], [ -74.002554, 40.714561000933038 ], [ -74.002528, 40.714596000932993 ], [ -74.002502, 40.714631000933025 ], [ -74.002475, 40.714666000933057 ], [ -74.000686, 40.717100000933058 ], [ -74.000665, 40.717128000933045 ], [ -74.000643, 40.717157000933035 ], [ -74.000621, 40.717186000932998 ], [ -74.000599, 40.717215000933052 ], [ -74.000576, 40.71724500093304 ], [ -74.000552, 40.717276000933019 ], [ -74.000528, 40.717306000933043 ], [ -74.000504, 40.717338000933026 ], [ -74.000479, 40.717370000933059 ], [ -74.000454, 40.717402000933042 ], [ -74.000428, 40.717434000933018 ], [ -74.000402, 40.717468000933025 ], [ -74.000375, 40.717501000933012 ], [ -74.000348, 40.717535000933033 ], [ -74.00032, 40.717570000933065 ], [ -73.999892, 40.718092000933062 ], [ -73.999208, 40.718949000933058 ], [ -73.99919, 40.718971000933045 ], [ -73.999173, 40.718993000933082 ], [ -73.999155, 40.719014000933072 ], [ -73.999137, 40.719036000933066 ], [ -73.99912, 40.719058000933067 ], [ -73.999102, 40.71908000093309 ], [ -73.999084, 40.719101000933072 ], [ -73.999066, 40.719123000933017 ], [ -73.999048, 40.719144000933028 ], [ -73.99903, 40.719166000933022 ], [ -73.999012, 40.719187000933026 ], [ -73.998994, 40.719209000933027 ], [ -73.998976, 40.719230000933031 ], [ -73.998958, 40.719252000933018 ], [ -73.99894, 40.719273000933022 ], [ -73.997534, 40.720941000933024 ], [ -73.99749, 40.720993000933085 ], [ -73.997444, 40.721041000933077 ], [ -73.997396, 40.721083000933071 ], [ -73.997346, 40.721120000933062 ], [ -73.997294, 40.721153000933086 ], [ -73.99724, 40.721180000933046 ], [ -73.997183, 40.721202000933054 ], [ -73.997124, 40.721219000933075 ], [ -73.997064, 40.721231000933045 ], [ -73.997001, 40.721238000933027 ], [ -73.996936, 40.721239000933046 ], [ -73.996869, 40.721236000933047 ], [ -73.9968, 40.721228000933067 ], [ -73.996728, 40.721214000933024 ], [ -73.996655, 40.721196000933084 ], [ -73.993915, 40.720280000933037 ], [ -73.987441096999987, 40.718316243933046 ] ] ] } },
    { "type": "Feature", "properties": { "Division": "IND", "Line": "Archer Avenue", "route_id": "Z", "color": "#8E5C33" }, "geometry": { "type": "MultiLineString", "coordinates": [ [ [ -73.811134162999963, 40.699449660932927 ], [ -73.811105, 40.699458000932935 ], [ -73.809735, 40.699845000932932 ], [ -73.809673, 40.699863000932957 ], [ -73.809612, 40.699881000932962 ], [ -73.809551, 40.699899000932959 ], [ -73.80949, 40.699919000932994 ], [ -73.809429, 40.699939000932936 ], [ -73.809369, 40.699959000932942 ], [ -73.809309, 40.699980000932932 ], [ -73.809249, 40.700002000932919 ], [ -73.809189, 40.700024000932956 ], [ -73.80913, 40.70004700093294 ], [ -73.809071, 40.700071000932951 ], [ -73.809012, 40.700095000932926 ], [ -73.808953, 40.700120000932927 ], [ -73.808895, 40.70014500093297 ], [ -73.808838, 40.700171000932968 ], [ -73.808782, 40.700197000932953 ], [ -73.808726, 40.700222000932953 ], [ -73.80867, 40.700246000932935 ], [ -73.808613, 40.700269000932956 ], [ -73.808556, 40.700292000932969 ], [ -73.808499, 40.700315000932932 ], [ -73.808442, 40.70033600093295 ], [ -73.808384, 40.700357000932968 ], [ -73.808326, 40.70037800093295 ], [ -73.808267, 40.700397000932966 ], [ -73.808209, 40.700416000932968 ], [ -73.808149, 40.70043500093292 ], [ -73.80809, 40.700453000932953 ], [ -73.80803, 40.700470000932967 ], [ -73.807969, 40.700486000932969 ], [ -73.806654, 40.700823000932978 ], [ -73.804039, 40.701487000932957 ], [ -73.803989, 40.701499000932991 ], [ -73.803939, 40.701511000932953 ], [ -73.803891, 40.701523000932973 ], [ -73.803844, 40.701534000932952 ], [ -73.803798, 40.70154500093296 ], [ -73.803752, 40.701555000932942 ], [ -73.803708, 40.701565000932987 ], [ -73.803664, 40.701575000932955 ], [ -73.803622, 40.701584000932925 ], [ -73.803581, 40.701593000932952 ], [ -73.80354, 40.70160200093293 ], [ -73.803501, 40.701610000932973 ], [ -73.803462, 40.70161800093296 ], [ -73.803425, 40.701626000932961 ], [ -73.803388, 40.701633000932958 ], [ -73.801109, 40.702147000932925 ] ] ] } },
    { "type": "Feature", "properties": { "Division": "IND", "Line": "6th Avenue", "route_id": "M", "color": "#FF6319" }, "geometry": { "type": "MultiLineString", "coordinates": [ [ [ -73.989223251052579, 40.718856820869348 ], [ -73.990892, 40.719363000000129 ], [ -73.991062, 40.719426 ], [ -73.99122, 40.719498 ], [ -73.991365, 40.719577 ], [ -73.991495, 40.719664000000165 ], [ -73.991612, 40.719759 ], [ -73.991715, 40.719862 ], [ -73.991804, 40.719973000000131 ], [ -73.991879, 40.720091000000124 ], [ -73.99194, 40.720217 ], [ -73.991987, 40.720351000000136 ], [ -73.992021, 40.720493 ], [ -73.992039999999861, 40.720643000000159 ], [ -73.992046, 40.7208 ], [ -73.992038, 40.720965000000128 ], [ -73.992015, 40.721138 ], [ -73.991861, 40.72208 ], [ -73.991709, 40.722918 ], [ -73.991693, 40.723036 ], [ -73.991687, 40.723147 ], [ -73.991691, 40.723253000000106 ], [ -73.991706, 40.723355 ], [ -73.991731, 40.723453000000106 ], [ -73.991767, 40.723546 ], [ -73.991812, 40.723635 ], [ -73.991868, 40.72372 ], [ -73.991935, 40.7238 ], [ -73.992011, 40.723875 ], [ -73.992098, 40.723946 ], [ -73.992196, 40.724013000000113 ], [ -73.992304, 40.724075 ], [ -73.992422, 40.724133 ], [ -73.99255, 40.724185000000119 ], [ -73.996204, 40.725297000000111 ], [ -73.996641, 40.725437000000156 ], [ -73.99675, 40.725475 ], [ -73.996858, 40.725513 ], [ -73.996964, 40.725552 ], [ -73.997069, 40.725591 ], [ -73.997172, 40.725631 ], [ -73.997273, 40.72567 ], [ -73.997372999999868, 40.725711 ], [ -73.997471, 40.725751 ], [ -73.997568, 40.725792 ], [ -73.997663, 40.725834000000113 ], [ -73.997756, 40.725876 ], [ -73.997848, 40.725918 ], [ -73.997938, 40.725961 ], [ -73.998027, 40.726004 ], [ -73.998114, 40.726047 ], [ -74.001901, 40.727913 ], [ -74.002019, 40.727970000000134 ], [ -74.002126, 40.728032 ], [ -74.00222, 40.728099000000142 ], [ -74.002301, 40.728170000000127 ], [ -74.002370999999869, 40.728247 ], [ -74.002428, 40.728328 ], [ -74.002473, 40.728414 ], [ -74.002506, 40.728505000000141 ], [ -74.002526, 40.728601000000118 ], [ -74.002535, 40.728702 ], [ -74.002531, 40.728808000000171 ], [ -74.002515, 40.728918 ], [ -74.002486, 40.729034 ], [ -74.002446, 40.729154 ], [ -74.002395, 40.729279 ], [ -74.001552, 40.73082 ], [ -74.001539, 40.73084500000013 ], [ -74.001525, 40.730871 ], [ -74.001511, 40.730897000000176 ], [ -74.001497, 40.730922000000113 ], [ -74.001482, 40.730948000000154 ], [ -74.001467, 40.730975 ], [ -74.001450999999861, 40.731001 ], [ -74.001435, 40.731027 ], [ -74.001419, 40.731054 ], [ -74.001402, 40.73108 ], [ -74.001385, 40.731107000000151 ], [ -74.001367, 40.731134 ], [ -74.001349, 40.731161 ], [ -74.00133099999988, 40.731189 ], [ -74.001312, 40.73121600000011 ], [ -74.000515, 40.732312 ], [ -74.000495, 40.732338 ], [ -74.000477, 40.732362 ], [ -73.999777, 40.733324 ], [ -73.996209, 40.738228000000134 ], [ -73.992821, 40.742878000000111 ], [ -73.987823, 40.749719000000184 ], [ -73.984569, 40.754222 ], [ -73.981329, 40.758663 ], [ -73.979701, 40.760893000000145 ], [ -73.979681290663905, 40.760915952644702 ] ] ] } },
    { "type": "Feature", "properties": { "Division": "BMT", "Line": "Myrtle Avenue", "route_id": "M", "color": "#FF6319" }, "geometry": { "type": "MultiLineString", "coordinates": [ [ [ -73.889601, 40.711396000000128 ], [ -73.889631999999892, 40.71133 ], [ -73.889662, 40.711264 ], [ -73.88969, 40.711201000000173 ], [ -73.889717, 40.711139 ], [ -73.889743, 40.711079 ], [ -73.889767, 40.711022 ], [ -73.889789, 40.710966 ], [ -73.88981, 40.710912 ], [ -73.88983, 40.710861000000122 ], [ -73.889848, 40.710811 ], [ -73.889864, 40.710763000000135 ], [ -73.889879, 40.710717 ], [ -73.889892, 40.710673 ], [ -73.889904, 40.710631 ], [ -73.88991499999986, 40.710591000000107 ], [ -73.889918, 40.710579 ], [ -73.88992, 40.710567000000125 ], [ -73.889923, 40.710555 ], [ -73.889926, 40.710544000000176 ], [ -73.889928, 40.710532 ], [ -73.88993, 40.71052000000013 ], [ -73.889933, 40.710508 ], [ -73.889935, 40.710496 ], [ -73.889937, 40.710484000000164 ], [ -73.88994, 40.710472 ], [ -73.889942, 40.710460000000104 ], [ -73.889944, 40.710449000000132 ], [ -73.889946, 40.710437000000169 ], [ -73.889948, 40.710425 ], [ -73.88995, 40.710413000000166 ], [ -73.889952, 40.710401 ], [ -73.889954, 40.71038900000012 ], [ -73.889956, 40.710376 ], [ -73.889958999999862, 40.710364000000169 ], [ -73.889961, 40.710352 ], [ -73.889964, 40.71034 ], [ -73.889966999999899, 40.710328 ], [ -73.889969, 40.71031600000012 ], [ -73.889972, 40.710304 ], [ -73.889975, 40.710292 ], [ -73.889978, 40.710280000000175 ], [ -73.889982, 40.710268 ], [ -73.889985, 40.710257 ], [ -73.889988, 40.710245 ], [ -73.889992, 40.710233000000187 ], [ -73.890083, 40.709900000000147 ], [ -73.890093, 40.709866 ], [ -73.890103, 40.709831000000165 ], [ -73.890115, 40.709797 ], [ -73.890127, 40.709763 ], [ -73.890141, 40.709729 ], [ -73.890156, 40.709695 ], [ -73.890172, 40.709661 ], [ -73.89019, 40.709627000000111 ], [ -73.890208, 40.709594 ], [ -73.890228, 40.709560000000103 ], [ -73.890249, 40.709527 ], [ -73.890271, 40.709493 ], [ -73.890295, 40.70946 ], [ -73.890319, 40.709427 ], [ -73.890345, 40.709394 ], [ -73.892109, 40.707479 ], [ -73.892172, 40.707419 ], [ -73.892237, 40.707361 ], [ -73.892304, 40.707306000000116 ], [ -73.892373, 40.707254 ], [ -73.892444, 40.707203000000149 ], [ -73.892517, 40.707155 ], [ -73.892592, 40.70711 ], [ -73.89267, 40.707067 ], [ -73.892749999999864, 40.707026 ], [ -73.892831, 40.706988000000131 ], [ -73.892915, 40.70695200000015 ], [ -73.893001, 40.706919 ], [ -73.893089, 40.706888 ], [ -73.89318, 40.706859000000101 ], [ -73.893272, 40.706833 ], [ -73.895877, 40.706186000000159 ], [ -73.903077, 40.704423000000112 ], [ -73.906656, 40.703548 ], [ -73.906702, 40.703536000000135 ], [ -73.90674799999988, 40.703523000000111 ], [ -73.906792, 40.70351 ], [ -73.90683399999989, 40.703495 ], [ -73.906875999999897, 40.703478000000118 ], [ -73.906916, 40.703461 ], [ -73.906956, 40.703443 ], [ -73.906994, 40.703423 ], [ -73.907031, 40.703402 ], [ -73.907067, 40.703381 ], [ -73.907101, 40.703358000000151 ], [ -73.907135, 40.703334 ], [ -73.907167, 40.703309000000154 ], [ -73.907198, 40.703282 ], [ -73.907228, 40.703255000000112 ], [ -73.90774, 40.702762 ], [ -73.910743, 40.699825 ], [ -73.91078, 40.699792000000159 ], [ -73.910819, 40.699761 ], [ -73.910858, 40.699732000000118 ], [ -73.910898, 40.699705 ], [ -73.91094, 40.69968 ], [ -73.910983, 40.699656 ], [ -73.911027, 40.699634 ], [ -73.911072, 40.699614000000139 ], [ -73.911117999999874, 40.699596 ], [ -73.911165, 40.69958 ], [ -73.911213, 40.699565000000163 ], [ -73.911262, 40.699553 ], [ -73.911313, 40.699542 ], [ -73.911364, 40.699533 ], [ -73.911417, 40.699526000000155 ], [ -73.912385, 40.69943 ], [ -73.919711, 40.698664 ], [ -73.927397, 40.697857 ], [ -73.933022, 40.697229000000149 ], [ -73.93306, 40.697223 ], [ -73.933096, 40.697217 ], [ -73.933131, 40.697209 ], [ -73.933166, 40.697201000000149 ], [ -73.933199, 40.697191 ], [ -73.933230999999864, 40.697181 ], [ -73.933262, 40.697169000000208 ], [ -73.933292, 40.697157 ], [ -73.933321, 40.697143000000132 ], [ -73.933348, 40.697129 ], [ -73.933375, 40.697113000000144 ], [ -73.933401, 40.697097 ], [ -73.933425, 40.69708 ], [ -73.933449, 40.697061000000112 ], [ -73.933471, 40.697042000000167 ], [ -73.933808, 40.696684 ], [ -73.933853, 40.696649000000143 ], [ -73.9339, 40.696619000000148 ], [ -73.933949, 40.696593 ], [ -73.933999, 40.696572000000153 ], [ -73.934052, 40.696556000000108 ], [ -73.934106, 40.696544000000188 ], [ -73.934162, 40.696538 ], [ -73.93422, 40.696536 ], [ -73.93428, 40.696538 ], [ -73.934342, 40.696546000000161 ], [ -73.934405, 40.696558 ], [ -73.934471, 40.696575 ], [ -73.934538, 40.696597 ], [ -73.934607, 40.696623000000137 ], [ -73.934679, 40.696654000000173 ], [ -73.93469672251878, 40.696664021015394 ] ] ] } },
    { "type": "Feature", "properties": { "Division": "BMT", "Line": "Jamaica", "route_id": "M", "color": "#FF6319" }, "geometry": { "type": "MultiLineString", "coordinates": [ [ [ -73.93469672251878, 40.696664021015394 ], [ -73.935657, 40.697207000000155 ], [ -73.941126, 40.700260000000107 ], [ -73.941937, 40.700727 ], [ -73.941977, 40.700751 ], [ -73.942018, 40.700775000000121 ], [ -73.942058, 40.70079900000011 ], [ -73.942099, 40.700824 ], [ -73.942139, 40.700848000000114 ], [ -73.942179, 40.700873 ], [ -73.942219, 40.700898000000144 ], [ -73.942259, 40.700922 ], [ -73.942299, 40.700948 ], [ -73.942339, 40.700973000000147 ], [ -73.942379, 40.700998 ], [ -73.942418, 40.701024000000103 ], [ -73.942458, 40.701049 ], [ -73.942497, 40.701075 ], [ -73.942537, 40.701101 ], [ -73.942575, 40.701127 ], [ -73.942614, 40.70115300000014 ], [ -73.942651999999896, 40.701178 ], [ -73.942691, 40.701203000000163 ], [ -73.94272999999987, 40.701229 ], [ -73.94277, 40.701254 ], [ -73.942809, 40.701279 ], [ -73.942849, 40.701303 ], [ -73.942889, 40.701328 ], [ -73.942929, 40.701352 ], [ -73.942969, 40.701377 ], [ -73.94301, 40.701401 ], [ -73.943051, 40.701425 ], [ -73.943092, 40.701448000000163 ], [ -73.943133, 40.701472 ], [ -73.947408, 40.703869000000147 ], [ -73.951411, 40.706102000000136 ], [ -73.951455, 40.706126 ], [ -73.951499, 40.706149000000138 ], [ -73.951543, 40.706172 ], [ -73.951587, 40.706194000000124 ], [ -73.951632, 40.706216 ], [ -73.951676, 40.706237000000129 ], [ -73.951721, 40.706258 ], [ -73.951765, 40.706278000000168 ], [ -73.95181, 40.706298 ], [ -73.951855, 40.706317000000176 ], [ -73.9519, 40.706336000000171 ], [ -73.951945, 40.706354 ], [ -73.95199, 40.706372 ], [ -73.952036, 40.706389 ], [ -73.952081, 40.706406 ], [ -73.953431, 40.70687 ], [ -73.957757, 40.708359 ], [ -73.95918399999988, 40.70885000000014 ], [ -73.95921, 40.708861000000148 ], [ -73.959236, 40.708871 ], [ -73.959259999999858, 40.708882000000109 ], [ -73.959285, 40.708894 ], [ -73.959308, 40.708905 ], [ -73.959331, 40.708917 ], [ -73.959353, 40.708929000000118 ], [ -73.959375, 40.708941 ], [ -73.959396, 40.708954 ], [ -73.959416, 40.708966 ], [ -73.959435, 40.708979000000149 ], [ -73.959454, 40.708992000000187 ], [ -73.959472, 40.709006 ], [ -73.95949, 40.709019 ], [ -73.959507, 40.709033 ], [ -73.960708, 40.710006 ], [ -73.960736, 40.710027 ], [ -73.96076399999987, 40.710047 ], [ -73.960793, 40.710066 ], [ -73.960823, 40.710085 ], [ -73.960853, 40.710103 ], [ -73.960883999999851, 40.710121000000164 ], [ -73.960915, 40.710138000000114 ], [ -73.960947, 40.710154 ], [ -73.960978999999895, 40.71017 ], [ -73.961011999999869, 40.710185000000124 ], [ -73.961046, 40.710199 ], [ -73.96108, 40.710213000000103 ], [ -73.961115, 40.710226000000127 ], [ -73.96115, 40.710239000000158 ], [ -73.961186, 40.710251 ], [ -73.978898, 40.715626 ], [ -73.984387, 40.717289 ], [ -73.984437, 40.717304000000112 ], [ -73.984487, 40.717319000000138 ], [ -73.984537, 40.717335 ], [ -73.984587, 40.71735200000014 ], [ -73.984638, 40.717368 ], [ -73.984689, 40.717385 ], [ -73.984739, 40.717403000000118 ], [ -73.984790999999859, 40.717421 ], [ -73.984842, 40.717439000000105 ], [ -73.984893, 40.717458 ], [ -73.984945, 40.717478000000121 ], [ -73.984997, 40.717497 ], [ -73.98504899999989, 40.717517000000136 ], [ -73.985101, 40.717538 ], [ -73.985153, 40.717559000000101 ], [ -73.985293, 40.717615 ], [ -73.985331999999858, 40.717631 ], [ -73.985373, 40.717647 ], [ -73.985414, 40.717663000000172 ], [ -73.985456, 40.717679 ], [ -73.985499, 40.717695000000155 ], [ -73.985543, 40.717711 ], [ -73.985588, 40.717728000000179 ], [ -73.985633999999891, 40.717744 ], [ -73.985681, 40.717761 ], [ -73.985729, 40.717777000000162 ], [ -73.985778, 40.717794000000133 ], [ -73.985827, 40.717811000000125 ], [ -73.985878, 40.717827 ], [ -73.985929, 40.717844 ], [ -73.985982, 40.717861 ], [ -73.987437, 40.718315 ], [ -73.989223251052579, 40.718856820869348 ] ] ] } },
    { "type": "Feature", "properties": { "Division": "IRT", "Line": "Flushing", "route_id": "7", "color": "#9A38A1" }, "geometry": { "type": "MultiLineString", "coordinates": [ [ [ -74.00191, 40.755882000000135 ], [ -74.001729, 40.75613 ], [ -74.000106, 40.758348 ], [ -73.999932, 40.758581000000142 ], [ -73.999748, 40.758787000000133 ], [ -73.999554, 40.758968 ], [ -73.99935, 40.759123 ], [ -73.999136, 40.759254 ], [ -73.998912, 40.75935800000012 ], [ -73.998677, 40.759438 ], [ -73.998432, 40.759492 ], [ -73.998178, 40.759521 ], [ -73.997912999999869, 40.759524 ], [ -73.997637, 40.759502000000161 ], [ -73.997352, 40.759454 ], [ -73.997057, 40.75938200000018 ], [ -73.996751, 40.759284 ], [ -73.996433, 40.759159 ], [ -73.987691, 40.755477 ], [ -73.984755, 40.75424200000014 ], [ -73.984703, 40.754224 ], [ -73.984649, 40.754207000000122 ], [ -73.984593, 40.754193 ], [ -73.984537, 40.754181 ], [ -73.984479, 40.754173000000151 ], [ -73.984421, 40.754167000000152 ], [ -73.984361, 40.754164000000117 ], [ -73.984301, 40.754163 ], [ -73.984239, 40.754165000000157 ], [ -73.984176, 40.75417 ], [ -73.984112, 40.754178000000174 ], [ -73.984047, 40.754188000000113 ], [ -73.983981, 40.754201000000123 ], [ -73.983914, 40.754217 ], [ -73.983846, 40.754234 ], [ -73.983748, 40.754256 ], [ -73.983705, 40.754263000000151 ], [ -73.983661, 40.754269 ], [ -73.983616, 40.754273 ], [ -73.98357, 40.754276 ], [ -73.983523, 40.754277 ], [ -73.983475, 40.754276 ], [ -73.983425999999895, 40.754274000000109 ], [ -73.983376, 40.754270000000169 ], [ -73.983325, 40.754264 ], [ -73.983273, 40.754257000000138 ], [ -73.98322, 40.754249 ], [ -73.983166, 40.754238 ], [ -73.983111, 40.754227000000157 ], [ -73.983055, 40.754213 ], [ -73.982998, 40.754198 ], [ -73.982936, 40.754179 ], [ -73.982872, 40.754159 ], [ -73.982808, 40.754138 ], [ -73.982743, 40.754116 ], [ -73.982677, 40.754093 ], [ -73.982609, 40.754070000000119 ], [ -73.982540999999856, 40.754045000000168 ], [ -73.982472, 40.75402 ], [ -73.982402, 40.753994 ], [ -73.982332, 40.753968 ], [ -73.98226, 40.75394 ], [ -73.982187, 40.753911000000109 ], [ -73.982113, 40.753882 ], [ -73.982039, 40.753852 ], [ -73.981963, 40.753821000000109 ], [ -73.981151, 40.753483 ], [ -73.981081, 40.753455 ], [ -73.981006, 40.753430000000122 ], [ -73.980970999999897, 40.753419000000108 ], [ -73.980932, 40.75341 ], [ -73.980891, 40.753401 ], [ -73.980848, 40.753390000000174 ], [ -73.980767, 40.753364 ], [ -73.980686, 40.753333 ], [ -73.978719, 40.752511000000133 ], [ -73.97865, 40.752484 ], [ -73.978584, 40.752463 ], [ -73.978522, 40.752448 ], [ -73.97846, 40.75243400000015 ], [ -73.978395, 40.75241500000012 ], [ -73.978335, 40.752391000000145 ], [ -73.976041, 40.751431 ], [ -73.957031, 40.743430000000153 ], [ -73.956955, 40.743399 ], [ -73.956879, 40.743369 ], [ -73.956802, 40.743340000000117 ], [ -73.956724, 40.743312000000152 ], [ -73.956645, 40.743284 ], [ -73.956566, 40.743258000000132 ], [ -73.956485, 40.743232 ], [ -73.956404, 40.743208 ], [ -73.956323, 40.743184 ], [ -73.95624, 40.743161 ], [ -73.956156, 40.743139 ], [ -73.956072, 40.743118 ], [ -73.955987, 40.743098000000174 ], [ -73.955902, 40.743079 ], [ -73.955815, 40.743061000000161 ], [ -73.953581, 40.742626 ], [ -73.950324, 40.741988 ], [ -73.95029, 40.741984 ], [ -73.950256, 40.74198 ], [ -73.950222, 40.741977000000183 ], [ -73.950189, 40.74197400000012 ], [ -73.950156, 40.741972000000139 ], [ -73.950123, 40.741971 ], [ -73.950091, 40.741971 ], [ -73.950059, 40.741971 ], [ -73.950028, 40.741973000000172 ], [ -73.949997, 40.741975000000188 ], [ -73.949966, 40.741977000000183 ], [ -73.949936, 40.741981000000166 ], [ -73.949906, 40.741985000000113 ], [ -73.949877, 40.74199 ], [ -73.949848999999858, 40.741997 ], [ -73.948916, 40.742216 ], [ -73.947842, 40.742470000000111 ], [ -73.947293, 40.742634000000159 ], [ -73.947006, 40.742728000000149 ], [ -73.946706, 40.74283900000011 ], [ -73.946315, 40.742996 ], [ -73.945192, 40.743453 ], [ -73.945093, 40.743501000000137 ], [ -73.945004, 40.743551000000174 ], [ -73.944924, 40.743603 ], [ -73.944855, 40.743659 ], [ -73.944796, 40.743716000000155 ], [ -73.944748, 40.743777 ], [ -73.944709, 40.743840000000134 ], [ -73.944681, 40.743905 ], [ -73.944663, 40.743973000000111 ], [ -73.944654, 40.744043 ], [ -73.944654, 40.744116 ], [ -73.944663, 40.744192 ], [ -73.944685, 40.744270000000178 ], [ -73.944722, 40.744349000000149 ], [ -73.944771, 40.744434 ], [ -73.945549, 40.745566 ], [ -73.945565, 40.745597 ], [ -73.94558, 40.745628000000103 ], [ -73.945593, 40.74566 ], [ -73.945604, 40.745692 ], [ -73.945613, 40.745724 ], [ -73.945619, 40.745757000000125 ], [ -73.945624, 40.745791 ], [ -73.945626, 40.745825 ], [ -73.945626, 40.7458600000001 ], [ -73.945624, 40.745895000000168 ], [ -73.945619, 40.74593 ], [ -73.945613, 40.745966000000159 ], [ -73.945604, 40.746003 ], [ -73.945593, 40.746040000000107 ], [ -73.945579, 40.746077 ], [ -73.945264, 40.747023 ], [ -73.944909, 40.74811 ], [ -73.944896, 40.748151000000107 ], [ -73.94488, 40.748191 ], [ -73.944863, 40.748231 ], [ -73.944846, 40.748269000000121 ], [ -73.944827, 40.748307 ], [ -73.944807999999853, 40.748345 ], [ -73.944788, 40.748382 ], [ -73.944768, 40.748418 ], [ -73.944746, 40.74845400000013 ], [ -73.944724, 40.748489 ], [ -73.944701, 40.748524 ], [ -73.944677, 40.748558 ], [ -73.944652, 40.748591000000125 ], [ -73.944626, 40.748624 ], [ -73.944599, 40.748656 ], [ -73.942624, 40.750926 ], [ -73.942565, 40.750983000000168 ], [ -73.942502, 40.751035 ], [ -73.942435, 40.75108 ], [ -73.942366, 40.751118000000119 ], [ -73.942293, 40.75115 ], [ -73.942217, 40.751175 ], [ -73.942138, 40.751193 ], [ -73.942055, 40.751204000000136 ], [ -73.94197, 40.751208000000126 ], [ -73.941881, 40.751206000000131 ], [ -73.94179, 40.751197 ], [ -73.941695, 40.751181 ], [ -73.941597, 40.751159000000136 ], [ -73.941495, 40.75113 ], [ -73.941392, 40.751095000000177 ], [ -73.941087, 40.75096300000012 ], [ -73.940202, 40.750582 ], [ -73.939174, 40.750134 ], [ -73.93903, 40.75005800000018 ], [ -73.938889, 40.749982 ], [ -73.938753, 40.749906 ], [ -73.938621, 40.749830000000117 ], [ -73.938493, 40.749754 ], [ -73.93837, 40.749678000000166 ], [ -73.938251, 40.749602 ], [ -73.938136, 40.749526 ], [ -73.938026, 40.749450000000117 ], [ -73.93792, 40.749373000000141 ], [ -73.937817999999879, 40.749297000000112 ], [ -73.93772, 40.74922000000015 ], [ -73.937627, 40.749143000000153 ], [ -73.937538, 40.749067 ], [ -73.937455, 40.748991 ], [ -73.933556, 40.74522000000011 ], [ -73.933497, 40.745171000000113 ], [ -73.933435, 40.745125 ], [ -73.933371, 40.745081000000127 ], [ -73.933304, 40.74504 ], [ -73.933235, 40.745001 ], [ -73.933164, 40.744965000000128 ], [ -73.933091, 40.744931000000157 ], [ -73.933015, 40.7449 ], [ -73.932936, 40.744871 ], [ -73.932856, 40.744845000000147 ], [ -73.932773, 40.744822 ], [ -73.932687, 40.744801 ], [ -73.9326, 40.744782 ], [ -73.932509, 40.74476600000019 ], [ -73.932417, 40.744753000000138 ], [ -73.930997, 40.744587000000109 ], [ -73.924016, 40.743781 ], [ -73.918435, 40.743132000000152 ], [ -73.917065, 40.742977000000153 ], [ -73.916997, 40.742972 ], [ -73.916929, 40.742969000000173 ], [ -73.916862, 40.742967000000156 ], [ -73.916796, 40.742967000000171 ], [ -73.91673, 40.742968 ], [ -73.916665, 40.742970000000106 ], [ -73.9166, 40.742974 ], [ -73.916536, 40.74298 ], [ -73.916472, 40.742987 ], [ -73.916408999999874, 40.742996 ], [ -73.916347, 40.743006 ], [ -73.916285, 40.743017 ], [ -73.916223, 40.74303 ], [ -73.916162, 40.743045 ], [ -73.916102, 40.743061000000161 ], [ -73.912549, 40.744149 ], [ -73.910819, 40.744671000000139 ], [ -73.910763, 40.744687 ], [ -73.910706999999888, 40.744702 ], [ -73.91065, 40.744717 ], [ -73.910592, 40.744732 ], [ -73.910534999999868, 40.744747 ], [ -73.910476, 40.744761000000125 ], [ -73.910418, 40.744775 ], [ -73.910358, 40.744789000000132 ], [ -73.910299, 40.744803 ], [ -73.910238, 40.744816 ], [ -73.910178, 40.744829 ], [ -73.910116, 40.744842000000112 ], [ -73.910055, 40.744855 ], [ -73.909992999999872, 40.744867 ], [ -73.90993, 40.744879000000111 ], [ -73.907327, 40.745321 ], [ -73.907273, 40.7453280000001 ], [ -73.907219, 40.745335 ], [ -73.907166, 40.745341000000153 ], [ -73.907113, 40.745347000000137 ], [ -73.907062, 40.745352000000189 ], [ -73.90701, 40.745357 ], [ -73.90696, 40.745361 ], [ -73.906909999999868, 40.745365 ], [ -73.906861, 40.745368 ], [ -73.906813, 40.745371000000127 ], [ -73.906765, 40.745374 ], [ -73.906718, 40.745376 ], [ -73.906671, 40.745377000000126 ], [ -73.906625, 40.745378 ], [ -73.90658, 40.745379 ], [ -73.905696, 40.745386000000153 ], [ -73.905529, 40.745391 ], [ -73.905492999999865, 40.745392000000152 ], [ -73.905456, 40.745393 ], [ -73.905418, 40.745394 ], [ -73.90538, 40.745396 ], [ -73.90534, 40.745398 ], [ -73.905299, 40.7454 ], [ -73.905256, 40.745402 ], [ -73.905213, 40.745404 ], [ -73.905169, 40.745407000000107 ], [ -73.905123999999887, 40.74541 ], [ -73.905078, 40.745413 ], [ -73.90503, 40.745416000000112 ], [ -73.904982, 40.745420000000109 ], [ -73.904932, 40.745424 ], [ -73.904882, 40.745428 ], [ -73.902984, 40.745630000000112 ], [ -73.896403, 40.746325 ], [ -73.891394, 40.746848000000149 ], [ -73.883697, 40.747659 ], [ -73.876613, 40.748408 ], [ -73.869527, 40.749145000000141 ], [ -73.8627, 40.749865 ], [ -73.861615, 40.749981 ], [ -73.861521, 40.749992 ], [ -73.861428, 40.750004000000132 ], [ -73.861338, 40.750017000000177 ], [ -73.861249, 40.75003 ], [ -73.861162, 40.750045000000156 ], [ -73.861078, 40.750059 ], [ -73.860995, 40.750075 ], [ -73.860914, 40.750091 ], [ -73.860835, 40.750108 ], [ -73.860758, 40.750126000000122 ], [ -73.860682, 40.750144 ], [ -73.860609, 40.750163000000143 ], [ -73.860538, 40.750183 ], [ -73.860467999999855, 40.750204 ], [ -73.860401, 40.750225000000164 ], [ -73.855334, 40.751730000000151 ], [ -73.845625, 40.754622000000133 ], [ -73.841916, 40.755728 ], [ -73.841872, 40.755741 ], [ -73.841827, 40.755755000000136 ], [ -73.841782, 40.75577 ], [ -73.841735, 40.755786 ], [ -73.841686999999865, 40.755802 ], [ -73.841638, 40.75582 ], [ -73.841587, 40.755838 ], [ -73.841536, 40.755857 ], [ -73.841484, 40.755876000000157 ], [ -73.841431, 40.755897 ], [ -73.841376, 40.755918000000115 ], [ -73.841321, 40.75594 ], [ -73.841264, 40.755963 ], [ -73.841207, 40.755987000000111 ], [ -73.841148, 40.75601100000015 ], [ -73.837147, 40.757619000000133 ], [ -73.837103, 40.757635 ], [ -73.837059, 40.757651 ], [ -73.837015, 40.757666000000128 ], [ -73.836971, 40.75768 ], [ -73.836927, 40.757695 ], [ -73.836883, 40.757708 ], [ -73.83684, 40.75772200000015 ], [ -73.836796, 40.757734 ], [ -73.836753, 40.757747 ], [ -73.83671, 40.757758000000109 ], [ -73.836667, 40.75777 ], [ -73.836623, 40.757780000000125 ], [ -73.836581, 40.75779100000014 ], [ -73.836538, 40.757801000000129 ], [ -73.836495, 40.757810000000177 ], [ -73.834494, 40.758152 ], [ -73.834417, 40.758167000000171 ], [ -73.834342, 40.758182 ], [ -73.834268, 40.758197 ], [ -73.834196, 40.758213000000104 ], [ -73.834125, 40.758229000000185 ], [ -73.834057, 40.758245 ], [ -73.83399, 40.758262 ], [ -73.833925, 40.758279 ], [ -73.833861, 40.758296 ], [ -73.833799, 40.758314 ], [ -73.833739, 40.758332000000145 ], [ -73.83368, 40.75835 ], [ -73.833624, 40.758369 ], [ -73.833568, 40.758388 ], [ -73.833515, 40.758407000000119 ], [ -73.830623, 40.759409000000119 ], [ -73.830588, 40.759421 ], [ -73.830553, 40.759433000000165 ], [ -73.830519, 40.759445 ], [ -73.830486, 40.759456 ], [ -73.830453, 40.759467000000122 ], [ -73.830421, 40.759478000000108 ], [ -73.830389, 40.759488 ], [ -73.830359, 40.759498000000171 ], [ -73.830329, 40.759508000000139 ], [ -73.830299, 40.759517000000159 ], [ -73.83027, 40.759526 ], [ -73.830242, 40.759534000000123 ], [ -73.830215, 40.759543000000157 ], [ -73.830188, 40.75955 ], [ -73.830162, 40.759558 ], [ -73.83003, 40.7596 ] ] ] } },
    { "type": "Feature", "properties": { "Division": "BMT", "Line": "Astoria", "route_id": "W", "color": "#FFD503" }, "geometry": { "type": "MultiLineString", "coordinates": [ [ [ -73.980658, 40.764664000933294 ], [ -73.97949899999989, 40.766254000933351 ], [ -73.979437999999845, 40.766329000933268 ], [ -73.979374999999848, 40.766396000933298 ], [ -73.979307999999875, 40.766455000933284 ], [ -73.979238999999879, 40.766507000933316 ], [ -73.979166, 40.766550000933307 ], [ -73.979091, 40.766585000933262 ], [ -73.979011999999855, 40.766612000933335 ], [ -73.978931, 40.766632000933285 ], [ -73.978845999999876, 40.766643000933314 ], [ -73.978758999999897, 40.766646000933243 ], [ -73.978667999999843, 40.766641000933248 ], [ -73.978575, 40.766628000933288 ], [ -73.978478, 40.766606000933287 ], [ -73.978378999999862, 40.76657700093336 ], [ -73.978275999999781, 40.76654000093334 ], [ -73.974216999999882, 40.7648250009333 ], [ -73.974193, 40.76481600093328 ], [ -73.97417, 40.764808000933307 ], [ -73.974146, 40.764800000933235 ], [ -73.974120999999869, 40.764793000933317 ], [ -73.974097, 40.764787000933296 ], [ -73.974072999999848, 40.764782000933316 ], [ -73.974047999999883, 40.76477700093325 ], [ -73.974023999999886, 40.764773000933296 ], [ -73.973999, 40.764770000933275 ], [ -73.973973999999899, 40.764768000933287 ], [ -73.97394899999982, 40.764766000933271 ], [ -73.973923999999855, 40.764765000933309 ], [ -73.973898, 40.764765000933309 ], [ -73.973873, 40.764766000933278 ], [ -73.973846999999864, 40.764767000933254 ], [ -73.973347, 40.764811000933278 ], [ -73.972717999999873, 40.764873000933285 ], [ -73.972693999999805, 40.764873000933243 ], [ -73.972669999999894, 40.764873000933285 ], [ -73.972647, 40.764872000933266 ], [ -73.972622999999899, 40.764870000933243 ], [ -73.972599, 40.764867000933265 ], [ -73.972574999999878, 40.764864000933308 ], [ -73.97255, 40.764859000933278 ], [ -73.972525999999831, 40.764854000933312 ], [ -73.972501, 40.764849000933225 ], [ -73.972476, 40.764842000933307 ], [ -73.972449999999853, 40.764835000933317 ], [ -73.972425, 40.764827000933259 ], [ -73.972398999999825, 40.764819000933258 ], [ -73.972372999999848, 40.764809000933319 ], [ -73.972347, 40.764799000933323 ], [ -73.967258, 40.76266000093328 ], [ -73.959130999999843, 40.759230000933265 ], [ -73.946937999999889, 40.753765000933221 ], [ -73.944152, 40.752553000933204 ], [ -73.944135790999951, 40.75254593393327 ], [ -73.942083, 40.75165100093318 ], [ -73.942041, 40.751632000933199 ], [ -73.941999, 40.751612000933235 ], [ -73.94196, 40.751593000933255 ], [ -73.941921, 40.751573000933256 ], [ -73.94188399999986, 40.751552000933245 ], [ -73.941848, 40.75153200093321 ], [ -73.941814, 40.751511000933206 ], [ -73.941781, 40.751491000933193 ], [ -73.941748999999874, 40.751469000933184 ], [ -73.941717999999852, 40.751448000933244 ], [ -73.941688999999826, 40.751427000933212 ], [ -73.941660999999883, 40.75140500093319 ], [ -73.941634, 40.751383000933195 ], [ -73.941609, 40.751360000933211 ], [ -73.941585, 40.751338000933124 ], [ -73.941563, 40.751314000933185 ], [ -73.941539, 40.751290000933238 ], [ -73.941513999999884, 40.751266000933221 ], [ -73.941487, 40.75124100093322 ], [ -73.941459, 40.751217000933195 ], [ -73.941429, 40.751192000933244 ], [ -73.941397, 40.751167000933215 ], [ -73.941364, 40.751143000933254 ], [ -73.941329, 40.75111700093322 ], [ -73.941293, 40.751092000933156 ], [ -73.941255, 40.751067000933141 ], [ -73.941215, 40.751041000933235 ], [ -73.94117399999989, 40.751016000933191 ], [ -73.941131, 40.750990000933186 ], [ -73.941087, 40.750963000933247 ], [ -73.940202, 40.750582000933271 ], [ -73.939174, 40.750134000933258 ], [ -73.939074, 40.750093000933205 ], [ -73.938974, 40.750049000933217 ], [ -73.938874, 40.75000300093317 ], [ -73.938773999999896, 40.749956000933281 ], [ -73.938674, 40.749907000933192 ], [ -73.938573999999889, 40.749856000933235 ], [ -73.938475, 40.749804000933224 ], [ -73.938375, 40.749750000933233 ], [ -73.938276, 40.749694000933161 ], [ -73.938177, 40.749637000933191 ], [ -73.938078, 40.749578000933191 ], [ -73.937977999999816, 40.74951800093325 ], [ -73.937879999999879, 40.749456000933264 ], [ -73.937780999999831, 40.749392000933263 ], [ -73.937683, 40.749327000933192 ], [ -73.937599, 40.749282000933157 ], [ -73.937515, 40.749245000933179 ], [ -73.937430999999776, 40.749215000933241 ], [ -73.937348, 40.749192000933206 ], [ -73.937265, 40.74917600093319 ], [ -73.93718199999978, 40.749167000933234 ], [ -73.9371, 40.749166000933165 ], [ -73.937017999999853, 40.749172000933193 ], [ -73.936937, 40.749185000933231 ], [ -73.936856, 40.749205000933181 ], [ -73.936776, 40.749233000933259 ], [ -73.936696, 40.749267000933145 ], [ -73.936617, 40.74930900093316 ], [ -73.936537999999857, 40.749359000933147 ], [ -73.936459, 40.749415000933205 ], [ -73.935135, 40.750639000933184 ], [ -73.935097, 40.750674000933245 ], [ -73.935058999999853, 40.750709000933192 ], [ -73.935021, 40.750743000933255 ], [ -73.934984, 40.750777000933248 ], [ -73.934945999999897, 40.750810000933242 ], [ -73.934908, 40.750842000933218 ], [ -73.934870999999873, 40.750874000933166 ], [ -73.934833, 40.750906000933242 ], [ -73.934795999999864, 40.750936000933201 ], [ -73.934759, 40.750966000933268 ], [ -73.934721, 40.750996000933206 ], [ -73.934684, 40.75102500093319 ], [ -73.934647, 40.751053000933261 ], [ -73.934609999999878, 40.751081000933191 ], [ -73.93457299999983, 40.751108000933236 ], [ -73.934353759999837, 40.751246419933167 ] ], [ [ -73.9345044129999, 40.751151303933234 ], [ -73.934100999999856, 40.751406000933237 ], [ -73.934061, 40.751431000933209 ], [ -73.934021999999842, 40.751458000933212 ], [ -73.933984, 40.751485000933265 ], [ -73.933945999999864, 40.75151300093323 ], [ -73.933908, 40.751542000933242 ], [ -73.93387199999988, 40.751572000933145 ], [ -73.933835999999872, 40.751602000933197 ], [ -73.9338, 40.751634000933315 ], [ -73.933765999999821, 40.751666000933234 ], [ -73.933731, 40.751700000933212 ], [ -73.933698, 40.751734000933212 ], [ -73.933665, 40.75176900093323 ], [ -73.933633, 40.751805000933182 ], [ -73.933601, 40.751841000933283 ], [ -73.933569999999889, 40.751879000933201 ], [ -73.932755, 40.752882000933248 ], [ -73.929574999999886, 40.756804000933208 ], [ -73.925507999999809, 40.761820000933206 ], [ -73.921478999999792, 40.766779000933312 ], [ -73.920794999999856, 40.767617000933235 ], [ -73.920746, 40.767672000933224 ], [ -73.92069599999985, 40.767726000933351 ], [ -73.920646, 40.76778000093335 ], [ -73.920593999999824, 40.767835000933303 ], [ -73.920541999999855, 40.767889000933252 ], [ -73.920489, 40.767942000933374 ], [ -73.920435999999825, 40.767996000933259 ], [ -73.920382, 40.768050000933336 ], [ -73.920327, 40.768103000933259 ], [ -73.920271, 40.768157000933215 ], [ -73.920215, 40.768210000933301 ], [ -73.92015799999983, 40.768263000933366 ], [ -73.9201, 40.768316000933289 ], [ -73.920041, 40.768368000933322 ], [ -73.919982, 40.768421000933351 ], [ -73.91784299999982, 40.770258000933346 ], [ -73.912034, 40.775036000933298 ] ] ] } },
    { "type": "Feature", "properties": { "Division": "BMT", "Line": "Broadway", "route_id": "W", "color": "#FFD503" }, "geometry": { "type": "MultiLineString", "coordinates": [ [ [ -74.012994, 40.703087000932868 ], [ -74.013114, 40.703592000933028 ], [ -74.013127999999881, 40.703655000932898 ], [ -74.013142, 40.703722000932956 ], [ -74.013156, 40.70379200093295 ], [ -74.013171, 40.703865000932971 ], [ -74.013185, 40.703942000932969 ], [ -74.013199, 40.704023000933049 ], [ -74.013213, 40.70410700093295 ], [ -74.013227, 40.704194000932958 ], [ -74.013241, 40.704285000932963 ], [ -74.013255, 40.70437900093301 ], [ -74.013269, 40.704477000932997 ], [ -74.013284, 40.704578000932976 ], [ -74.013298, 40.704683000932974 ], [ -74.013312, 40.704791000932985 ], [ -74.013325999999893, 40.704903000932973 ], [ -74.013331, 40.704946000932999 ], [ -74.013338, 40.704989000933011 ], [ -74.013347, 40.705030000933057 ], [ -74.013358, 40.705072000932923 ], [ -74.013370999999893, 40.705114000932973 ], [ -74.013386, 40.705155000932997 ], [ -74.013404, 40.705196000933029 ], [ -74.013423, 40.705236000933013 ], [ -74.013444, 40.705277000933002 ], [ -74.013466999999892, 40.705317000933015 ], [ -74.013493, 40.705357000932999 ], [ -74.01352, 40.70539600093295 ], [ -74.013548999999884, 40.705436000933027 ], [ -74.013581, 40.705475000933006 ], [ -74.013614, 40.705514000932979 ], [ -74.013816, 40.705755000933017 ], [ -74.01387, 40.705820000933066 ], [ -74.01391799999989, 40.70588400093299 ], [ -74.013957999999874, 40.705946000932954 ], [ -74.013992, 40.706007000932978 ], [ -74.014018, 40.706067000933018 ], [ -74.014037, 40.706126000932976 ], [ -74.01405, 40.706184000932915 ], [ -74.014055, 40.706241000932977 ], [ -74.014053, 40.70629700093302 ], [ -74.014044, 40.706352000932952 ], [ -74.014027999999897, 40.706406000932994 ], [ -74.014004999999869, 40.706459000932988 ], [ -74.013975, 40.706511000932963 ], [ -74.013938, 40.706562000933076 ], [ -74.013893999999894, 40.706611000932988 ], [ -74.013569, 40.706959000932997 ], [ -74.013554, 40.706975000933042 ], [ -74.013539, 40.706992000932942 ], [ -74.013523, 40.707008000933023 ], [ -74.013508, 40.707025000932973 ], [ -74.013493, 40.707042000933114 ], [ -74.013478, 40.707059000932993 ], [ -74.013463, 40.707076000933021 ], [ -74.013447, 40.707094000932976 ], [ -74.013432, 40.707111000932976 ], [ -74.013417, 40.707129000933037 ], [ -74.013402, 40.707147000933027 ], [ -74.013387, 40.707165000932946 ], [ -74.013372, 40.707183000932986 ], [ -74.013357, 40.707201000933033 ], [ -74.013342, 40.707220000933013 ], [ -74.013314, 40.70725400093302 ], [ -74.013286, 40.707290000933007 ], [ -74.013258, 40.707326000933001 ], [ -74.013232, 40.707362000933045 ], [ -74.013205, 40.707400000932928 ], [ -74.013179, 40.707438000932953 ], [ -74.013153, 40.707477000933004 ], [ -74.011029, 40.710668000933005 ], [ -74.010465, 40.711537000933035 ], [ -74.01042, 40.711587000933079 ], [ -74.010373, 40.711631000933075 ], [ -74.010323, 40.711669000933021 ], [ -74.01027, 40.711701000932962 ], [ -74.010215, 40.711728000933121 ], [ -74.010157, 40.711748000933099 ], [ -74.010096, 40.711762000933057 ], [ -74.010031999999882, 40.711770000933022 ], [ -74.009965, 40.711773000933007 ], [ -74.009895999999898, 40.711769000933046 ], [ -74.009824, 40.711760000933005 ], [ -74.009748999999886, 40.711744000933002 ], [ -74.009672, 40.711723000933091 ], [ -74.009592, 40.711695000933041 ], [ -74.009509, 40.711662000932975 ], [ -74.009410999999872, 40.711623000933052 ], [ -74.009327, 40.711589000933003 ], [ -74.009245, 40.711561000933102 ], [ -74.009165, 40.71153700093312 ], [ -74.009087, 40.711519000933045 ], [ -74.009011, 40.711507000933011 ], [ -74.008937, 40.711500000933057 ], [ -74.008865, 40.71149800093297 ], [ -74.008794, 40.711501000932977 ], [ -74.008725, 40.71151000093306 ], [ -74.008659, 40.711525000933023 ], [ -74.008594, 40.711544000933038 ], [ -74.008531, 40.711569000933039 ], [ -74.00847, 40.711599000933042 ], [ -74.00841, 40.711635000933057 ], [ -74.008353, 40.711676000933089 ], [ -74.007711, 40.712478000932983 ], [ -74.007703, 40.712488000933092 ], [ -74.007694, 40.71249700093302 ], [ -74.007686, 40.712507000933037 ], [ -74.007677, 40.712516000933057 ], [ -74.007669, 40.71252500093297 ], [ -74.00766, 40.712533000933064 ], [ -74.007650999999868, 40.712542000932963 ], [ -74.007641, 40.712550000933049 ], [ -74.007631999999887, 40.712558000933036 ], [ -74.007623, 40.712566000932995 ], [ -74.007613, 40.712574000933074 ], [ -74.007603, 40.712582000933075 ], [ -74.007593, 40.7125890009331 ], [ -74.007583, 40.712596000933026 ], [ -74.007573, 40.712603000933029 ], [ -74.007562999999877, 40.71261000093304 ], [ -74.007553, 40.712618000933126 ], [ -74.007544, 40.712625000933066 ], [ -74.007534999999891, 40.712633000933032 ], [ -74.007526, 40.712640000933114 ], [ -74.007517, 40.712648000933008 ], [ -74.007508, 40.71265600093308 ], [ -74.0075, 40.712664000933096 ], [ -74.007492, 40.712672000933075 ], [ -74.007484, 40.712680000932984 ], [ -74.007476, 40.712688000933134 ], [ -74.007468, 40.712697000932977 ], [ -74.007461, 40.712705000933006 ], [ -74.007453999999896, 40.712713000933071 ], [ -74.007447, 40.712722000933063 ], [ -74.006978, 40.713282000933035 ], [ -74.00637399999988, 40.71401100093297 ], [ -74.006368, 40.714018000933009 ], [ -74.006363, 40.71402500093307 ], [ -74.006357, 40.714032000933045 ], [ -74.006352, 40.714039000933077 ], [ -74.006347, 40.714046000933045 ], [ -74.006342, 40.714054000933018 ], [ -74.006337, 40.714061000933107 ], [ -74.006333, 40.714069000933002 ], [ -74.006329, 40.714076000933069 ], [ -74.006324, 40.71408400093307 ], [ -74.006321, 40.714092000933064 ], [ -74.006317, 40.714100000932952 ], [ -74.006313, 40.714108000933059 ], [ -74.00631, 40.714116000933025 ], [ -74.006307, 40.714124000933033 ], [ -74.006303, 40.714133000933053 ], [ -74.006299, 40.714141000933019 ], [ -74.006296, 40.714150000933067 ], [ -74.006292, 40.714158000933004 ], [ -74.006288, 40.714166000933076 ], [ -74.006282999999868, 40.714174000933028 ], [ -74.006279, 40.714181000933046 ], [ -74.006275, 40.714189000933033 ], [ -74.00627, 40.714196000933008 ], [ -74.006266, 40.714203000933082 ], [ -74.006261, 40.714210000933043 ], [ -74.006257, 40.714217000933033 ], [ -74.006252, 40.714223000933096 ], [ -74.006246999999888, 40.714230000933028 ], [ -74.006242, 40.71423600093312 ], [ -74.001774999999895, 40.719527000933077 ], [ -74.001429, 40.719930000933019 ], [ -73.997701999999848, 40.724329000933125 ], [ -73.992628999999837, 40.730328000933127 ], [ -73.991682999999867, 40.731445000933157 ], [ -73.991649, 40.731485000933191 ], [ -73.991616999999849, 40.731526000933151 ], [ -73.991586, 40.731567000933133 ], [ -73.991557999999898, 40.731609000933098 ], [ -73.991531, 40.731651000933176 ], [ -73.991504999999876, 40.731693000933127 ], [ -73.991481999999849, 40.731736000933132 ], [ -73.99146, 40.731779000933109 ], [ -73.991439999999827, 40.731822000933299 ], [ -73.991421999999872, 40.731866000933081 ], [ -73.991406, 40.73191000093307 ], [ -73.991391, 40.731954000933136 ], [ -73.991378, 40.731999000933079 ], [ -73.991367, 40.732044000933158 ], [ -73.991358, 40.732090000933006 ], [ -73.990568, 40.735736000933123 ], [ -73.990206, 40.737433000933173 ], [ -73.990194999999886, 40.737476000933214 ], [ -73.990185999999881, 40.737519000933162 ], [ -73.990176, 40.737563000933079 ], [ -73.990165999999888, 40.737608000933186 ], [ -73.990154999999831, 40.737653000933193 ], [ -73.990144, 40.73769800093315 ], [ -73.990134, 40.737745000933224 ], [ -73.990122, 40.737792000933126 ], [ -73.990110999999814, 40.737839000933199 ], [ -73.990099, 40.737887000933128 ], [ -73.990088, 40.737936000933111 ], [ -73.990076, 40.737985000933065 ], [ -73.990063, 40.738035000933138 ], [ -73.990051, 40.738085000933218 ], [ -73.990037, 40.738136000933132 ], [ -73.989604, 40.739792000933207 ], [ -73.98959, 40.739844000933161 ], [ -73.989578, 40.739894000933056 ], [ -73.989566, 40.73994500093319 ], [ -73.989554, 40.739995000933156 ], [ -73.989543, 40.740045000933137 ], [ -73.989531999999897, 40.740095000933152 ], [ -73.989522, 40.740145000933182 ], [ -73.989511999999806, 40.74019500093317 ], [ -73.989503, 40.740244000933195 ], [ -73.989493999999894, 40.74029400093319 ], [ -73.989485, 40.740343000933173 ], [ -73.989477, 40.740392000933149 ], [ -73.989469, 40.740441000933139 ], [ -73.989462, 40.74048900093306 ], [ -73.98945499999985, 40.740538000933221 ], [ -73.989344, 40.741303000933144 ], [ -73.989192, 40.742643000933143 ], [ -73.989186, 40.742700000933212 ], [ -73.98917999999982, 40.742757000933153 ], [ -73.989173, 40.742812000933114 ], [ -73.989166, 40.742867000933202 ], [ -73.98916, 40.742920000933147 ], [ -73.989153, 40.742973000933219 ], [ -73.989145999999835, 40.743025000933137 ], [ -73.989138, 40.743075000933096 ], [ -73.989131, 40.743125000933183 ], [ -73.989123, 40.743173000933204 ], [ -73.989115999999868, 40.743221000933154 ], [ -73.989108, 40.743268000933249 ], [ -73.989099999999823, 40.743314000933196 ], [ -73.989091, 40.743358000933149 ], [ -73.98908299999988, 40.743402000933195 ], [ -73.988690999999847, 40.745494000933171 ], [ -73.98795, 40.749567000933268 ], [ -73.98756999999982, 40.751815000933199 ], [ -73.987556, 40.751893000933222 ], [ -73.987540999999808, 40.751971000933253 ], [ -73.987525999999889, 40.752049000933155 ], [ -73.987509999999844, 40.752127000933214 ], [ -73.987493, 40.752204000933169 ], [ -73.987475, 40.752282000933256 ], [ -73.987456999999836, 40.75236000093323 ], [ -73.987436999999858, 40.752438000933203 ], [ -73.98741699999978, 40.752516000933248 ], [ -73.987395999999819, 40.75259300093321 ], [ -73.987375, 40.752671000933304 ], [ -73.987352999999857, 40.75274900093325 ], [ -73.987329, 40.752827000933131 ], [ -73.987306, 40.752904000933206 ], [ -73.987280999999854, 40.75298200093318 ], [ -73.986754, 40.75467200093324 ], [ -73.986201, 40.75643000093325 ], [ -73.986154, 40.756569000933304 ], [ -73.986106, 40.756705000933245 ], [ -73.986055999999834, 40.756839000933269 ], [ -73.98600299999984, 40.756971000933291 ], [ -73.985949, 40.757101000933183 ], [ -73.985893, 40.757229000933165 ], [ -73.985835, 40.757354000933312 ], [ -73.985775, 40.757477000933306 ], [ -73.985712, 40.75759900093324 ], [ -73.985648, 40.757718000933302 ], [ -73.985582, 40.757835000933142 ], [ -73.985513999999867, 40.757949000933245 ], [ -73.985444, 40.758062000933251 ], [ -73.985371, 40.758173000933233 ], [ -73.985298, 40.758280000933247 ], [ -73.984139, 40.759901000933311 ], [ -73.980658, 40.764664000933294 ] ] ] } },
    { "type": "Feature", "properties": { "Division": "BMT", "Line": "Second Avenue", "route_id": "Q", "color": "#FFD503" }, "geometry": { "type": "MultiLineString", "coordinates": [ [ [ -73.980657999999877, 40.764664000933294 ], [ -73.980623855206773, 40.764710843084337 ], [ -73.979499, 40.766254000933394 ], [ -73.977756684645399, 40.768641433836166 ], [ -73.977693684645288, 40.768708431504841 ], [ -73.977626684645344, 40.768767429451621 ], [ -73.977557684645333, 40.768819427642448 ], [ -73.977484684645319, 40.768862426145951 ], [ -73.977409684645508, 40.768897424927978 ], [ -73.977330684645452, 40.768924423988636 ], [ -73.9772496846454, 40.768944423292645 ], [ -73.977164684645288, 40.768955422909961 ], [ -73.977077684645366, 40.768958422805461 ], [ -73.976986684645311, 40.768953422979557 ], [ -73.976893684645404, 40.7689404234318 ], [ -73.976796684645194, 40.768918424197494 ], [ -73.976697684645359, 40.76888942520641 ], [ -73.976594684645249, 40.768852426494092 ], [ -73.973232816535457, 40.76753077023519 ], [ -73.97133, 40.766827000933311 ], [ -73.966372179806925, 40.764719247349298 ] ], [ [ -73.94717766974459, 40.784326536054749 ], [ -73.951817618705846, 40.777842504813769 ], [ -73.958480109522299, 40.768741066466589 ], [ -73.96114652636183, 40.764993507077612 ], [ -73.961255308330223, 40.764850601463777 ], [ -73.961507200069789, 40.76458846164617 ], [ -73.961582193085533, 40.764533916270416 ], [ -73.961675206941734, 40.764470896074954 ], [ -73.961722260071554, 40.764441270089016 ], [ -73.961772175361617, 40.76441275987326 ], [ -73.961825224807043, 40.764385208859956 ], [ -73.961881874893706, 40.764358374091216 ], [ -73.961941623901993, 40.76433242611828 ], [ -73.962006688645189, 40.764306341798616 ], [ -73.962164944384426, 40.764249003791065 ], [ -73.962260047965898, 40.764218612386792 ], [ -73.962364305620454, 40.764190122888344 ], [ -73.96248031202019, 40.76416272950253 ], [ -73.962625873741956, 40.764132218378833 ], [ -73.962730792461016, 40.76411262132234 ], [ -73.962839139522941, 40.764095432478634 ], [ -73.962951290962508, 40.764080591634325 ], [ -73.96306780351037, 40.764068024749633 ], [ -73.963188777899319, 40.764057700605292 ], [ -73.963315864004812, 40.764049459387174 ], [ -73.963450491634447, 40.764043204252332 ], [ -73.963595745932778, 40.764038790049405 ], [ -73.96375878032967, 40.764035811485186 ], [ -73.963896155848602, 40.76403524917054 ], [ -73.964021579173462, 40.764037052578381 ], [ -73.964138058980339, 40.764041297024761 ], [ -73.964249887258433, 40.764048212662651 ], [ -73.964356241567216, 40.764057829452312 ], [ -73.964458089482292, 40.764070235748193 ], [ -73.964556015428172, 40.764085504214208 ], [ -73.964638803585018, 40.76410084950767 ], [ -73.964721821342209, 40.764118118765097 ], [ -73.964804962061365, 40.764137289811863 ], [ -73.964888115434746, 40.764158337221339 ], [ -73.964971173068022, 40.764181233676354 ], [ -73.965054017110731, 40.764205946809646 ], [ -73.965287427872042, 40.764286745945178 ], [ -73.966372179806925, 40.764732016356149 ] ] ] } },
    { "type": "Feature", "properties": { "Division": "IND", "Line": "Queens", "route_id": "E", "color": "#0062CF" }, "geometry": { "type": "MultiLineString", "coordinates": [ [ [ -73.98531031899995, 40.763378141933252 ], [ -73.985242, 40.76345500093327 ], [ -73.985157, 40.763535000933267 ], [ -73.985068, 40.763606000933251 ], [ -73.984976, 40.763668000933272 ], [ -73.984879, 40.76372000093324 ], [ -73.984778, 40.763763000933245 ], [ -73.984674, 40.763797000933288 ], [ -73.984565, 40.763821000933277 ], [ -73.984453, 40.763836000933217 ], [ -73.984337, 40.763842000933259 ], [ -73.984216, 40.763838000933276 ], [ -73.984092, 40.763825000933252 ], [ -73.983964, 40.763803000933258 ], [ -73.983832, 40.763771000933282 ], [ -73.983698, 40.763731000933262 ], [ -73.981663, 40.762874000933287 ], [ -73.981637, 40.762862000933247 ], [ -73.980212, 40.762259000933241 ], [ -73.976697, 40.760789000933222 ], [ -73.975224, 40.760167000933286 ], [ -73.969055, 40.757552000933202 ], [ -73.962705, 40.754872000933219 ], [ -73.96263, 40.754839000933217 ], [ -73.962555, 40.754803000933201 ], [ -73.962481, 40.754767000933228 ], [ -73.962407, 40.754730000933215 ], [ -73.962335, 40.754693000933202 ], [ -73.962264, 40.754655000933234 ], [ -73.962194, 40.75461700093323 ], [ -73.962124, 40.754577000933203 ], [ -73.962056, 40.754538000933195 ], [ -73.961989, 40.754497000933249 ], [ -73.961923, 40.754456000933203 ], [ -73.961857, 40.754414000933203 ], [ -73.961793, 40.754372000933209 ], [ -73.961729, 40.754329000933197 ], [ -73.961669, 40.754285000933187 ], [ -73.957251, 40.751182000933177 ], [ -73.956916, 40.750975000933188 ], [ -73.956583, 40.75077800093316 ], [ -73.956251, 40.750591000933206 ], [ -73.95592, 40.750413000933186 ], [ -73.95559, 40.750244000933222 ], [ -73.955261, 40.750085000933218 ], [ -73.954933, 40.749935000933185 ], [ -73.954605, 40.749795000933197 ], [ -73.954279, 40.749664000933201 ], [ -73.953954, 40.749543000933187 ], [ -73.953629, 40.749430000933224 ], [ -73.953305, 40.74932800093319 ], [ -73.952983, 40.749234000933193 ], [ -73.952661, 40.749151000933182 ], [ -73.952344, 40.749075000933175 ], [ -73.946, 40.74784600093318 ], [ -73.943479, 40.747357000933206 ], [ -73.943338, 40.747329000933156 ], [ -73.943199, 40.747306000933165 ], [ -73.943063, 40.747287000933156 ], [ -73.942927, 40.747273000933184 ], [ -73.942794, 40.747264000933164 ], [ -73.942663, 40.74725900093317 ], [ -73.942533, 40.747258000933165 ], [ -73.942405, 40.747263000933145 ], [ -73.942279, 40.747272000933194 ], [ -73.942155, 40.747285000933147 ], [ -73.942033, 40.747303000933172 ], [ -73.941913, 40.747326000933185 ], [ -73.941794, 40.74735300093316 ], [ -73.941678, 40.7473850009332 ], [ -73.941563, 40.74742100093318 ], [ -73.93978, 40.748061000933205 ], [ -73.937243, 40.748973000933184 ], [ -73.93717, 40.748999000933168 ], [ -73.937099, 40.749025000933216 ], [ -73.93703, 40.749054000933192 ], [ -73.936963, 40.749083000933176 ], [ -73.936897, 40.749114000933211 ], [ -73.936834, 40.749146000933202 ], [ -73.936772, 40.749180000933229 ], [ -73.936712, 40.749215000933191 ], [ -73.936655, 40.749251000933228 ], [ -73.936599, 40.749288000933184 ], [ -73.936544, 40.749327000933192 ], [ -73.936492, 40.749367000933219 ], [ -73.936442, 40.749408000933215 ], [ -73.936394, 40.749451000933199 ], [ -73.936347, 40.749495000933152 ], [ -73.935094, 40.750660000933202 ], [ -73.934913, 40.750826000933216 ], [ -73.934726, 40.750981000933159 ], [ -73.934532, 40.7511250009332 ], [ -73.934331, 40.751258000933213 ], [ -73.934288576657877, 40.751282764864996 ] ] ] } }
    ]
    }
    